Price,Close,High,Low,Open,Volume,Date,Return,Daily_Range,MA_7,MA_30,Volatility_7,Year,Month,DayOfWeek,Lag_1,Lag_7,Volume_MA_7
2014-03-17,4.711997032165527,4.85016815549002,4.425025639793251,4.425025639793251,68200,2014-03-17,,0.425142515696769,,,,2014,3,0,,,
2014-03-18,5.048568248748779,5.278853682840762,4.694282757608514,4.711997099740122,135600,2014-03-18,0.0714285714285714,0.5845709252322484,,,,2014,3,1,4.711997032165527,,
2014-03-19,4.959996223449707,5.101710266113384,4.90685354191906,5.013138904980353,25600,2014-03-19,-0.017543988896460583,0.19485672419432465,,,,2014,3,2,5.048568248748779,,
2014-03-20,4.959996223449707,4.959996223449707,4.889493292947593,4.959996223449707,8200,2014-03-20,0.0,0.07050293050211387,,,,2014,3,3,4.959996223449707,,
2014-03-21,4.69074010848999,4.92456849288367,4.60571166650556,4.92456849288367,10600,2014-03-21,-0.054285548381415416,0.3188568263781093,,,,2014,3,4,4.959996223449707,,
2014-03-24,4.400225639343262,4.623425529787973,4.2691400537562965,4.623425529787973,57400,2014-03-24,-0.0619336101398823,0.35428547603167626,,,,2014,3,0,4.69074010848999,,
2014-03-25,4.761595249176025,4.761595249176025,4.322281469155266,4.463995820624222,8200,2014-03-25,0.08212524526053588,0.4393137800207594,4.790445532117571,,,2014,3,1,4.400225639343262,,44828.57142857143
2014-03-26,4.417940616607666,4.74742592698738,4.339997706057698,4.463997775665693,25200,2014-03-26,-0.07217216386206438,0.407428220929682,4.748437472752163,,0.06292048939112473,2014,3,2,4.761595249176025,4.711997032165527,38685.71428571428
2014-03-27,4.651769161224365,4.67656904080093,4.446283575916494,4.446283575916494,50600,2014-03-27,0.052927045632461533,0.23028546488443613,4.691751888820103,,0.05933992737106953,2014,3,3,4.417940616607666,5.048568248748779,26542.85714285714
2014-03-28,4.605711936950684,4.605711936950684,4.601460480814519,4.601460480814519,4200,2014-03-28,-0.009901012427185663,0.0042514561361644,4.641139847891671,,0.05925093973661321,2014,3,4,4.651769161224365,4.959996223449707,23485.714285714286
2014-03-31,4.648225784301758,4.743883032815285,4.623425907075133,4.743883032815285,43200,2014-03-31,0.009230678759996724,0.12045712574015166,4.596601213727679,,0.05958727727515446,2014,3,0,4.605711936950684,4.959996223449707,28485.714285714286
2014-04-01,4.634053707122803,4.676567921019817,4.625196705929943,4.676567921019817,14600,2014-04-01,-0.003048921854617692,0.05137121508987441,4.588503156389509,,0.05594916513352552,2014,4,1,4.648225784301758,4.69074010848999,29057.14285714286
2014-04-02,4.609254360198975,4.641140108733659,4.534854392909038,4.641140108733659,9800,2014-04-02,-0.005351544995197188,0.10628571582462065,4.61836440222604,,0.04926490457709365,2014,4,2,4.634053707122803,4.400225639343262,22257.14285714286
2014-04-03,4.563197612762451,4.637597586693964,4.538397734076282,4.637597586693964,9400,2014-04-03,-0.009992233848976628,0.09919985261768183,4.590021882738386,,0.036790994442710195,2014,4,3,4.609254360198975,4.761595249176025,22428.571428571428
2014-04-04,4.435655117034912,4.58445473279233,4.428569244065358,4.58445473279233,20800,2014-04-04,-0.027950245979009414,0.15588548872697228,4.592552525656564,,0.025490218693228005,2014,4,4,4.563197612762451,4.417940616607666,21800.0
2014-04-07,4.428568363189697,4.432111298969757,4.251425628662109,4.428568363189697,22600,2014-04-07,-0.0015976791833969273,0.18068567030764804,4.560666697365897,,0.011307880341720821,2014,4,0,4.435655117034912,4.651769161224365,17800.0
2014-04-08,4.304569244384766,4.428569320508205,4.25496948423381,4.4250263839622725,17000,2014-04-08,-0.027999820401467312,0.1735998362743949,4.517646312713623,,0.01387444911182728,2014,4,1,4.428568363189697,4.605711936950684,19628.571428571428
2014-04-09,4.251424789428711,4.304567464147416,4.212453517159854,4.29287604867947,8000,2014-04-09,-0.01234605646671394,0.09211394698756248,4.460960456303188,,0.01113899037702744,2014,4,2,4.304569244384766,4.648225784301758,14600.0
2014-04-10,4.254969596862793,4.262055132269187,4.163563791221767,4.215997969572006,70600,2014-04-10,0.0008337928129167338,0.09849134104741974,4.406805583408901,,0.0117731945384323,2014,4,3,4.251424789428711,4.634053707122803,22600.0
2014-04-11,4.240797519683838,4.240797519683838,4.218831721427804,4.218831721427804,13600,2014-04-11,-0.0033307117374949957,0.02196579825603351,4.354168891906738,,0.011987861966029785,2014,4,4,4.254969596862793,4.609254360198975,23142.85714285714
2014-04-14,4.230169296264648,4.230169296264648,4.127426500815638,4.1628551907799975,15200,2014-04-14,-0.0025061850677515762,0.10274279544901077,4.306593418121338,,0.012495932046889797,2014,4,0,4.240797519683838,4.563197612762451,23971.428571428572
2014-04-15,4.152226448059082,4.198283606858886,4.127426231552723,4.127426231552723,18800,2014-04-15,-0.018425467811510998,0.0708573753061632,4.266103608267648,,0.01069293499757825,2014,4,1,4.230169296264648,4.435655117034912,23685.714285714286
2014-04-16,4.215996742248535,4.233711082417231,4.177025464175754,4.180568399784081,15400,2014-04-16,0.015358096430232449,0.056685618241476554,4.235736233847482,,0.014112501919926674,2014,4,2,4.152226448059082,4.428568363189697,22657.14285714286
2014-04-17,4.251424789428711,4.258510659590078,4.230167516817498,4.233710451898181,79200,2014-04-17,0.00840324349047794,0.028343142772579988,4.22814416885376,,0.011517098899361823,2014,4,3,4.215996742248535,4.304569244384766,31542.85714285714
2014-04-21,4.145140647888184,4.254969311235511,4.127426303751775,4.254969311235511,8600,2014-04-21,-0.024999652305929487,0.12754300748373648,4.212960720062256,,0.014154585554957062,2014,4,0,4.251424789428711,4.251424789428711,31628.571428571428
2014-04-22,4.1699419021606445,4.244341557870113,4.1564790107828085,4.159313090310924,10800,2014-04-22,0.0059832117602804935,0.08786254708730468,4.200813906533377,,0.014547168999253403,2014,4,1,4.145140647888184,4.254969596862793,23085.714285714286
2014-04-23,4.16285514831543,4.215997844846843,3.716455281108675,4.138055268317174,33800,2014-04-23,-0.0016994850315643628,0.4995425637381681,4.189679282052176,,0.014550095294125293,2014,4,2,4.1699419021606445,4.240797519683838,25971.428571428572
2014-04-24,3.989254951477051,4.109712079775785,3.971895037049679,4.109712079775785,8000,2014-04-24,-0.04170219492470906,0.1378170427261063,4.1552629470825195,,0.020749469644319986,2014,4,3,4.16285514831543,4.230169296264648,24942.85714285714
2014-04-25,4.166396141052246,4.240796084209353,4.017596254738033,4.017596254738033,7200,2014-04-25,0.04440457973477163,0.22319982947132022,4.157287188938686,,0.027917364603825445,2014,4,4,3.989254951477051,4.152226448059082,23285.714285714286
2014-04-28,4.180569171905518,4.247883271531472,4.177026235642836,4.240797736879108,23800,2014-04-28,0.0034017482671948596,0.07085703588863623,4.152226107461112,4.441441059112549,0.027237196564563776,2014,4,0,4.166396141052246,4.215996742248535,24485.714285714286
2014-04-29,4.194741249084473,4.24788395002087,4.148684083932171,4.148684083932171,12400,2014-04-29,0.003389987486439594,0.09919986608869902,4.144128458840506,4.424199199676513,0.027017227569287542,2014,4,1,4.180569171905518,4.251424789428711,14942.857142857143
2014-04-30,4.102626800537109,4.1274266818762575,4.0955412649572285,4.1274266818762575,1200,2014-04-30,-0.02195950669602509,0.03188541691902902,4.1380550520760675,4.392667818069458,0.026599648754331805,2014,4,2,4.194741249084473,4.145140647888184,13885.714285714286
2014-05-01,4.130969047546387,4.14336898650182,4.130969047546387,4.14336898650182,1400,2014-05-01,0.006908317131250286,0.012399938955433676,4.132487501416888,4.365033578872681,0.026643367491630786,2014,5,3,4.102626800537109,4.1699419021606445,12542.857142857143
2014-05-02,4.152226448059082,4.233711956638961,4.152226448059082,4.233711956638961,2200,2014-05-02,0.005145862936281498,0.08148550857987935,4.130969115665981,4.338107919692993,0.02674043193023754,2014,5,4,4.130969047546387,4.16285514831543,8028.571428571428
2014-05-05,4.16285514831543,4.233712189648322,4.060112353914481,4.177026556582009,22400,2014-05-05,0.002559759297645181,0.17359983573384064,4.155769143785749,4.320511754353841,0.019506876389263555,2014,5,0,4.152226448059082,3.989254951477051,10085.714285714286
2014-05-06,4.074283599853516,4.155769109671541,4.074283599853516,4.155769109671541,1400,2014-05-06,-0.021276634738961797,0.08148550981802494,4.1426102093287875,4.309647019704183,0.012719111750884747,2014,5,1,4.16285514831543,4.166396141052246,9257.142857142857
2014-05-07,4.173482894897461,4.180568766736081,4.042397306739696,4.152225955127535,6000,2014-05-07,0.024347665696985876,0.1381714599963848,4.141597884041922,4.290043274561564,0.01643097331037575,2014,5,2,4.074283599853516,4.180569171905518,6714.285714285715
2014-05-08,4.180569171905518,4.180569171905518,4.180569171905518,4.180569171905518,16800,2014-05-08,0.0016979288490004407,0.0,4.139573301587786,4.282130893071493,0.016382997338872184,2014,5,3,4.173482894897461,4.194741249084473,7342.857142857143
2014-05-09,4.084910869598389,4.155767887265832,4.084910869598389,4.148682354435544,4000,2014-05-09,-0.022881645626145142,0.07085701766744368,4.1370424543108255,4.26323561668396,0.016587972809501212,2014,5,4,4.180569171905518,4.102626800537109,7742.857142857143
2014-05-12,4.180569171905518,4.187654706557882,4.146203433478104,4.152226357550063,11800,2014-05-12,0.023417476013750438,0.041451273079777806,4.14412818636213,4.2490641911824545,0.018837841295973507,2014,5,0,4.084910869598389,4.130969047546387,9228.57142857143
2014-05-13,4.10971212387085,4.113254722250063,4.03885475031863,4.077826373346951,12200,2014-05-13,-0.01694913900978967,0.07439997193143277,4.138054711478097,4.231113735834757,0.02000987496488541,2014,5,1,4.180569171905518,4.152226448059082,10657.142857142857
2014-05-14,4.092351913452148,4.177026266236215,4.003426442569326,4.003426442569326,9600,2014-05-14,-0.004224191353420115,0.17359982366688875,4.127982820783343,4.213057009379069,0.019956114476970228,2014,5,2,4.10971212387085,4.16285514831543,8828.57142857143
2014-05-15,4.074283599853516,4.074283599853516,4.0530263193640685,4.0530263193640685,2200,2014-05-15,-0.004415141703537184,0.021257280489447083,4.127982820783343,4.1952246507008875,0.01822136752981,2014,5,3,4.092351913452148,4.074283599853516,8942.857142857143
2014-05-16,4.070740699768066,4.070740699768066,4.028226476282984,4.028226476282984,1200,2014-05-16,-0.0008695762085821901,0.0425142234850826,4.113305364336286,4.178809420267741,0.01481196989950872,2014,5,4,4.074283599853516,4.173482894897461,8257.142857142857
2014-05-19,4.003425598144531,4.021139937978276,3.978625387228116,4.003425598144531,28200,2014-05-19,-0.016536327560085162,0.04251455075016031,4.087999139513288,4.1644017696380615,0.015347270008702726,2014,5,0,4.070740699768066,4.180569171905518,9885.714285714286
2014-05-20,4.056569576263428,4.056569576263428,3.9679981866599774,3.9679981866599774,8400,2014-05-20,0.01327462614605035,0.08857138960345035,4.08395038332258,4.152001810073853,0.014819675338324841,2014,5,1,4.003425598144531,4.084910869598389,10514.285714285714
2014-05-21,4.053027153015137,4.056570090137613,4.035313143148919,4.056570090137613,2800,2014-05-21,-0.0008732558832514892,0.021256946988693848,4.065730094909668,4.143617073694865,0.010344810125071104,2014,5,2,4.056569576263428,4.180569171905518,9228.57142857143
2014-05-22,4.053027153015137,4.053027153015137,3.9130845154081495,4.045941616643266,4400,2014-05-22,0.0,0.13994263760698722,4.05763224193028,4.137003819147746,0.008774282981108782,2014,5,3,4.053027153015137,4.10971212387085,8114.285714285715
2014-05-23,4.053027153015137,4.053027153015137,4.053027153015137,4.053027153015137,0,2014-05-23,0.0,0.0,4.052014419010708,4.130272404352824,0.008736916780139506,2014,5,4,4.053027153015137,4.092351913452148,6742.857142857143
2014-05-27,3.911311626434326,3.9361115015392953,3.9042260926356023,3.9042260926356023,6200,2014-05-27,-0.03496535335949702,0.03188540890369307,4.028732708522251,4.119289541244507,0.015521668159179854,2014,5,1,4.053027153015137,4.074283599853516,7314.285714285715
2014-05-28,4.0317702293396,4.0317702293396,3.900684595907736,3.900684595907736,400,2014-05-28,0.03079749567668366,0.13108563343186352,4.023165498461042,4.1126762390136715,0.020863213137847936,2014,5,2,3.911311626434326,4.070740699768066,7200.0
2014-05-29,4.0317702293396,4.038855765752442,3.900684595907736,3.900684595907736,13000,2014-05-29,0.0,0.13817116984470568,4.027214731488909,4.108661031723022,0.01974147732039451,2014,5,3,4.0317702293396,4.003425598144531,5028.571428571428
2014-05-30,3.9679980278015137,4.035312470414109,3.9148553313162218,3.918398267848048,4200,2014-05-30,-0.015817419622281337,0.12045713909788702,4.014561653137207,4.100394407908122,0.01983204879626617,2014,5,4,4.0317702293396,4.056569576263428,4428.571428571428
2014-06-02,3.8971407413482666,3.967997778161816,3.8971407413482666,3.967997778161816,16200,2014-06-02,-0.017857187921160755,0.07085703681354927,3.9922921657562256,4.088584939638774,0.02055704549706995,2014,6,0,3.9679980278015137,4.053027153015137,6342.857142857143
2014-06-03,3.904226541519165,3.9361119540888434,3.8971406690327934,3.8971406690327934,32600,2014-06-03,0.0018182048432890952,0.038971285056049965,3.9710349355425154,4.080554469426473,0.020648022470806507,2014,6,1,3.8971407413482666,4.053027153015137,10371.42857142857
2014-06-04,3.925483942031861,3.9679981683000394,3.8971411245197416,3.8971411245197416,23600,2014-06-04,0.005444714922824279,0.07085704378029778,3.9528144768306186,4.072405870755514,0.020974172395179447,2014,6,2,3.904226541519165,4.053027153015137,13742.857142857143
2014-06-05,4.024682998657227,4.074283088323257,3.918397623173256,3.921940221249211,71200,2014-06-05,0.025270529211238957,0.1558854651500008,3.969010387148176,4.0678001324335735,0.018544826238447314,2014,6,3,3.925483942031861,3.911311626434326,23028.571428571428
2014-06-06,4.035312652587891,4.038855251406623,3.9219410435624806,4.003426898108026,9400,2014-06-06,0.0026411158181178784,0.11691420784414275,3.9695164476122176,4.069335389137268,0.014418012129113748,2014,6,4,4.024682998657227,4.0317702293396,24314.285714285714
2014-06-09,4.053027153015137,4.067198563631959,4.038855742398314,4.049484553765742,12200,2014-06-09,0.004389870612847124,0.028342821233644955,3.972553150994437,4.065556422869364,0.014502362406226403,2014,6,0,4.035312652587891,4.0317702293396,24200.0
2014-06-10,4.063655376434326,4.063655376434326,3.978626587162664,4.053026566604723,34400,2014-06-10,0.0026222926760515186,0.08502878927166213,3.9862184865134105,4.061659296353658,0.012509939648620858,2014,6,1,4.053027153015137,3.9679980278015137,28514.285714285714
2014-06-11,4.014054775238037,4.028226182031212,3.93965480510562,4.010511839071496,25800,2014-06-11,-0.01220590739163796,0.08857137692559247,4.002920491354806,4.055636413892111,0.010994319744720498,2014,6,2,4.063655376434326,3.8971407413482666,29885.714285714286
2014-06-12,4.074283599853516,4.10439788345431,4.006969497737452,4.031769376747632,91600,2014-06-12,0.015004484987853006,0.0974283857168583,4.027214356831142,4.0546916405359905,0.011613830753384262,2014,6,3,4.014054775238037,3.904226541519165,38314.28571428572
2014-06-13,4.070740699768066,4.095540916872459,3.960912373566524,4.081369509044098,33000,2014-06-13,-0.0008695762085821901,0.13462854330593466,4.047965322222028,4.052684028943379,0.011920423078029709,2014,6,4,4.074283599853516,3.925483942031861,39657.142857142855
2014-06-16,4.247883319854736,4.251426256157721,4.017597866128727,4.017597866128727,88200,2014-06-16,0.04351606578546319,0.23382839002899392,4.079851082393101,4.055872591336568,0.017644432948628618,2014,6,0,4.070740699768066,4.024682998657227,42085.71428571428
2014-06-17,4.1061692237854,4.2478832963920485,3.914855056829925,4.2478832963920485,101200,2014-06-17,-0.03336110843886886,0.3330282395621236,4.089973449707031,4.053983060518901,0.0236486055776985,2014,6,1,4.247883319854736,4.035312652587891,55200.0
2014-06-18,4.244339942932129,4.251425814802491,4.060111666651297,4.223083003066978,64000,2014-06-18,0.03364954331311054,0.19131414815119374,4.117303848266602,4.059651605288187,0.026415318212660296,2014,6,2,4.1061692237854,4.053027153015137,62600.0
2014-06-19,4.247883319854736,4.247883319854736,4.074283495484483,4.205369097837919,72000,2014-06-19,0.0008348475782453679,0.17359982437025323,4.143622125898089,4.06213161945343,0.026472229420783283,2014,6,3,4.244339942932129,4.063655376434326,67971.42857142857
2014-06-20,3.851083517074585,4.240797719692163,3.72354085299194,4.038854745886729,256600,2014-06-20,-0.0934111822058522,0.5172568667002233,4.120340517589024,4.051148764292399,0.04640357723856662,2014,6,4,4.247883319854736,4.014054775238037,100942.85714285714
2014-06-23,4.067196846008301,4.109711397777469,3.8971399904233817,4.017597098732502,50600,2014-06-23,0.056117538862902494,0.21257140735408697,4.119328124182565,4.050558296839396,0.051654609510396854,2014,6,0,3.851083517074585,4.074283599853516,95085.71428571429
2014-06-24,3.950283527374268,4.074283598118379,3.936112119678341,4.06719772533391,47600,2014-06-24,-0.02874542911508593,0.13817147844003808,4.102119956697736,4.042882108688355,0.05287612240976186,2014,6,1,4.067196846008301,4.070740699768066,97171.42857142857
2014-06-25,3.9857118129730233,4.045940374065564,3.9857118129730233,4.024683095732264,21000,2014-06-25,0.008968542473786423,0.06022856109254082,4.064666884286063,4.038748764991761,0.049295634546604426,2014,6,2,3.950283527374268,4.247883319854736,87571.42857142857
2014-06-26,4.035312652587891,4.05656959699244,3.9006840991579312,4.006969834799798,17200,2014-06-26,0.012444662821186059,0.15588549783450878,4.0545445169721335,4.036847456296285,0.04839891037868614,2014,6,3,3.9857118129730233,4.1061692237854,75571.42857142857
2014-06-27,3.93965482711792,4.049483483783424,3.93965482711792,3.992797856293999,34600,2014-06-27,-0.023705183143274966,0.10982865666550445,4.011018071855817,4.032359830538431,0.04627498291590764,2014,6,4,4.035312652587891,4.244339942932129,71371.42857142857
2014-06-30,3.9538261890411377,4.045940501600746,3.900683498342204,4.045940501600746,21000,2014-06-30,0.0035971074992844354,0.14525700325854185,3.969009910311018,4.028462680180867,0.046390849712749774,2014,6,0,3.93965482711792,4.247883319854736,64085.71428571428
2014-07-01,4.042397499084473,4.049483371260251,3.9077689686015225,3.9077689686015225,25200,2014-07-01,0.022401417211719954,0.14171440265872892,3.996340479169573,4.029761743545532,0.028620395354820343,2014,7,1,3.9538261890411377,3.851083517074585,31028.571428571428
2014-07-02,4.145140647888184,4.226626495766461,3.9924436704209,4.049483730148393,124200,2014-07-02,0.025416389364722347,0.23418282534556134,4.007475308009556,4.032714112599691,0.0213110883268668,2014,7,2,4.042397499084473,4.067196846008301,41542.857142857145
2014-07-03,4.138054847717285,4.180569068195793,4.077826284237819,4.180569068195793,3200,2014-07-03,-0.0017094233399554959,0.1027427839579742,4.034299782344273,4.035548369089763,0.01653163131276372,2014,7,3,4.145140647888184,3.950283527374268,35200.0
2014-07-07,4.262053966522217,4.265596902192876,4.162854132854367,4.162854132854367,450200,2014-07-07,0.029965557095825934,0.10274276933850945,4.073777232851301,4.042515929539999,0.018752093824730566,2014,7,0,4.138054847717285,3.9857118129730233,96514.28571428571
2014-07-08,4.205368995666504,4.254969089084234,4.166397710899498,4.254969089084234,35600,2014-07-08,-0.013299918607545758,0.08857137818473593,4.0980709961482455,4.047593990961711,0.02057660928896178,2014,7,1,4.262053966522217,4.035312652587891,99142.85714285714
2014-07-09,4.251424789428711,4.265596191878558,4.194739179629323,4.265596191878558,120600,2014-07-09,0.010951665313951198,0.07085701224923469,4.142609562192645,4.058931096394857,0.015834154577499645,2014,7,2,4.205368995666504,3.93965482711792,111428.57142857143
2014-07-10,4.247883319854736,4.265597663496661,4.214226438595382,4.265597663496661,50800,2014-07-10,-0.000833007697273791,0.051371224901278545,4.1846177237374445,4.066134866078695,0.016264198075441452,2014,7,3,4.251424789428711,3.9538261890411377,115685.71428571429
2014-07-11,4.262053966522217,4.262053966522217,4.223082687763797,4.262053966522217,9800,2014-07-11,0.003335931239270673,0.03897127875841999,4.215997219085693,4.073810990651449,0.015500479565646284,2014,7,4,4.247883319854736,4.042397499084473,113485.71428571429
2014-07-14,4.262053966522217,4.265596902192876,4.194739878144411,4.265596902192876,56000,2014-07-14,0.0,0.07085702404846561,4.232699121747698,4.083612855275472,0.013504291582035397,2014,7,0,4.262053966522217,4.145140647888184,103742.85714285714
2014-07-15,4.240797519683838,4.265597396506468,4.219540241069454,4.265597396506468,42800,2014-07-15,-0.004987371583125233,0.04605715543701461,4.247376646314349,4.095068081219991,0.013791425047317145,2014,7,1,4.262053966522217,4.138054847717285,109400.0
2014-07-16,4.233712196350098,4.265597949468629,4.233712196350098,4.259929453727629,36800,2014-07-16,-0.0016707525650195842,0.031885753118531035,4.243327822004046,4.106050936381022,0.007419257669959696,2014,7,2,4.240797519683838,4.262053966522217,50342.857142857145
2014-07-17,4.233712196350098,4.265597949468629,4.233712196350098,4.254969477720127,47200,2014-07-17,0.0,0.031885753118531035,4.24737685067313,4.116325211524964,0.0050469091885340855,2014,7,3,4.233712196350098,4.205368995666504,52000.0
2014-07-18,4.265597343444824,4.265597343444824,4.251425937169179,4.2620544074076685,21000,2014-07-18,0.007531250499789532,0.014171406275645282,4.249401501246861,4.12435568968455,0.003970287938579088,2014,7,4,4.233712196350098,4.251424789428711,37771.42857142857
2014-07-21,4.233712196350098,4.262055012928119,4.145140810075522,4.215997851520577,9000,2014-07-21,-0.007474954743144302,0.11691420285259735,4.2473770550319125,4.130969007809957,0.004997744205504127,2014,7,0,4.265597343444824,4.247883319854736,31800.0
2014-07-22,4.166396141052246,4.265595952637433,4.138053337742193,4.20182447625338,20600,2014-07-22,-0.01590000741096309,0.12754261489524055,4.233711651393345,4.13474797407786,0.007311372157728676,2014,7,1,4.233712196350098,4.262053966522217,33342.857142857145
2014-07-23,4.152226448059082,4.226626421832148,4.1203406967459095,4.1203406967459095,16200,2014-07-23,-0.0034009471287541615,0.10628572508623879,4.218022005898612,4.137700343132019,0.007173865231846681,2014,7,2,4.166396141052246,4.262053966522217,27657.14285714286
2014-07-24,4.145140647888184,4.251426374833627,4.130969240153658,4.130969240153658,14000,2014-07-24,-0.0017065061984301577,0.12045713467996855,4.204356738499233,4.1420698722203575,0.007182938459090238,2014,7,3,4.152226448059082,4.240797519683838,23542.85714285714
2014-07-25,4.16285514831543,4.194740901383487,4.091998106982538,4.091998106982538,17400,2014-07-25,0.00427355834988874,0.10274279440094958,4.194234303065708,4.145022257169088,0.00772886550609489,2014,7,4,4.145140647888184,4.233712196350098,20771.428571428572
2014-07-28,4.1982831954956055,4.251425883895106,4.162854511313958,4.162854511313958,19600,2014-07-28,0.008510516440744409,0.08857137258114811,4.189173017229352,4.149273673693339,0.008765908851727075,2014,7,0,4.16285514831543,4.233712196350098,16828.571428571428
2014-07-29,4.244339942932129,4.244339942932129,4.169940315531133,4.244339942932129,3000,2014-07-29,0.01097037653056332,0.0743996274009957,4.186136245727539,4.149155561129252,0.00940754806230713,2014,7,1,4.1982831954956055,4.265597343444824,14257.142857142857
2014-07-30,4.1876540184021,4.240797039990351,4.127425463325848,4.1451398038552645,12600,2014-07-30,-0.013355651359742149,0.11337157666450359,4.179556506020682,4.151871720949809,0.010333004942917102,2014,7,2,4.244339942932129,4.233712196350098,14771.42857142857
2014-07-31,4.192970275878906,4.20182728112334,4.145141636663539,4.152227511157561,3800,2014-07-31,0.0012695073311799199,0.056685644459800955,4.1833528109959195,4.150159398714702,0.008158388028515023,2014,7,3,4.1876540184021,4.166396141052246,12371.42857142857
2014-08-01,4.08845329284668,4.180567573212946,4.0813677609038965,4.180567573212946,8000,2014-08-01,-0.024926716898873824,0.09919981230904984,4.174242360251291,4.1448450644811,0.012801608824678446,2014,8,4,4.192970275878906,4.152226448059082,11200.0
2014-08-04,4.173482894897461,4.180568766736081,4.088454460071824,4.088454460071824,8600,2014-08-04,0.020797498701905726,0.09211430666425713,4.178291252681187,4.155591710408529,0.015474623835420014,2014,8,0,4.08845329284668,4.145140647888184,10428.57142857143
2014-08-05,4.145140647888184,4.167814967838026,4.138055112957427,4.142306569065085,11200,2014-08-05,-0.00679102987193958,0.029759854880598624,4.175760609763009,4.158189837137858,0.015657707291398662,2014,8,1,4.173482894897461,4.16285514831543,9542.857142857143
2014-08-06,4.1699419021606445,4.1699419021606445,4.08491309672836,4.08491309672836,18600,2014-08-06,0.0059832117602804935,0.08502880543228475,4.1717118535723,4.165511782964071,0.015442876104950156,2014,8,2,4.145140647888184,4.1982831954956055,9400.0
2014-08-07,4.1593122482299805,4.162855184795929,4.088455206276144,4.1097124877988085,9600,2014-08-07,-0.0025491131963149005,0.07439997851978486,4.1595650400434225,4.171298464139302,0.014534740990956639,2014,8,3,4.1699419021606445,4.244339942932129,10342.857142857143
2014-08-08,4.180569171905518,4.180569171905518,4.117506190347182,4.148683421287381,7400,2014-08-08,0.005110682345280226,0.06306298155833545,4.158552919115339,4.176140348116557,0.013963333191984057,2014,8,4,4.1593122482299805,4.1876540184021,9600.0
2014-08-11,4.180569171905518,4.194740579083245,4.141951977537486,4.177026235642836,7000,2014-08-11,0.0,0.052788601545758596,4.156781332833426,4.1841708262761435,0.013949940315406901,2014,8,0,4.180569171905518,4.192970275878906,10057.142857142857
2014-08-12,4.1593122482299805,4.184112466318593,4.130969431448446,4.180569529752645,19200,2014-08-12,-0.005084696078799245,0.053143034870147154,4.166904040745327,4.191020361582438,0.009392737621616246,2014,8,1,4.180569171905518,4.08845329284668,11657.142857142857
2014-08-13,4.180569171905518,4.184112108168199,4.109712136016881,4.148683421287381,7000,2014-08-13,0.005110682345280226,0.07439997215131733,4.167916366032192,4.195626084009806,0.005260777431117598,2014,8,2,4.1593122482299805,4.173482894897461,11428.57142857143
2014-08-14,4.16285514831543,4.16285514831543,4.138055268317174,4.152226676583752,3400,2014-08-14,-0.004237227722275416,0.024799879998255392,4.17044700895037,4.196216567357381,0.004755004157445333,2014,8,3,4.180569171905518,4.145140647888184,10314.285714285714
2014-08-15,4.16285514831543,4.16285514831543,4.116797986980794,4.155769275245628,7800,2014-08-15,0.0,0.046057161334635666,4.169434615543911,4.197043244043986,0.004126249003588199,2014,8,4,4.16285514831543,4.1699419021606445,8771.42857142857
2014-08-18,4.16285514831543,4.180569493116909,4.078180789645635,4.08136963525086,6600,2014-08-18,0.0,0.10238870347127449,4.169940744127546,4.193736616770426,0.00399855829213892,2014,8,0,4.16285514831543,4.1593122482299805,8342.857142857143
2014-08-19,4.1593122482299805,4.180569529752645,4.116798023057679,4.123883896189576,9800,2014-08-19,-0.000851074553214537,0.06377150669496601,4.166904040745327,4.192201391855876,0.0033414225692367013,2014,8,1,4.16285514831543,4.180569171905518,8685.714285714286
2014-08-20,4.155768871307373,4.155768871307373,4.150808895789829,4.155768871307373,1000,2014-08-20,-0.0008519141413619868,0.004959975517544457,4.163361140659878,4.189012861251831,0.0033261719383079463,2014,8,2,4.1593122482299805,4.180569171905518,7828.571428571428
2014-08-21,4.12388277053833,4.169939919704863,4.09908255921916,4.09908255921916,11200,2014-08-21,-0.007672731991712478,0.07085736048570279,4.158299786703927,4.184879509607951,0.003959527371190817,2014,8,3,4.155768871307373,4.1593122482299805,6685.714285714285
2014-08-22,4.155768871307373,4.177026150577558,4.11148318254473,4.177026150577558,8800,2014-08-22,0.0077320580004947015,0.06554296803282789,4.154756886618478,4.181336673100789,0.004710255221511288,2014,8,4,4.12388277053833,4.180569171905518,6942.857142857143
2014-08-25,4.180569171905518,4.180569171905518,4.1451404850247,4.1451404850247,8800,2014-08-25,0.005967680437998668,0.03542868688081757,4.157287461417062,4.178620513280233,0.005050541456881345,2014,8,0,4.155768871307373,4.16285514831543,7714.285714285715
2014-08-26,4.152226448059082,4.162854919205804,4.095540818112556,4.162854919205804,6600,2014-08-26,-0.006779632791847012,0.06731410109324809,4.155769075666155,4.175668144226075,0.005785338052778456,2014,8,1,4.180569171905518,4.16285514831543,7542.857142857143
2014-08-27,4.084910869598389,4.155767887265832,4.014053851930945,4.099082273131877,30000,2014-08-27,-0.016211923723996158,0.14171403533488736,4.1446341787065775,4.1707081000010175,0.00831390697470002,2014,8,2,4.152226448059082,4.16285514831543,10885.714285714286
2014-08-28,4.113255023956299,4.113255023956299,4.113255023956299,4.113255023956299,1400,2014-08-28,0.006938744874180447,0.0,4.138054575238909,4.166692860921224,0.009083199115212754,2014,8,3,4.084910869598389,4.1593122482299805,9685.714285714286
2014-08-29,4.138054847717285,4.138054847717285,4.0742833480630285,4.134511911542496,5000,2014-08-29,0.00602924535837146,0.06377149965425666,4.135524000440325,4.162441444396973,0.00953305507374322,2014,8,4,4.113255023956299,4.155768871307373,10257.142857142857
2014-09-02,4.102626800537109,4.141598090909064,4.028226818646621,4.109712673990034,8000,2014-09-02,-0.008561521894693946,0.11337127226244359,4.132487433297293,4.158071931203207,0.009648626320492815,2014,9,1,4.138054847717285,4.12388277053833,9800.0
2014-09-03,4.074283599853516,4.102626415257439,4.038854911662107,4.102626415257439,21600,2014-09-03,-0.00690854958581244,0.06377150359533168,4.120846680232456,4.155001513163248,0.009087194761271565,2014,9,2,4.102626800537109,4.155768871307373,11628.57142857143
2014-09-04,3.9679980278015137,4.159312208170799,3.939655211292955,4.021141062159829,71800,2014-09-04,-0.026086935149979062,0.2196569968778439,4.090479373931885,4.148860565821329,0.011653071227883486,2014,9,3,4.074283599853516,4.180569171905518,20628.571428571428
2014-09-05,4.0317702293396,4.109713157119359,3.953827301559841,3.953827301559841,92200,2014-09-05,0.016071631359509286,0.1558858555595175,4.073271342686245,4.14508155186971,0.014658713170526297,2014,9,4,3.9679980278015137,4.152226448059082,32857.142857142855
2014-09-08,4.053027153015137,4.053027153015137,3.9609131529423305,3.9609131529423305,17000,2014-09-08,0.00527235493750311,0.09211400007280623,4.068716526031494,4.141420618693034,0.013932278492207196,2014,9,0,4.0317702293396,4.084910869598389,31000.0
2014-09-09,4.070740699768066,4.130260747796388,3.999883660626262,3.999883660626262,23000,2014-09-09,0.004370448576874741,0.13037708717012597,4.062643051147461,4.137169202168782,0.013719488828331303,2014,9,1,4.053027153015137,4.113255023956299,34085.71428571428
2014-09-10,4.127425193786621,4.180568211904396,4.01759689784781,4.021139833296912,56000,2014-09-10,0.013924859920894539,0.1629713140565867,4.061124529157366,4.133272043863932,0.014720326828782004,2014,9,2,4.070740699768066,4.138054847717285,41371.42857142857
2014-09-11,4.056569576263428,4.106169676075654,4.017598286472203,4.017598286472203,33400,2014-09-11,-0.01716702646237145,0.08857138960345079,4.054544925689697,4.12890256245931,0.015844246694888337,2014,9,3,4.127425193786621,4.102626800537109,45000.0
2014-09-12,4.038855075836182,4.109712455099257,3.9892553157996575,3.992798252337417,7800,2014-09-12,-0.004366867150732645,0.12045713929959945,4.049483707972935,4.123765389124553,0.015728431897521666,2014,9,4,4.056569576263428,4.074283599853516,43028.57142857143
2014-09-15,4.013347148895264,4.05656989855429,3.999884258764144,4.017598605666831,7000,2014-09-15,-0.006315633134134413,0.05668563979014607,4.055962153843471,4.1212618509928385,0.01178207824514849,2014,9,0,4.038855075836182,3.9679980278015137,33771.42857142857
2014-09-16,4.038146495819092,4.038146495819092,3.989255256245396,4.0069696007967135,9400,2014-09-16,0.006179217995297082,0.04889123957369579,4.056873049054827,4.1167506376902265,0.010264276846589563,2014,9,1,4.013347148895264,4.0317702293396,21942.85714285714
2014-09-17,4.049484252929688,4.18056987586522,4.035312843365658,4.045941316070416,5800,2014-09-17,0.00280766364527274,0.14525703249956123,4.056366920471192,4.11356209119161,0.010105162223405824,2014,9,2,4.038146495819092,4.053027153015137,20342.85714285714
2014-09-18,4.077826023101807,4.141597180799292,4.060111681235239,4.141597180799292,18000,2014-09-18,0.006998859213148911,0.08148549956405304,4.057379109518869,4.110491561889648,0.010344146102661517,2014,9,3,4.049484252929688,4.070740699768066,19628.571428571428
2014-09-19,4.102626800537109,4.145141027635525,4.038855290952965,4.084912454777842,18200,2014-09-19,0.006081862564709883,0.10628573668256003,4.053836481911795,4.108602046966553,0.008952900233413571,2014,9,4,4.077826023101807,4.127425193786621,14228.57142857143
2014-09-22,4.077826023101807,4.081368959049714,4.042397339368672,4.081368959049714,2400,2014-09-22,-0.006045097114867004,0.03897161968104168,4.056873117174421,4.105177275339762,0.006102800943276179,2014,9,0,4.102626800537109,4.056569576263428,9800.0
2014-09-23,4.155768871307373,4.159311807497902,4.152226272989835,4.159311807497902,14000,2014-09-23,0.019113823827697107,0.007085534508067148,4.07357508795602,4.104350598653157,0.00870962760937151,2014,9,1,4.077826023101807,4.038855075836182,10685.714285714286
2014-09-24,4.155768871307373,4.155768871307373,4.13451192991018,4.13451192991018,9600,2014-09-24,0.0,0.021256941397193252,4.093921048300607,4.104232486089071,0.007719610274300072,2014,9,2,4.155768871307373,4.013347148895264,11057.142857142857
2014-09-25,4.148683547973633,4.148683547973633,4.113254860010947,4.114672237283101,2600,2014-09-25,-0.0017049368126941244,0.0354286879626855,4.109712055751255,4.103169631958008,0.008088541621762218,2014,9,3,4.155768871307373,4.038146495819092,10085.714285714286
2014-09-26,4.148683547973633,4.148683547973633,4.116797796381817,4.148683547973633,2400,2014-09-26,0.0,0.03188575159181539,4.123883383614676,4.1026972452799475,0.008219887782330895,2014,9,4,4.148683547973633,4.049484252929688,9600.0
2014-09-29,4.049484252929688,4.11325542703129,4.038855442351874,4.11325542703129,51400,2014-09-29,-0.023911029582479704,0.07439998467941589,4.1198345593043735,4.0989182154337565,0.012958543333992437,2014,9,0,4.148683547973633,4.077826023101807,14371.42857142857
2014-09-30,4.028225421905518,4.088453973879639,4.025036915106497,4.088453973879639,17200,2014-09-30,-0.005249762610828879,0.0634170587731413,4.109205790928432,4.094430557886759,0.012641452976865442,2014,9,1,4.049484252929688,4.102626800537109,14228.57142857143
2014-10-01,3.71645450592041,4.106168658773206,3.61371173294983,3.911311582346808,94600,2014-10-01,-0.07739659113655728,0.49245692582337597,4.057581288473947,4.079668633143107,0.0311513084414586,2014,10,2,4.028225421905518,4.077826023101807,27400.0
2014-10-02,3.822741270065308,3.826284206839344,3.5641129672755505,3.702284122732472,105000,2014-10-02,0.028598968176680284,0.2621712395637936,4.010005916867938,4.068567713101705,0.03292347278331278,2014,10,3,3.71645450592041,4.155768871307373,40400.0
2014-10-03,3.8971407413482666,3.964454841852888,3.7855409506010513,3.790855017191441,70600,2014-10-03,0.01946233501742789,0.17891389125183688,3.9730590411594937,4.061009645462036,0.03481231210768979,2014,10,4,3.822741270065308,4.155768871307373,49114.28571428572
2014-10-06,3.950283527374268,3.959849388058698,3.663312437063511,3.812112386807241,45800,2014-10-06,0.013636352791204454,0.29653695099518673,3.94471618107387,4.054160133997599,0.035787982679568876,2014,10,0,3.8971407413482666,4.148683547973633,55285.71428571428
2014-10-07,3.8439977169036874,3.843997716903686,3.762511878186373,3.762511878186373,21400,2014-10-07,-0.026905868840566005,0.08148583871731319,3.9011896337781633,4.042941085497538,0.03642419472180851,2014,10,1,3.950283527374268,4.148683547973633,58000.0
2014-10-08,3.851083517074585,4.166397747842371,3.808569295713704,3.815655168210349,24600,2014-10-08,0.0018433414098395495,0.357828452128667,3.8728466715131487,4.032902987798055,0.03611397774593703,2014,10,2,3.8439977169036874,4.049484252929688,54171.42857142857
2014-10-09,3.7766833305358887,3.861711768424135,3.755426390000316,3.755426390000316,10200,2014-10-09,-0.01931928669134997,0.10628537842381913,3.836912087031773,4.022628736495972,0.03641829555537919,2014,10,3,3.851083517074585,4.028225421905518,53171.42857142857
2014-10-10,3.805026054382324,3.805026054382324,3.783769114342741,3.787311712434025,3800,2014-10-10,0.007504659873724062,0.021256940039583228,3.849565165383475,4.012354437510172,0.020213460200281485,2014,10,4,3.7766833305358887,3.71645450592041,40200.0
2014-10-13,3.744797706604004,3.808569206080996,3.744797706604004,3.808569206080996,4600,2014-10-13,-0.015828629533023553,0.06377149947699223,3.8384303706032887,3.99924586613973,0.0178756669513415,2014,10,0,3.805026054382324,3.822741270065308,25857.14285714286
2014-10-14,3.719998598098755,3.790855646678405,3.719998598098755,3.790855646678405,14200,2014-10-14,-0.006622282549873293,0.07085704857965025,3.813124350139073,3.986491592725118,0.014938658873364067,2014,10,1,3.744797706604004,3.8971407413482666,17800.0
2014-10-15,3.723541021347046,3.75542677327763,3.716455148530022,3.716455148530022,22400,2014-10-15,0.0009522646729225315,0.03897162474760796,3.7807325635637556,3.974800173441569,0.01268441443001532,2014,10,2,3.719998598098755,3.950283527374268,14457.142857142857
2014-10-16,3.8971407413482666,3.8971407413482666,3.7129121077600336,3.7129121077600336,4000,2014-10-16,0.04662221229898478,0.18422863358823305,3.7883244241986955,3.9724382638931273,0.021867371035967545,2014,10,3,3.723541021347046,3.8439977169036874,11971.42857142857
2014-10-17,3.8971407413482666,3.900683677657195,3.826283704534717,3.8439980482063554,24600,2014-10-17,0.0,0.07439997312247826,3.7949040276663646,3.9679506142934162,0.02188297819737916,2014,10,4,3.8971407413482666,3.851083517074585,11971.42857142857
2014-10-20,3.737713098526001,3.8085701500215543,3.737713098526001,3.8085701500215543,9400,2014-10-20,-0.040908874840150045,0.07085705149555332,3.789336851664952,3.957440145810445,0.02642283731966741,2014,10,0,3.8971407413482666,3.7766833305358887,11857.142857142857
2014-10-21,3.858169078826904,3.964454454732182,3.7695977069905258,3.861711676916902,28600,2014-10-21,0.03222718735378738,0.1948567477416563,3.796928712299892,3.9503544251124065,0.029275831724389058,2014,10,1,3.737713098526001,3.805026054382324,15400.0
2014-10-22,3.893596887588501,3.893596887588501,3.7235400393065903,3.757196912691808,10600,2014-10-22,0.009182544372153156,0.1700568482819107,3.81818573815482,3.942560148239136,0.02819385136449834,2014,10,2,3.858169078826904,3.744797706604004,16257.142857142857
2014-10-23,3.7943966388702393,3.897139391121248,3.77668230133602,3.836910846228634,5000,2014-10-23,-0.025477791251189652,0.12045708978522818,3.8288140296936035,3.9338210503260296,0.03040600887396073,2014,10,3,3.893596887588501,3.719998598098755,14942.857142857143
2014-10-24,3.826282262802124,3.897139272916948,3.69165377464752,3.69165377464752,20600,2014-10-24,0.008403344975916438,0.20548549826942786,3.843491349901472,3.926735289891561,0.03044345295225393,2014,10,4,3.7943966388702393,3.723541021347046,14685.714285714286
2014-10-27,3.826282262802124,3.826282262802124,3.826282262802124,3.826282262802124,0,2014-10-27,0.0,0.0,3.833368710109166,3.9204997936884562,0.02407259945877073,2014,10,0,3.826282262802124,3.8971407413482666,14114.285714285714
2014-10-28,3.656225681304932,3.656225681304932,3.656225681304932,3.656225681304932,400,2014-10-28,-0.044444337823800084,0.0,3.798952272960118,3.9077690998713175,0.028750640760362413,2014,10,1,3.826282262802124,3.8971407413482666,10657.142857142857
2014-10-29,3.695197105407715,3.719996977135956,3.663311362972598,3.663311362972598,14400,2014-10-29,0.01065892193199458,0.05668561416335782,3.7928785596575056,3.8959595282872517,0.025556469203383867,2014,10,2,3.656225681304932,3.737713098526001,11371.42857142857
2014-10-30,3.7518837451934814,3.762512216286303,3.7022836503053065,3.7022836503053065,16200,2014-10-30,0.015340626810626423,0.060228565980996684,3.7776949405670166,3.8850947856903075,0.02246927914309149,2014,10,3,3.695197105407715,3.858169078826904,9600.0
2014-10-31,3.748340606689453,3.755426478951132,3.7377121361699217,3.7377121361699217,12000,2014-10-31,-0.0009443625508299691,0.017714342781210313,3.756944043295724,3.873285245895386,0.021813338773531286,2014,10,4,3.7518837451934814,3.893596887588501,9800.0
2014-11-03,3.684569597244263,3.730626759443945,3.684569597244263,3.730626759443945,12800,2014-11-03,-0.0170131309122179,0.04605716219968192,3.741254465920585,3.860176698366801,0.020709135514033132,2014,11,0,3.748340606689453,3.7943966388702393,10914.285714285714
2014-11-04,3.7051188945770255,3.7164558878920633,3.595998729022672,3.595998729022672,4600,2014-11-04,0.005577122860735528,0.12045715886939146,3.7239454133169994,3.8451550324757893,0.020452986172007855,2014,11,1,3.684569597244263,3.826282262802124,8628.57142857143
2014-11-05,3.6526830196380615,3.734168508314928,3.652683019638062,3.734168508314928,10600,2014-11-05,-0.014152278626122228,0.08148548867686589,3.6991455214364186,3.828385504086812,0.020643726399491077,2014,11,2,3.7051188945770255,3.826282262802124,10142.857142857143
2014-11-06,3.684569597244263,3.684569597244263,3.649141244848913,3.684569597244263,14800,2014-11-06,0.00872963173502006,0.03542835239535025,3.703194652284895,3.8129150390625,0.012498573668530556,2014,11,3,3.6526830196380615,3.656225681304932,12200.0
2014-11-07,3.649139881134033,3.681025622884994,3.6314255426198434,3.681025622884994,10000,2014-11-07,-0.009615700063510313,0.04960008026515039,3.696615048817226,3.79626358350118,0.012280694084773723,2014,11,4,3.684569597244263,3.695197105407715,11571.42857142857
2014-11-10,3.71291184425354,3.730626186667986,3.71291184425354,3.730626186667986,3600,2014-11-10,0.017475888893491387,0.017714342414445916,3.691047634397234,3.7850445032119753,0.012791154168602398,2014,11,0,3.649139881134033,3.7518837451934814,9771.42857142857
2014-11-11,3.71645450592041,3.723540377512221,3.71645450592041,3.723540377512221,1000,2014-11-11,0.0009541464531006572,0.007085871591810733,3.686492477144514,3.774652139345805,0.012823017841217912,2014,11,1,3.71291184425354,3.748340606689453,8200.0
2014-11-12,3.595997810363769,3.666855183036805,3.59599781036377,3.666855183036805,122400,2014-11-12,-0.03241172342208154,0.07085737267303482,3.673839364733014,3.7706369161605835,0.016725162342038254,2014,11,2,3.71645450592041,3.684569597244263,23857.14285714286
2014-11-13,3.620797872543335,3.645597749204385,3.59954059406745,3.634969278902932,25200,2014-11-13,0.006896573214836721,0.04605715513693509,3.6617935044424876,3.763905469576518,0.01684949896997974,2014,11,3,3.595997810363769,3.7051188945770255,26800.0
2014-11-14,3.727083921432495,3.727083921432495,3.6137123225760814,3.62079819532405,1000,2014-11-14,0.02935431709544778,0.11337159885641368,3.6724222046988353,3.7582369089126586,0.019872191381359604,2014,11,4,3.620797872543335,3.6526830196380615,25428.571428571428
2014-11-17,3.5587973594665527,3.613711509414416,3.5534829561014307,3.613711509414416,101000,2014-11-17,-0.04515234041235694,0.060228553312985156,3.6544547421591624,3.7451873699824016,0.02660322355266803,2014,11,0,3.727083921432495,3.684569597244263,37742.857142857145
2014-11-18,3.5038833618164062,3.712911501836039,3.486169021035638,3.546397576966481,52400,2014-11-18,-0.015430492973721233,0.22674248080040105,3.633703810828073,3.7338502248128256,0.026873793340549304,2014,11,1,3.5587973594665527,3.649139881134033,43800.0
2014-11-19,3.482626676559448,3.5038839566798634,3.4011411681560357,3.486878132583531,39800,2014-11-19,-0.006066607549955361,0.10274278852382768,3.6008059297289168,3.7215683301289877,0.024925587030512245,2014,11,2,3.5038833618164062,3.71291184425354,48971.42857142857
2014-11-20,3.5428543090820312,3.5428543090820312,3.443654483032151,3.4507400159563986,76600,2014-11-20,0.017293737777855478,0.09919982604988009,3.576005901609148,3.7137740294138593,0.0266973922274671,2014,11,3,3.482626676559448,3.71645450592041,59771.42857142857
2014-11-21,3.500340461730957,3.542854677313971,3.471997651342281,3.542854677313971,26200,2014-11-21,-0.011999885866627591,0.07085702597168986,3.562340566090175,3.7036178429921467,0.024412810293159032,2014,11,4,3.5428543090820312,3.595997810363769,46028.57142857143
2014-11-24,3.4046831130981445,3.532226093593191,3.3302831537670143,3.532226093593191,56400,2014-11-24,-0.027328012711514638,0.20194293982617673,3.5314670290265764,3.6922806898752847,0.025371744523673488,2014,11,0,3.500340461730957,3.620797872543335,50485.71428571428
2014-11-25,3.489712953567505,3.503884362665449,3.3019413606784367,3.404684161106794,96000,2014-11-25,0.02497437724592988,0.20194300198701232,3.497556890760149,3.6846045017242433,0.02431532511309703,2014,11,1,3.4046831130981445,3.727083921432495,64057.142857142855
2014-11-26,3.386969327926636,3.4223976731030943,3.365712050522391,3.4223976731030943,25600,2014-11-26,-0.0294418558225068,0.05668562258070331,3.4730100291115895,3.6733854452768964,0.020921327091307566,2014,11,2,3.489712953567505,3.5587973594665527,53285.71428571428
2014-11-28,3.3657116889953613,3.3692546244943324,3.3657116889953613,3.3657116889953613,7400,2014-11-28,-0.006276300985662564,0.0035429354989711115,3.4532712187085832,3.6556711435317992,0.02057940715922153,2014,11,4,3.386969327926636,3.5038833618164062,46857.142857142855
2014-12-01,3.528683662414551,3.539312133017643,3.36571231571752,3.36571231571752,32200,2014-12-01,0.04842125187134938,0.17359981730012297,3.459850788116455,3.6433892409006754,0.028952500922478978,2014,12,0,3.3657116889953613,3.482626676559448,45771.42857142857
2014-12-02,3.5747408866882324,3.7270837656728313,3.5428551364009446,3.5428551364009446,21600,2014-12-02,0.013052239497763907,0.18422862927188666,3.4644060134887695,3.6379568338394166,0.02862737284117526,2014,12,1,3.528683662414551,3.5428543090820312,37914.28571428572
2014-12-03,3.5428543090820312,3.5534827774048607,3.5393113736834496,3.5428543090820312,6200,2014-12-03,-0.008919968919968935,0.014171403721411124,3.4704794202532088,3.6274463415145872,0.028405806294521815,2014,12,2,3.5747408866882324,3.500340461730957,35057.142857142855
2014-12-04,3.5428543090820312,3.5428543090820312,3.4542829513549806,3.52868290536062,8200,2014-12-04,0.0,0.0885713577270506,3.490218162536621,3.6157549222310386,0.025412453297658524,2014,12,3,3.5428543090820312,3.4046831130981445,28171.428571428572
2014-12-05,3.489712953567505,3.539312716473788,3.471998607726813,3.4932555524372075,22800,2014-12-05,-0.01499958815080249,0.06731410874697508,3.490218162536621,3.605598799387614,0.02491741515286799,2014,12,4,3.5428543090820312,3.489712953567505,17714.285714285714
2014-12-08,3.369256496429444,3.4755422553397097,3.365713558962041,3.4755422553397097,5200,2014-12-08,-0.03451758317683962,0.10982869637766868,3.4876877580370222,3.590364607175191,0.025977195032770142,2014,12,0,3.489712953567505,3.386969327926636,14800.0
2014-12-09,3.390512228012085,3.5428551056754887,3.326741065863561,3.369255286586908,32800,2014-12-09,0.006308730607232471,0.21611403981192767,3.4912306921822682,3.5758389393488565,0.02594327117626247,2014,12,1,3.369256496429444,3.3657116889953613,18428.571428571428
2014-12-10,3.344454765319824,3.4135406633178094,3.330283359707692,3.3834263841579086,87000,2014-12-10,-0.013584219608983705,0.08325730361011718,3.4649122783115933,3.5654465754826865,0.015782635909483533,2014,12,2,3.390512228012085,3.528683662414551,26257.14285714286
2014-12-11,3.3657116889953613,3.484042896528416,3.330283009751503,3.344454413874461,68400,2014-12-11,0.006355871185928397,0.1537598867769132,3.4350509643554688,3.5544637282689413,0.014476575464818455,2014,12,3,3.344454765319824,3.5747408866882324,32942.857142857145
2014-12-12,3.4932541847229004,3.542854266082301,3.312568873936116,3.312568873936116,43200,2014-12-12,0.03789465869716535,0.2302853921461847,3.4279652323041643,3.545842742919922,0.02271090929344813,2014,12,4,3.3657116889953613,3.5428543090820312,38228.57142857143
2014-12-15,3.47554087638855,3.542854972196166,3.44719772576784,3.5286835658223006,4400,2014-12-15,-0.005070718418320741,0.09565724642832585,3.418349027633667,3.5367494185765582,0.022725098735826642,2014,12,0,3.4932541847229004,3.5428543090820312,37685.71428571428
2014-12-16,3.362168312072754,3.539311009288889,3.3338255075480028,3.45782553074845,36800,2014-12-16,-0.03262012111150936,0.2054855017408861,3.4001283645629883,3.5260027090708417,0.02518147399802675,2014,12,1,3.47554087638855,3.489712953567505,39685.71428571428
2014-12-17,3.528683662414551,3.528683662414551,3.404683599844184,3.4188550066059693,28400,2014-12-17,0.049526179205211074,0.12400006257036678,3.422903673989432,3.5201215346654258,0.028586155767963764,2014,12,2,3.362168312072754,3.369256496429444,43000.0
2014-12-18,3.4578254222869877,3.528682431376297,3.4365681506237595,3.500339627740573,15400,2014-12-18,-0.020080643918950036,0.09211428075253725,3.432519844600133,3.51362628142039,0.030372624599941948,2014,12,3,3.528683662414551,3.390512228012085,40514.28571428572
2014-12-19,3.5357677936553955,3.5357677936553955,3.413539585544807,3.518053795637876,20800,2014-12-19,0.022540863649749276,0.12222820811058854,3.4598502772194997,3.508666221300761,0.030112811375737885,2014,12,4,3.4578254222869877,3.344454765319824,31057.14285714286
2014-12-22,3.5145130157470703,3.5428558354004287,3.42594161986206,3.5428558354004287,4800,2014-12-22,-0.006011361364415602,0.11691421553836889,3.481107609612601,3.5041786591211954,0.03060895935822885,2014,12,0,3.5357677936553955,3.3657116889953613,21971.428571428572
2014-12-23,3.443655252456665,3.5357692282906377,3.4223979731885223,3.5357692282906377,2600,2014-12-23,-0.02016147414248326,0.11337125510211532,3.4740220478602817,3.495203439394633,0.02850853205647856,2014,12,1,3.5145130157470703,3.4932541847229004,16171.42857142857
2014-12-24,3.4330265522003174,3.53931227614843,3.425941017469378,3.482272555902508,60000,2014-12-24,-0.0030864588575657548,0.11337125867905229,3.4679485729762485,3.4857558409372964,0.02847924265519442,2014,12,2,3.443655252456665,3.47554087638855,24114.285714285714
2014-12-26,3.390512228012085,3.5357692332851016,3.3905122280120854,3.4542837280336016,61200,2014-12-26,-0.012383919419727163,0.14525700527301622,3.4719977038247243,3.4789063215255736,0.025672265664290976,2014,12,4,3.4330265522003174,3.362168312072754,27600.0
2014-12-29,3.4365692138671875,3.4542835560883893,3.418854871645985,3.418854871645985,2000,2014-12-29,0.013584078970305447,0.035428684442404546,3.458838496889387,3.4727653662363687,0.016369403712181912,2014,12,0,3.390512228012085,3.528683662414551,23828.571428571428
2014-12-30,3.443655252456665,3.53222662997344,3.418855036998333,3.418855036998333,8400,2014-12-30,0.0020619513673358902,0.11337159297510713,3.4568141869136264,3.4633177439371745,0.01472340529085213,2014,12,1,3.4365692138671875,3.4578254222869877,22828.571428571428
2014-12-31,3.5322258472442627,3.5322258472442627,3.431963072816145,3.431963072816145,16800,2014-12-31,0.02571993660643357,0.10026277442811748,3.456308194569179,3.462432026863098,0.015576650242414202,2014,12,2,3.443655252456665,3.5357677936553955,22257.14285714286
2015-01-02,3.5322258472442627,3.542854315586606,3.475540232254544,3.475540232254544,4200,2015-01-02,0.0,0.06731408333206179,3.4588385990687778,3.46337677637736,0.015356700813516899,2015,1,4,3.5322258472442627,3.5145130157470703,22171.428571428572
2015-01-05,3.5322258472442627,3.5322258472442627,3.4223972147969945,3.4826257651918,20400,2015-01-05,0.0,0.10982863244726815,3.4714915411812917,3.465030082066854,0.012365168239260427,2015,1,0,3.5322258472442627,3.443655252456665,24714.285714285714
2015-01-06,3.4046831130981445,3.521597286636644,3.3940546440145374,3.521597286636644,13200,2015-01-06,-0.036108318001699446,0.12754264262210668,3.46744247845241,3.460424375534058,0.019579799345054258,2015,1,1,3.5322258472442627,3.4330265522003174,18028.571428571428
2015-01-07,3.5251400470733643,3.5322259180255293,3.4046829438699477,3.4046829438699477,11400,2015-01-07,0.0353797783740315,0.12754297415558158,3.4866750240325928,3.4612510283788045,0.02298520891672865,2015,1,2,3.4046831130981445,3.390512228012085,10914.285714285714
2015-01-08,3.4507405757904053,3.4719978537576743,3.4507405757904053,3.4719978537576743,2000,2015-01-08,-0.021105394477795802,0.02125727796726906,3.488699504307338,3.4627862771352134,0.024703878855613003,2015,1,3,3.5251400470733643,3.4365692138671875,10914.285714285714
2015-01-09,3.440112829208374,3.45074130149072,3.440112829208374,3.440112829208374,1400,2015-01-09,-0.0030798451371838453,0.010628472282345758,3.4881934438432967,3.4611329396565753,0.02473824558079312,2015,1,4,3.4507405757904053,3.443655252456665,9914.285714285714
2015-01-12,3.471998453140259,3.471998453140259,3.471998453140259,3.471998453140259,200,2015-01-12,0.009268772716161777,0.0,3.4795895303998674,3.463967243830363,0.02258836725813501,2015,1,0,3.440112829208374,3.5322258472442627,7542.857142857143
2015-01-13,3.486169576644897,3.5286837985706887,3.4046837312157128,3.4826266403494976,13600,2015-01-13,0.004081546606629738,0.12400006735497593,3.4730100631713867,3.4679825067520142,0.02270803710726274,2015,1,1,3.471998453140259,3.5322258472442627,8885.714285714286
2015-01-14,3.500340461730957,3.518054802692117,3.489711992303442,3.5109689311584726,4000,2015-01-14,0.004064886912270582,0.028342810388675144,3.4684550080980574,3.467037733395894,0.02280907088594223,2015,1,2,3.486169576644897,3.5322258472442627,6542.857142857143
2015-01-15,3.408226251602173,3.535768901815401,3.4082262516021733,3.525140432099206,33200,2015-01-15,-0.026315785888791132,0.12754265021322775,3.46896117074149,3.4614872455596926,0.020483786893866696,2015,1,3,3.500340461730957,3.4046831130981445,9400.0
2015-01-16,3.4330265522003174,3.454283832139141,3.4082266738325253,3.4082266738325253,18800,2015-01-16,0.007276600427124302,0.04605715830661561,3.4558021000453403,3.457826320330302,0.01428475703960899,2015,1,4,3.408226251602173,3.5251400470733643,10457.142857142857
2015-01-20,3.459597587585449,3.4719975244431667,3.440111779453071,3.4542831841294537,20200,2015-01-20,0.007739828102436785,0.03188574499009578,3.4570673874446323,3.4550510962804157,0.012467528504118825,2015,1,1,3.4330265522003174,3.4507405757904053,13057.142857142857
2015-01-21,3.5074265003204346,3.521597907554887,3.4613696802132146,3.486169558405256,69200,2015-01-21,0.013824993087813597,0.06022822734167255,3.4666836261749268,3.4556415478388467,0.013284025735543147,2015,1,2,3.459597587585449,3.440112829208374,22742.85714285714
2015-01-22,3.482626676559448,3.507426555139095,3.454283861647565,3.507426555139095,19600,2015-01-22,-0.0070706609985187185,0.05314269349152978,3.468201943806239,3.4594205538431804,0.0134029136856028,2015,1,3,3.5074265003204346,3.471998453140259,25514.285714285714
2015-01-23,3.482626676559448,3.5272667958758173,3.479083740227212,3.525140898927273,8400,2015-01-23,0.0,0.048183055648605144,3.467695815222604,3.462491035461426,0.01331033115638873,2015,1,4,3.482626676559448,3.486169576644897,24771.428571428572
2015-01-26,3.5747408866882324,3.627883578585049,3.479083635826369,3.479083635826369,127200,2015-01-26,0.026449636634549023,0.14879994275867992,3.4783244473593578,3.4701672395070395,0.016720934121728252,2015,1,0,3.482626676559448,3.500340461730957,42371.42857142857
2015-01-27,3.6137118339538574,3.627883239660619,3.542854805420049,3.542854805420049,49800,2015-01-27,0.010901754421067666,0.08502843424057005,3.5076795305524553,3.478433911005656,0.010591372960526492,2015,1,1,3.5747408866882324,3.408226251602173,44742.857142857145
2015-01-28,3.620797872543335,3.627883406786644,3.560569311046802,3.560569311046802,33000,2015-01-28,0.001960875386603389,0.06731409573984193,3.534504004887172,3.482685367266337,0.010875936424906637,2015,1,2,3.6137118339538574,3.4330265522003174,46771.42857142857
2015-01-29,3.649139881134033,3.649139881134033,3.6137112041056536,3.6137112041056536,14200,2015-01-29,0.00782755889402642,0.035428677028379596,3.561581475394113,3.488472000757853,0.010876058490114804,2015,1,3,3.620797872543335,3.459597587585449,45914.28571428572
2015-01-30,3.702284097671509,3.702284097671509,3.624341178535559,3.624341178535559,10600,2015-01-30,0.014563491197536749,0.07794291913594975,3.589418275015695,3.499809193611145,0.01094872277333596,2015,1,4,3.649139881134033,3.5074265003204346,37542.857142857145
2015-02-02,3.6810269355773926,3.70582681561741,3.66685552728695,3.670398125954792,10200,2015-02-02,-0.0057416344973324485,0.03897128833046004,3.6177611691611156,3.5048873027165732,0.010655372340626482,2015,2,0,3.702284097671509,3.482626676559448,36200.0
2015-02-03,3.631781101226807,3.684569366643203,3.626112267870071,3.677483831756798,10800,2015-02-03,-0.013378286878213519,0.0584570987731321,3.6390689441135953,3.5106858253479003,0.013219544099053984,2015,2,1,3.6810269355773926,3.482626676559448,36542.857142857145
2015-02-04,3.623632669448853,3.649141408676827,3.6137127168178784,3.6137127168178784,10200,2015-02-04,-0.0022436461754816728,0.03542869185894837,3.6460534845079695,3.5136146545410156,0.009878224672325272,2015,2,2,3.631781101226807,3.5747408866882324,19828.571428571428
2015-02-05,3.805026054382324,3.843997674243176,3.6420547166293193,3.6420547166293193,54800,2015-02-05,0.05005843623798123,0.2019429576138565,3.6733840874263217,3.523298422495524,0.020808821347266932,2015,2,3,3.623632669448853,3.6137118339538574,20542.85714285714
2015-02-06,3.8014845848083496,3.826284808251631,3.7873131733578034,3.826284808251631,19600,2015-02-06,-0.0009307346450088128,0.03897163489382782,3.6991964748927524,3.535226066907247,0.020967017434894868,2015,2,4,3.805026054382324,3.620797872543335,18628.571428571428
2015-02-09,3.797941207885742,3.861712377422252,3.76959839078662,3.861712377422252,5600,2015-02-09,-0.0009321034568356978,0.09211398663563175,3.7204538072858537,3.5473898887634276,0.02118119375146035,2015,2,0,3.8014845848083496,3.649139881134033,17400.0
2015-02-10,3.64205551147461,3.8971412127305136,3.638512912610186,3.843998513160679,34600,2015-02-10,-0.04104478923672217,0.25862830012032756,3.7118497235434402,3.5557746648788453,0.02701967869090174,2015,2,1,3.797941207885742,3.702284097671509,20828.571428571428
2015-02-11,3.560570478439331,3.794398928973737,3.5463990674334,3.794398928973737,65000,2015-02-11,-0.022373363826705295,0.24799986154033737,3.6946416582380026,3.5599080403645833,0.028109680971208,2015,2,2,3.64205551147461,3.6810269355773926,28657.14285714286
2015-02-12,3.595997810363769,3.642054967452045,3.5782838050685046,3.5782838050685046,7800,2015-02-12,0.009949903291892381,0.06377116238354041,3.6895297595432828,3.5649861256281534,0.028251218564874444,2015,2,3,3.560570478439331,3.631781101226807,28228.571428571428
2015-02-13,3.64205551147461,3.64205551147461,3.5711984660904816,3.5711984660904816,6600,2015-02-13,0.012808044815294739,0.07085704538412818,3.6921615941183914,3.568647114435832,0.02871631100546467,2015,2,4,3.595997810363769,3.623632669448853,27714.285714285714
2015-02-17,3.5641117095947266,3.6597686036275694,3.560568774070899,3.5924545180394896,48400,2015-02-17,-0.02140104719280489,0.0991998295566705,3.657745259148734,3.5697099765141806,0.019681941843377612,2015,2,1,3.64205551147461,3.805026054382324,26800.0
2015-02-18,3.548877000808716,3.60662556013162,3.5428540785975384,3.5499399489337224,28200,2015-02-18,-0.004274475669491018,0.06377148153408152,3.6216584614345004,3.570265014966329,0.019489358131148982,2015,2,2,3.5641117095947266,3.8014845848083496,28028.571428571428
2015-02-19,3.5251400470733643,3.5782830655958318,3.5251400470733643,3.5251400470733643,37200,2015-02-19,-0.0066885816921641306,0.0531430185224675,3.582686867032732,3.5742802460988363,0.019181192970038934,2015,2,3,3.548877000808716,3.797941207885742,32542.85714285714
2015-02-20,3.592454433441162,3.592454433441162,3.489711670780141,3.525140011565333,10800,2015-02-20,0.019095521161970108,0.10274276266102111,3.5756009987422397,3.5765240589777627,0.016459810114900976,2015,2,4,3.5251400470733643,3.64205551147461,29142.85714285714
2015-02-23,3.5074265003204346,3.528683780108613,3.5074265003204346,3.5251408438317497,30400,2015-02-23,-0.023668479223905026,0.021257279788178263,3.568009001868112,3.5784135897954306,0.016734069398475774,2015,2,0,3.592454433441162,3.560570478439331,24200.0
2015-02-24,3.5279760360717773,3.5279760360717773,3.5251416188525253,3.5251416188525253,5800,2015-02-24,0.0058588642554491255,0.002834417219252039,3.5582916055406844,3.581342363357544,0.016312243491280146,2015,2,1,3.5074265003204346,3.595997810363769,23914.285714285714
2015-02-25,3.5357677936553955,3.56127651842702,3.4861680586097727,3.532225196775604,86400,2015-02-25,0.002208563069576286,0.07510845981724712,3.543107645852225,3.5834680080413817,0.015088559940127885,2015,2,2,3.5279760360717773,3.64205551147461,35314.28571428572
2015-02-26,3.5853703022003174,3.686696074998129,3.53577019558732,3.5393131327467664,11000,2015-02-26,0.014028780010364006,0.15092587941080904,3.546144587653024,3.586774698893229,0.014246091846837021,2015,2,3,3.5357677936553955,3.5641117095947266,29971.428571428572
2015-02-27,3.64205551147461,3.64205551147461,3.58182693842984,3.606627157719068,28200,2015-02-27,0.015810140793408367,0.060228573044769806,3.5594558034624373,3.591498533884684,0.015022890276065213,2015,2,4,3.5853703022003174,3.548877000808716,29971.428571428572
2015-03-02,3.790855884552002,3.808570232276743,3.6137130830507584,3.663313189105416,51600,2015-03-02,0.04085615186495195,0.19485714922598474,3.5974152088165283,3.6042528549830117,0.01955221189335288,2015,3,0,3.64205551147461,3.5251400470733643,32028.571428571428
2015-03-03,3.71645450592041,3.790854468269655,3.705826036405648,3.790854468269655,17000,2015-03-03,-0.01962653841175621,0.0850284318640071,3.6151295048849925,3.6137004534403485,0.022063878029293868,2015,3,1,3.790855884552002,3.592454433441162,32914.28571428572
2015-03-04,3.698741436004639,3.719998720212863,3.69519883686416,3.719998720212863,13000,2015-03-04,-0.004766120475187763,0.024799883348702867,3.642460209982736,3.6216719150543213,0.01888922193762286,2015,3,2,3.71645450592041,3.5074265003204346,30428.571428571428
2015-03-05,3.631425857543945,3.702282879872655,3.6243399863746073,3.69519734657625,11200,2015-03-05,-0.018199590218830775,0.07794289349804773,3.6572387559073314,3.6258052269617718,0.021325875544996396,2015,3,3,3.698741436004639,3.5279760360717773,31200.0
2015-03-06,3.5676538944244385,3.659768180147634,3.546396959487017,3.634968310096346,12200,2015-03-06,-0.017561135934257344,0.11337122066061678,3.6617939131600514,3.6286394675572713,0.02290433928463488,2015,3,4,3.631425857543945,3.5357677936553955,20600.0
2015-03-09,3.588911533355713,3.59245446883101,3.564111660774479,3.564111660774479,20600,2015-03-09,0.005958436429188474,0.028342808056530888,3.662299803325108,3.6321822961171466,0.022365716508876584,2015,3,0,3.5676538944244385,3.5853703022003174,21971.428571428572
2015-03-10,3.624516248703003,3.642318119205558,3.574670128468672,3.596032848440218,13000,2015-03-10,0.009920755921781987,0.06764799073688588,3.659794194357736,3.6338414748509726,0.021790731980056398,2015,3,1,3.588911533355713,3.64205551147461,19800.0
2015-03-11,3.624516248703003,3.649439139045712,3.603153528731457,3.649439139045712,4800,2015-03-11,0.0,0.04628561031425482,3.63603138923645,3.6342016220092774,0.012257179487804196,2015,3,2,3.624516248703003,3.790855884552002,13114.285714285714
2015-03-12,3.596033811569214,3.620956708587044,3.581792107623453,3.5853522789481387,57600,2015-03-12,-0.007858272712663705,0.03916460096359131,3.618828432900565,3.63337615331014,0.010855593013810394,2015,3,3,3.624516248703003,3.71645450592041,18914.285714285714
2015-03-13,3.631638526916504,3.816781049636298,3.588913407723258,3.6031551141210074,127000,2015-03-13,0.00990110694530788,0.22786764191303988,3.6092423030308316,3.6327927748362225,0.012164616892836948,2015,3,4,3.596033811569214,3.698741436004639,35200.0
2015-03-16,3.596033811569214,3.6316379016591136,3.5604293819303083,3.624517219460736,19600,2015-03-16,-0.009804036135039218,0.07120851972880526,3.6041862964630127,3.6292510986328126,0.01068864157119212,2015,3,0,3.631638526916504,3.631425857543945,36400.0
2015-03-17,3.596033811569214,3.649440116478566,3.5604293819303083,3.5604293819303083,16600,2015-03-17,0.0,0.08901073454825781,3.6082405703408376,3.6264179944992065,0.007962551073921314,2015,3,1,3.596033811569214,3.5676538944244385,37028.57142857143
2015-03-18,3.596033811569214,3.649440116478566,3.5746710858760693,3.5853522789481387,38200,2015-03-18,0.0,0.07476903060249684,3.6092580386570523,3.6252264181772866,0.007677441547431543,2015,3,2,3.596033811569214,3.588911533355713,39542.857142857145
2015-03-19,3.596033811569214,3.6173961977133526,3.581792107623453,3.6173961977133526,5800,2015-03-19,0.0,0.03560409008989973,3.605189119066511,3.6243064562479654,0.006419998884018375,2015,3,3,3.596033811569214,3.624516248703003,38514.28571428572
2015-03-20,3.7028462886810303,3.7099673101732025,3.6138355573228425,3.6138355573228425,67200,2015-03-20,0.02970285673293116,0.09613175285036002,3.6163791247776578,3.6209004640579225,0.013350322024937283,2015,3,4,3.596033811569214,3.624516248703003,47428.57142857143
2015-03-23,3.6494407653808594,3.67792417833698,3.620957352424739,3.6494407653808594,20000,2015-03-23,-0.014422830205893855,0.05696682591224089,3.624008689607893,3.6158323367436727,0.014437505955596893,2015,3,0,3.7028462886810303,3.596033811569214,42057.142857142855
2015-03-24,3.6494407653808594,3.6494407653808594,3.6494407653808594,3.6494407653808594,0,2015-03-24,0.0,0.0,3.626551866531372,3.61088232199351,0.014036340170210547,2015,3,1,3.6494407653808594,3.631638526916504,23914.285714285714
2015-03-25,3.734889268875122,3.738449778727553,3.665461024497261,3.734889268875122,76600,2015-03-25,0.023414136298591348,0.07298875423029161,3.646388360432216,3.6139767805735272,0.015408916959408974,2015,3,2,3.6494407653808594,3.596033811569214,32057.14285714286
2015-03-26,3.6636803150177,3.788295428000501,3.617394711325485,3.788295428000501,19000,2015-03-26,-0.019065880868502583,0.17090071667501583,3.656052146639143,3.6174137751261393,0.018013739330110894,2015,3,3,3.734889268875122,3.596033811569214,32400.0
2015-03-27,3.656560897827149,3.688604474936667,3.649439876547933,3.688604474936667,22000,2015-03-27,-0.0019432419257128242,0.039164598388734095,3.6646988732474193,3.619432544708252,0.01807900909327775,2015,3,4,3.6636803150177,3.596033811569214,30085.714285714286
2015-03-30,3.7455708980560303,3.7455708980560303,3.6779225672561857,3.6779225672561857,2800,2015-03-30,0.02434254555469706,0.06764833079984456,3.686061314174107,3.6228830575942994,0.01977377007834633,2015,3,0,3.656560897827149,3.596033811569214,29657.14285714286
2015-03-31,3.774054765701294,3.7740547657012944,3.660120810132328,3.660120810132328,11000,2015-03-31,0.007604679879386955,0.11393395556896646,3.6962339537484303,3.629881159464518,0.016917320030244133,2015,3,1,3.7455708980560303,3.7028462886810303,21628.571428571428
2015-04-01,3.645878791809082,3.855944132782173,3.631637091042208,3.777614608789901,36200,2015-04-01,-0.03396240432361464,0.22430704173996485,3.6957251003810336,3.633114552497864,0.021288962940638288,2015,4,2,3.774054765701294,3.6494407653808594,23942.85714285714
2015-04-02,3.588911533355713,3.6668848606267246,3.5889115333557133,3.6668848606267246,7400,2015-04-02,-0.015625110352366356,0.07797332727101125,3.687078067234584,3.6352402687072756,0.022099496044989123,2015,4,3,3.645878791809082,3.6494407653808594,25000.0
2015-04-06,3.617395401000977,3.663681013517788,3.6102747203708914,3.6102747203708914,12800,2015-04-06,0.007936631310226483,0.05340629314689682,3.670293228966849,3.6360716342926027,0.019763182195740057,2015,4,0,3.588911533355713,3.734889268875122,15885.714285714286
2015-04-07,3.610274791717529,3.6138349623284634,3.5960330906269817,3.5960330906269817,1400,2015-04-07,-0.0019684354332616394,0.01780187170148162,3.6626638684953963,3.6394999106725057,0.018673234970626302,2015,4,1,3.617395401000977,3.6636803150177,13371.42857142857
2015-04-08,3.645878791809082,3.645878791809082,3.5782307980536623,3.5782307980536623,2800,2015-04-08,0.00986185322325972,0.06764799375541974,3.6611378533499583,3.643430002530416,0.019199099485131075,2015,4,2,3.610274791717529,3.656560897827149,10628.57142857143
2015-04-09,3.631638526916504,3.631638526916504,3.631638526916504,3.631638526916504,9000,2015-04-09,-0.00390585252712472,0.0,3.644861800330026,3.6466256936391193,0.01584151871655015,2015,4,3,3.645878791809082,3.7455708980560303,11514.285714285714
2015-04-10,3.624516248703003,3.6245162487030034,3.6245162487030034,3.6245162487030034,800,2015-04-10,-0.001961174869336002,0.0,3.6234991550445557,3.647930558522542,0.01503613321343648,2015,4,4,3.631638526916504,3.774054765701294,10057.142857142857
2015-04-13,3.656560897827149,3.656560897827149,3.6209564705290394,3.631637662898878,25000,2015-04-13,0.008841083037112174,0.03560442729810953,3.6250251701899936,3.64841407140096,0.00916595150711754,2015,4,0,3.624516248703003,3.645878791809082,8457.142857142857
2015-04-14,3.6494407653808594,3.6494407653808594,3.628078035889237,3.6387595704095808,19400,2015-04-14,-0.001947221076099237,0.021362729491622545,3.633672203336443,3.6437002340952556,0.006118085345725256,2015,4,1,3.656560897827149,3.588911533355713,10171.42857142857
2015-04-15,3.67792272567749,3.734889529089702,3.6102747315127215,3.628076602917339,42000,2015-04-15,0.007804472555580144,0.12461479757698068,3.6423189640045166,3.6424158414204917,0.006098353601550637,2015,4,2,3.6494407653808594,3.617395401000977,14342.857142857143
2015-04-16,3.69928765296936,3.703204012686245,3.5782329537474884,3.585353638646292,25200,2015-04-16,0.005808965790039755,0.12497105893875649,3.6550350870404924,3.6424340486526487,0.005876555834529465,2015,4,3,3.67792272567749,3.610274791717529,17742.85714285714
2015-04-17,3.6886041164398193,3.7028458180651103,3.645879011563947,3.7028458180651103,10600,2015-04-17,-0.002887998320694307,0.05696680650116326,3.6611387048448836,3.644339990615845,0.0055425906787715026,2015,4,4,3.69928765296936,3.645878791809082,18857.14285714286
2015-04-20,3.681483030319214,3.6886037105738794,3.656560140104518,3.656560140104518,5400,2015-04-20,-0.0019305639466342672,0.03204357046936135,3.6682593481881276,3.648134295145671,0.00525362187973755,2015,4,0,3.6886041164398193,3.631638526916504,18342.85714285714
2015-04-21,3.770494222640991,3.791856605685152,3.6708023094873448,3.6708023094873448,20000,2015-04-21,0.024178080297726945,0.12105429619780717,3.689113344464983,3.65418705145518,0.009541187789557114,2015,4,1,3.681483030319214,3.624516248703003,21085.714285714286
2015-04-22,3.770494222640991,3.806098307564244,3.70996690476761,3.70996690476761,11600,2015-04-22,0.0,0.09613140279663401,3.705389533724104,3.6590529839197794,0.009640011873669278,2015,4,2,3.770494222640991,3.656560897827149,19171.428571428572
2015-04-23,3.841702461242676,3.853808059783636,3.7740544669725953,3.788296167847819,36400,2015-04-23,0.01888565116320695,0.07975359281104089,3.7328554902757918,3.6662925243377686,0.010518087526908288,2015,4,3,3.770494222640991,3.6494407653808594,21600.0
2015-04-24,3.8274600505828857,3.855943447051221,3.827460050582886,3.855943447051221,4200,2015-04-24,-0.0037073174727808578,0.028483396468334643,3.754217965262277,3.674006732304891,0.011315557462500403,2015,4,4,3.841702461242676,3.67792272567749,16200.0
2015-04-27,3.766933679580689,3.766933679580689,3.766933679580689,3.766933679580689,2000,2015-04-27,-0.01581371724388847,0.0,3.7638816833496094,3.6785165707270306,0.013946613146501828,2015,4,0,3.8274600505828857,3.69928765296936,12885.714285714286
2015-04-28,3.67792272567749,3.7384500391901994,3.667241534924933,3.7384500391901994,1800,2015-04-28,-0.023629551639227975,0.07120850426526637,3.762355770383562,3.681246201197306,0.017158897618718364,2015,4,1,3.766933679580689,3.6886041164398193,11628.57142857143
2015-04-29,3.67792272567749,3.67792272567749,3.67792272567749,3.67792272567749,0,2015-04-29,0.0,0.0,3.7618471554347446,3.683975831667582,0.017143608506011945,2015,4,2,3.67792272567749,3.681483030319214,10857.142857142857
2015-04-30,3.766933679580689,3.863065421091695,3.667241767292535,3.777614871010038,22600,2015-04-30,0.024201420351158465,0.19582365379916,3.76133850642613,3.6896724939346313,0.017149098893486005,2015,4,3,3.67792272567749,3.770494222640991,11228.57142857143
2015-05-01,3.734889268875122,3.742010288579984,3.725276299732249,3.738449778727553,3800,2015-05-01,-0.008506762643385235,0.016733988847735137,3.7562520844595775,3.6943010091781616,0.017447169474842317,2015,5,4,3.766933679580689,3.770494222640991,10114.285714285714
2015-05-04,3.809658050537109,3.809658050537109,3.7348890458454487,3.738093368701726,11400,2015-05-04,0.0200190089395893,0.07476900469166026,3.751674311501639,3.697861401240031,0.017668743270313824,2015,5,0,3.734889268875122,3.841702461242676,6542.857142857143
2015-05-05,3.766933679580689,3.8192720948177215,3.667241767292535,3.8167798054992415,28600,2015-05-05,-0.011214752187639676,0.15203032752518642,3.743027687072754,3.7017778317133585,0.018079130180639478,2015,5,1,3.809658050537109,3.8274600505828857,10028.57142857143
2015-05-06,3.788296699523926,3.788296699523926,3.667242055320399,3.7135276745481582,33200,2015-05-06,0.005671196193083761,0.12105464420352696,3.746079547064645,3.7064063628514607,0.017170769964275554,2015,5,2,3.766933679580689,3.766933679580689,14485.714285714286
2015-05-07,3.877306699752808,4.090932202773606,3.791856158995572,3.791856158995572,63600,2015-05-07,0.023496047772622486,0.29907604377803443,3.7745629719325473,3.7111536105473837,0.01504102843881061,2015,5,3,3.788296699523926,3.67792272567749,23314.285714285714
2015-05-08,3.848823547363281,3.887988140553581,3.845263037196271,3.8630652484823846,30000,2015-05-08,-0.00734611796155904,0.04272510335731017,3.7989773750305176,3.71732505162557,0.01589701610828966,2015,5,4,3.877306699752808,3.67792272567749,27600.0
2015-05-11,3.848823547363281,3.866625419100457,3.79897742367195,3.79897742367195,18400,2015-05-11,0.0,0.06764799542850719,3.810675927570888,3.7237338066101073,0.013947509294607748,2015,5,0,3.848823547363281,3.766933679580689,27000.0
2015-05-12,3.866708517074585,3.866708517074585,3.866708517074585,3.866708517074585,0,2015-05-12,0.0046468666311181295,0.0,3.8295072487422397,3.7277717272440594,0.012965234597022857,2015,5,1,3.848823547363281,3.734889268875122,26457.14285714286
2015-05-13,3.9096310138702393,3.966862518736773,3.870284098429489,3.870284098429489,48200,2015-05-13,0.011100525577792508,0.09657842030728414,3.8437891006469727,3.7322909355163576,0.011615798129636598,2015,5,2,3.866708517074585,3.809658050537109,31714.285714285714
2015-05-14,3.916785955429077,3.9668637077608935,3.884593139010537,3.9632866523528825,19400,2015-05-14,0.0018300810315485805,0.08227056875035643,3.865196568625314,3.7413211743036907,0.009700570983273466,2015,5,3,3.9096310138702393,3.766933679580689,30400.0
2015-05-15,3.916785955429077,3.9632866523528825,3.861342961112024,3.9632866523528825,55400,2015-05-15,0.0,0.10194369124085867,3.883552176611764,3.752250321706136,0.009930496430402863,2015,5,4,3.916785955429077,3.788296699523926,33571.42857142857
2015-05-18,3.916785955429077,3.945401716439607,3.902478074923813,3.902478074923813,6000,2015-05-18,0.0,0.04292364151579431,3.8891920702798024,3.7622300068537395,0.005585327615623437,2015,5,0,3.916785955429077,3.877306699752808,25342.85714285714
2015-05-19,3.8309388160705566,3.945401864405423,3.818061620794847,3.8738624591961313,12000,2015-05-19,-0.021917751017138776,0.1273402436105764,3.886637108666556,3.7695854743321737,0.01021323405658758,2015,5,1,3.916785955429077,3.848823547363281,22771.428571428572
2015-05-20,3.920363664627075,3.9346715475184326,3.827362255269835,3.827362255269835,7800,2015-05-20,0.023342802600079926,0.10730929224859764,3.896857125418527,3.7787349700927733,0.013673900573610832,2015,5,2,3.8309388160705566,3.848823547363281,21257.14285714286
2015-05-21,3.8309388160705566,3.9203631578638687,3.8273617605283934,3.891747395780152,4800,2015-05-21,-0.022810345214498096,0.0930013973354753,3.891747168132237,3.7853783130645753,0.016643042992361086,2015,5,3,3.920363664627075,3.866708517074585,21942.85714285714
2015-05-22,3.916785955429077,3.923940066245099,3.9167859554290776,3.923940066245099,400,2015-05-22,0.022408903790996915,0.007154110816021575,3.8927693026406422,3.795120636622111,0.01848391594784951,2015,5,4,3.8309388160705566,3.9096310138702393,15114.285714285714
2015-05-26,3.916785955429077,3.9167859554290776,3.9167859554290776,3.9167859554290776,0,2015-05-26,0.0,0.0,3.8927693026406422,3.803794805208842,0.018473383457727272,2015,5,1,3.916785955429077,3.916785955429077,12342.857142857143
2015-05-27,3.881015062332153,3.931092455957949,3.881015062332153,3.931092455957949,2800,2015-05-27,-0.00913271582975883,0.05007739362579633,3.8876591750553677,3.8115139484405516,0.01880495332401858,2015,5,2,3.916785955429077,3.916785955429077,4828.571428571428
2015-05-28,3.845245838165283,3.920362282137302,3.845245838165284,3.845245838165284,11400,2015-05-28,-0.009216461052685365,0.07511644397201778,3.877439158303397,3.817091385523478,0.01903160762710444,2015,5,3,3.881015062332153,3.916785955429077,5600.0
2015-05-29,3.845245838165283,3.845245838165284,3.845245838165284,3.845245838165284,0,2015-05-29,0.0,0.0,3.879483018602644,3.821956658363342,0.01699359835403256,2015,5,4,3.845245838165283,3.8309388160705566,3885.714285714286
2015-06-01,3.848823547363281,3.848823547363281,3.848823547363281,3.848823547363281,600,2015-06-01,0.0009304240479210968,0.0,3.8692630018506726,3.827297306060791,0.013822207626152452,2015,6,0,3.845245838165283,3.920363664627075,2857.1428571428573
2015-06-02,3.7450904846191406,3.909631241242975,3.723628498482685,3.909631241242975,5200,2015-06-02,-0.026951888406317015,0.18600274276028994,3.85699895450047,3.8294175545374554,0.014882181967158079,2015,6,1,3.848823547363281,3.8309388160705566,2914.285714285714
2015-06-03,3.855978488922119,3.9239411967475264,3.730784583713907,3.730784583713907,4400,2015-06-03,0.0296088985722478,0.19315661303361953,3.8483121735709047,3.8322670300801596,0.01703514328869394,2015,6,2,3.7450904846191406,3.916785955429077,3485.714285714286
2015-06-04,3.8277199268341056,3.827719926834106,3.748668561837988,3.748668561837988,1600,2015-06-04,-0.007328506154585135,0.07905136499611798,3.835588455200195,3.834174553553263,0.01710897526859209,2015,6,3,3.855978488922119,3.916785955429077,3714.285714285714
2015-06-05,3.845245838165283,3.845245838165284,3.75939857109061,3.766552339450141,5600,2015-06-05,0.004578681739045853,0.08584726707467416,3.8304785660334995,3.83429266611735,0.017095525869809596,2015,6,4,3.8277199268341056,3.881015062332153,4114.285714285715
2015-06-08,3.827361106872559,3.827361106872558,3.827361106872558,3.827361106872558,4400,2015-06-08,-0.004651128184110509,0.0,3.827923604420253,3.8342893679936725,0.01682351337757836,2015,6,0,3.845245838165283,3.845245838165283,3114.285714285714
2015-06-09,3.827361106872559,3.827361106872558,3.7486676040186113,3.823784051941303,2000,2015-06-09,0.0,0.07869350285394683,3.825368642807007,3.8363036155700683,0.01682351337757836,2015,6,1,3.827361106872559,3.845245838165283,3400.0
2015-06-10,3.802321672439575,3.809475439797836,3.7307822932236223,3.7772829749956585,3400,2015-06-10,-0.006542218968579205,0.07869314657421356,3.818725517817906,3.8404502471288047,0.0169509062572033,2015,6,2,3.827361106872559,3.848823547363281,3800.0
2015-06-11,3.752244710922241,3.841669038681837,3.752244710922241,3.805899512254042,9800,2015-06-11,-0.013170101277939605,0.08942432775959563,3.8197475501469205,3.842927646636963,0.014073341573586452,2015,6,3,3.802321672439575,3.7450904846191406,4457.142857142857
2015-06-12,3.752244710922241,3.752244710922241,3.752244710922241,3.752244710922241,0,2015-06-12,0.0,0.0,3.8049284390040805,3.842438014348348,0.005881298181664744,2015,6,4,3.752244710922241,3.855978488922119,3828.5714285714284
2015-06-15,3.7737066745758057,3.841669013125216,3.748667631003508,3.748667631003508,19000,2015-06-15,0.005719766514985514,0.09300138212170816,3.7972122601100375,3.843731927871704,0.006624508047915371,2015,6,0,3.752244710922241,3.8277199268341056,6314.285714285715
2015-06-16,3.723987817764282,3.782650034598512,3.7200529197543104,3.723629975717255,5400,2015-06-16,-0.01317507191178624,0.0625971148442015,3.7798896857670377,3.840876253445943,0.007065764167818526,2015,6,1,3.7737066745758057,3.845245838165283,6285.714285714285
2015-06-17,3.820207357406616,3.923939563049127,3.6771282295752914,3.6771282295752914,29400,2015-06-17,0.025837769711099856,0.24681133347383577,3.778867721557617,3.8426520427068076,0.013477686151297963,2015,6,2,3.723987817764282,3.827361106872559,9857.142857142857
2015-06-18,3.7987468242645264,3.84167047672139,3.698591635198512,3.7021686915183,4800,2015-06-18,-0.005617635676367749,0.1430788415228781,3.774779966899327,3.843000380198161,0.013630867193701003,2015,6,3,3.820207357406616,3.827361106872559,10257.142857142857
2015-06-19,3.845245838165283,3.9346701599830807,3.8273609055763806,3.931093105239957,18800,2015-06-19,0.012240619354715543,0.10730925440670003,3.780911990574428,3.84193168481191,0.01419342557302219,2015,6,4,3.7987468242645264,3.802321672439575,12457.142857142857
2015-06-22,3.8094775676727295,3.8452474478241623,3.7808618000023264,3.8452474478241623,8000,2015-06-22,-0.009301946350878887,0.06438564782183587,3.789088112967355,3.8406201521555583,0.013580481244207203,2015,6,0,3.845245838165283,3.752244710922241,12200.0
2015-06-23,3.8094775676727295,3.8094775676727295,3.8094775676727295,3.8094775676727295,0,2015-06-23,0.0,0.0,3.7972642353602817,3.8393086194992065,0.013580481244207203,2015,6,1,3.8094775676727295,3.752244710922241,12200.0
2015-06-24,3.75582218170166,3.791592053216197,3.75582218170166,3.777284172835737,7000,2015-06-24,-0.014084709784456972,0.0357698715145367,3.7947093078068326,3.835612408320109,0.01474825493339256,2015,6,2,3.8094775676727295,3.7737066745758057,10485.714285714286
2015-06-25,3.788015365600586,3.970441114007409,3.759399602061493,3.770130428106951,13600,2015-06-25,0.008571541021236584,0.21104151194591614,3.8038561003548756,3.8315585533777874,0.01392166349064058,2015,6,3,3.75582218170166,3.723987817764282,11657.142857142857
2015-06-26,3.8094775676727295,3.8559782754188494,3.788015912483357,3.788015912483357,13600,2015-06-26,0.005665817057407985,0.0679623629354924,3.802323273250035,3.8279816071192423,0.009754972191698644,2015,6,4,3.788015365600586,3.820207357406616,9400.0
2015-06-29,3.7737066745758057,3.798745377021367,3.762975850831528,3.791591608234093,11200,2015-06-29,-0.009389973418002517,0.035769526189838974,3.798746109008789,3.8232122977574665,0.010188349906765195,2015,6,0,3.8094775676727295,3.7987468242645264,10314.285714285714
2015-06-30,3.7450904846191406,3.8237836378238494,3.737936375531423,3.75582130712402,5000,2015-06-30,-0.007583045643016706,0.08584726229242623,3.78443820135934,3.8174891153971355,0.008550536325064228,2015,6,1,3.7737066745758057,3.845245838165283,8342.857142857143
2015-07-01,3.805899858474731,3.823784452752212,3.6807056517717514,3.823784452752212,1600,2015-07-01,0.016237090693891343,0.14307880098046066,3.7839271000453403,3.8166544834772744,0.010902756089638319,2015,7,2,3.7450904846191406,3.8094775676727295,7428.571428571428
2015-07-02,3.8094775676727295,3.8094775676727295,3.791592968723872,3.8059008525590734,31800,2015-07-02,0.0009400429152206513,0.017884598948857633,3.7839271000453403,3.812958280245463,0.010909740618671662,2015,7,3,3.805899858474731,3.8094775676727295,11971.42857142857
2015-07-06,3.7737066745758057,3.784437498320084,3.770129619618801,3.7737066745758057,11800,2015-07-06,-0.009389973418002517,0.014307878701282917,3.78648202759879,3.811050542195638,0.010002499673795661,2015,7,0,3.8094775676727295,3.75582218170166,12657.142857142857
2015-07-07,3.687859535217285,3.773706810517493,3.684282480131423,3.752244821129066,6400,2015-07-07,-0.022748757855741486,0.08942433038606978,3.772174051829747,3.803419661521912,0.01257909308201163,2015,7,1,3.7737066745758057,3.788015365600586,11628.57142857143
2015-07-08,3.734360218048096,3.816630786686233,3.6807057515082335,3.6807057515082335,30800,2015-07-08,0.012609125262703635,0.13592503517799948,3.7614430018833707,3.7973388036092124,0.013671838966625213,2015,7,2,3.687859535217285,3.8094775676727295,14085.714285714286
2015-07-09,3.734360218048096,3.755822209340108,3.7021677428002464,3.755822209340108,9800,2015-07-09,0.0,0.05365446653986172,3.755822079522269,3.7924503087997437,0.013370333619942215,2015,7,3,3.734360218048096,3.7737066745758057,13885.714285714286
2015-07-10,3.75582218170166,3.75582218170166,3.741514301321201,3.741514301321201,2200,2015-07-10,0.005747159459828843,0.01430788038045927,3.757355179105486,3.789469520250956,0.013295224643590153,2015,7,4,3.734360218048096,3.7450904846191406,13485.714285714286
2015-07-13,3.720053434371948,3.720053434371948,3.669976008470538,3.669976008470538,5200,2015-07-13,-0.009523546536355565,0.05007742590140962,3.74509140423366,3.7852964401245117,0.011674879293448273,2015,7,0,3.75582218170166,3.805899858474731,14000.0
2015-07-14,3.751887798309326,3.752245299187411,3.68070589398936,3.6842829495309606,11400,2015-07-14,0.008557501793721611,0.07153940519805113,3.736864294324602,3.78206524848938,0.012453595483150311,2015,7,1,3.720053434371948,3.8094775676727295,11085.714285714286
2015-07-15,3.752244710922241,3.752244710922241,3.730783063290912,3.730783063290912,3000,2015-07-15,9.512880771000987e-05,0.021461647631329406,3.7337982995169505,3.782303722699483,0.012038175952529487,2015,7,2,3.751887798309326,3.7737066745758057,9828.57142857143
2015-07-16,3.687859535217285,3.77012975543163,3.684282480131423,3.748667766043204,9800,2015-07-16,-0.01715910892419681,0.08584727530020686,3.7337982995169505,3.776699757575989,0.01041135213272557,2015,7,3,3.752244710922241,3.687859535217285,10314.285714285714
2015-07-17,3.75582218170166,3.75582218170166,3.75582218170166,3.75582218170166,3600,2015-07-17,0.018428751376066366,0.0,3.736864294324602,3.774303166071574,0.011730484328610657,2015,7,4,3.687859535217285,3.734360218048096,6428.571428571428
2015-07-20,3.805899858474731,3.8094765726541655,3.6771285964655465,3.755822107568185,10000,2015-07-20,0.01333334602927927,0.13234797618861904,3.747084242956979,3.7729916334152223,0.012613444525743246,2015,7,0,3.75582218170166,3.734360218048096,6457.142857142857
2015-07-21,3.8309388160705566,3.8309388160705566,3.737937418735082,3.737937418735082,14200,2015-07-21,0.0065789848726762745,0.09300139733547486,3.757815190723964,3.7731108903884887,0.01264989281389493,2015,7,1,3.805899858474731,3.75582218170166,8171.428571428572
2015-07-22,3.75582218170166,3.8595543997416826,3.741514301321201,3.7522451263248513,15000,2015-07-22,-0.019607891949040446,0.11804009842048169,3.762925011771066,3.7707262595494586,0.01470761459400967,2015,7,2,3.8309388160705566,3.720053434371948,9571.42857142857
2015-07-23,3.748667478561402,3.755821588184484,3.748667478561402,3.755821588184484,2400,2015-07-23,-0.0019049632261921579,0.00715410962308205,3.7624649660927907,3.7689377864201865,0.014394527176366696,2015,7,3,3.75582218170166,3.751887798309326,8285.714285714286
2015-07-24,3.882089614868164,3.882089614868164,3.673552314648652,3.698591022485497,39400,2015-07-24,0.03559188353456322,0.2085373002195121,3.7810142380850658,3.7732659498850505,0.01971621917326901,2015,7,4,3.748667478561402,3.752244710922241,13485.714285714286
2015-07-27,3.788015365600586,3.827361955185136,3.788015365600586,3.802323247370132,7000,2015-07-27,-0.02423288965491155,0.03934658958455017,3.7953222138541087,3.774458305040995,0.021171091478991592,2015,7,0,3.882089614868164,3.687859535217285,13085.714285714286
2015-07-28,3.770131349563599,3.7951700634983063,3.770131349563599,3.791593348026844,6800,2015-07-28,-0.004721210003368448,0.025038713934707246,3.7973663806915283,3.774339127540588,0.020338139678239893,2015,7,1,3.788015365600586,3.75582218170166,13542.857142857143
2015-07-29,3.741513967514038,3.766552670664266,3.741513967514038,3.762975956733338,22800,2015-07-29,-0.00759055305934464,0.025038703150227715,3.788168396268572,3.774923332532247,0.019702993608683595,2015,7,2,3.770131349563599,3.805899858474731,15371.42857142857
2015-07-30,3.780861377716065,3.78658480351238,3.737937731004623,3.737937731004623,800,2015-07-30,0.01051644081611447,0.048647072507757017,3.781014476503645,3.773611799875895,0.020050842474432673,2015,7,3,3.741513967514038,3.8309388160705566,13457.142857142857
2015-07-31,3.75582218170166,3.791592053216197,3.737937245944393,3.75582218170166,21200,2015-07-31,-0.0066226167830385485,0.05365480727180394,3.781014476503645,3.772180978457133,0.01867195555047186,2015,7,4,3.780861377716065,3.75582218170166,14342.857142857143
2015-08-03,3.75582218170166,3.827361583603956,3.75582218170166,3.809476647846688,11400,2015-08-03,0.0,0.07153940190229591,3.7820365769522533,3.7692001899083456,0.018650917441547465,2015,8,0,3.75582218170166,3.748667478561402,15628.57142857143
2015-08-04,3.759398937225342,3.8094763439993407,3.7558218821338425,3.7558218821338425,8200,2015-08-04,0.0009523229137704536,0.05365446186549816,3.7645093372889926,3.767530902226766,0.01063765778526548,2015,8,1,3.75582218170166,3.882089614868164,11171.42857142857
2015-08-05,3.827361106872559,3.8441728556973778,3.791591580940207,3.813053228274271,12200,2015-08-05,0.018077935005582857,0.05258127475717078,3.7701301574707036,3.7681270202000934,0.009539311595065266,2015,8,2,3.759398937225342,3.788015365600586,11914.285714285714
2015-08-06,3.777285099029541,3.7915929829183055,3.752246046379056,3.762977215140775,39000,2015-08-06,-0.013083690418732474,0.039346936539249366,3.771152121680124,3.7688424507776896,0.010880024308799642,2015,8,3,3.827361106872559,3.770131349563599,16514.285714285714
2015-08-07,3.739725589752197,3.8094764605364695,3.72005212727386,3.7593990522305343,53800,2015-08-07,-0.009943519827770975,0.08942433326260968,3.7708966391427174,3.7672327915827433,0.01119693600708998,2015,8,4,3.777285099029541,3.741513967514038,20942.85714285714
2015-08-10,3.8012502193450928,3.8023234043319833,3.8012502193450928,3.8023234043319833,4800,2015-08-10,0.016451642805421107,0.001073184986890574,3.7738093308040073,3.766958546638489,0.012297911656374018,2015,8,0,3.739725589752197,3.780861377716065,21514.285714285714
2015-08-11,3.7737066745758057,3.7737066745758057,3.752244685960513,3.7558217409175176,5800,2015-08-11,-0.007245917311392458,0.021461988615292693,3.776364258357457,3.766958546638489,0.012362976722589004,2015,8,1,3.8012502193450928,3.75582218170166,19314.285714285714
2015-08-12,3.7665529251098633,3.791591971078324,3.720052229599029,3.7307833954969847,4200,2015-08-12,-0.0018956824371482162,0.07153974147929487,3.777897221701486,3.767673961321513,0.012402691869543993,2015,8,2,3.7737066745758057,3.75582218170166,18285.714285714286
2015-08-13,3.759398937225342,3.773706816464592,3.737936947803093,3.737936947803093,8400,2015-08-13,-0.0018993461732156325,0.03576986866149934,3.777897221701486,3.7661239306131997,0.012431136019211867,2015,8,3,3.7665529251098633,3.759398937225342,18314.285714285714
2015-08-14,3.759398937225342,3.791591750795341,3.7558218821338425,3.7880146957038408,7600,2015-08-14,0.0,0.03576986866149845,3.768188340323312,3.76445464293162,0.009627071481466227,2015,8,4,3.759398937225342,3.827361106872559,17657.14285714286
2015-08-17,3.7450904846191406,3.75582130712402,3.68428192188033,3.68428192188033,10400,2015-08-17,-0.0038060479467927344,0.07153938524368986,3.7635891096932546,3.763500769933065,0.008502810908216649,2015,8,0,3.759398937225342,3.777285099029541,13571.42857142857
2015-08-18,3.81663179397583,3.838093449805247,3.6342060137914456,3.741515316319135,54000,2015-08-18,0.019102691817595607,0.20388743601380144,3.774575710296631,3.7677931785583496,0.010396341920438555,2015,8,1,3.7450904846191406,3.739725589752197,13600.0
2015-08-19,3.741513967514038,3.818418945620305,3.737936912456364,3.818418945620305,6200,2015-08-19,-0.019681706414634514,0.08048203316394087,3.7660419600350514,3.768031636873881,0.011492594098172024,2015,8,2,3.81663179397583,3.8012502193450928,13800.0
2015-08-20,3.795169115066528,3.795169115066528,3.78443828908004,3.78443828908004,3800,2015-08-20,0.014340491046767267,0.01073082598648778,3.769108022962297,3.770058600107829,0.012742302973822063,2015,8,3,3.741513967514038,3.7737066745758057,13514.285714285714
2015-08-21,3.788015365600586,3.8452468926787713,3.755822546337405,3.8452468926787713,12000,2015-08-21,-0.0018849619737739687,0.08942434634136642,3.7721740858895436,3.771131706237793,0.012741914393981845,2015,8,4,3.795169115066528,3.7665529251098633,14628.57142857143
2015-08-24,3.7665529251098633,3.830938555990521,3.766552925109863,3.830938555990521,10000,2015-08-24,-0.005665879997643564,0.06438563088065807,3.7731960841587613,3.7726816892623902,0.01295664153434862,2015,8,0,3.788015365600586,3.759398937225342,14857.142857142857
2015-08-25,3.709321975708008,3.809477151615845,3.709321975708008,3.809477151615845,4400,2015-08-25,-0.015194516190207508,0.10015517590783718,3.7660422325134277,3.771262828509013,0.014233632626365563,2015,8,1,3.7665529251098633,3.759398937225342,14400.0
2015-08-26,3.7021677494049072,3.752245160630975,3.6878598688936335,3.752245160630975,4200,2015-08-26,-0.001928715368995415,0.06438529173734153,3.7599104131971086,3.769593596458435,0.014207794327001451,2015,8,2,3.709321975708008,3.7450904846191406,13514.285714285714
2015-08-27,3.7021677494049072,3.7021677494049072,3.7021677494049072,3.7021677494049072,0,2015-08-27,0.0,0.0,3.743558406829834,3.770070536931356,0.01106469825020064,2015,8,3,3.7021677494049072,3.81663179397583,5800.0
2015-08-28,3.677129030227661,3.734360557371,3.576973857726817,3.576973857726817,3600,2015-08-28,-0.006763258953155438,0.15738669964418328,3.734360558646066,3.7674474318822226,0.008943176835046312,2015,8,4,3.7021677494049072,3.741513967514038,5428.571428571428
2015-08-31,3.7737066745758057,3.7737066745758057,3.695013171155381,3.695013171155381,21000,2015-08-31,0.026264415405125252,0.0786935034204248,3.73129449571882,3.7663743257522584,0.012922764196154908,2015,8,0,3.677129030227661,3.795169115066528,7885.714285714285
2015-09-01,3.75582218170166,3.791592053216197,3.695013604803015,3.791592053216197,9400,2015-09-01,-0.004739237682312991,0.09657844841318175,3.7266954694475447,3.763870437939962,0.013009688093277906,2015,9,1,3.7737066745758057,3.788015365600586,7514.285714285715
2015-09-02,3.75582218170166,3.762976292455278,3.723629365563933,3.730783476317551,4800,2015-09-02,0.0,0.03934692689134467,3.7251625061035156,3.763870437939962,0.01285702327325844,2015,9,2,3.75582218170166,3.7665529251098633,6771.428571428572
2015-09-03,3.75582218170166,3.75582218170166,3.684282779799365,3.684282779799365,5800,2015-09-03,0.0,0.07153940190229502,3.7318053926740373,3.764108928044637,0.011092145897466377,2015,9,3,3.75582218170166,3.709321975708008,6971.428571428572
2015-09-04,3.805899858474731,3.805899858474731,3.755822107568185,3.755822107568185,25400,2015-09-04,0.01333334602927927,0.0500777509065462,3.746624265398298,3.7615692694981893,0.011712075417503595,2015,9,4,3.75582218170166,3.7021677494049072,10000.0
2015-09-08,3.891747951507568,3.974018193964446,3.773707830774841,3.798746540891832,137400,2015-09-08,0.022556582207930553,0.20031036318960505,3.773707151412964,3.7650270223617555,0.013404498134350167,2015,9,1,3.805899858474731,3.7021677494049072,29628.571428571428
2015-09-09,3.8738625049591056,3.9489789665979314,3.863131679332645,3.902478267380869,48600,2015-09-09,-0.0045957360988739815,0.08584728726528645,3.801811933517456,3.7684847275416056,0.013047497071468515,2015,9,2,3.891747951507568,3.677129030227661,36057.142857142855
2015-09-10,3.802321672439575,3.873861051655528,3.7593980449100033,3.855976121569873,73000,2015-09-10,-0.018467571429793272,0.11446300674552479,3.8058997903551375,3.7705116510391234,0.013303296554189391,2015,9,3,3.8738625049591056,3.7737066745758057,43485.71428571428
2015-09-11,3.859554529190064,3.9203631081282113,3.687859958865967,3.780861013894792,78000,2015-09-11,0.01505208177554529,0.23250314926224425,3.820718697139195,3.7731347560882567,0.013930081036376002,2015,9,4,3.802321672439575,3.75582218170166,53285.71428571428
2015-09-14,4.006209373474121,4.024094305278477,3.8810155330970337,3.884592246556544,45200,2015-09-14,0.037997868193051065,0.14307877218144327,3.8564882959638322,3.7814809958140057,0.01870468875588588,2015,9,0,3.859554529190064,3.75582218170166,59057.142857142855
2015-09-15,4.023379802703857,4.02409514554513,3.9811715049278606,3.9811715049278606,29600,2015-09-15,0.004285954035109896,0.042923640617269054,3.8947108132498607,3.7903995831807453,0.01841316462623074,2015,9,1,4.006209373474121,3.75582218170166,62457.142857142855
2015-09-16,4.077749252319336,4.113519120250471,4.024094791549374,4.024094791549374,28000,2015-09-16,0.013513377379620106,0.08942432870109673,3.9335464409419467,3.801011260350545,0.018418683558293677,2015,9,2,4.023379802703857,3.805899858474731,62828.57142857143
2015-09-17,4.113518714904785,4.113518714904785,4.077748850498408,4.109941660238806,26600,2015-09-17,0.008771864176078115,0.03576986440637686,3.9652279785701205,3.810549847284953,0.017576175379726472,2015,9,3,4.077749252319336,3.891747951507568,47000.0
2015-09-18,4.052710056304932,4.238712801111012,4.04913300172173,4.149288483291174,100800,2015-09-18,-0.014782638129132941,0.18957979938928204,3.9907776287623813,3.8197306791941323,0.019151703925580115,2015,9,4,4.113518714904785,3.8738625049591056,54457.142857142855
2015-09-21,4.19221305847168,4.217251763936276,4.041980143430548,4.041980143430548,35000,2015-09-21,0.03442215214723254,0.1752716205057281,4.046476398195539,3.8348135948181152,0.018000995190714724,2015,9,0,4.052710056304932,3.802321672439575,49028.57142857143
2015-09-22,4.123959541320801,4.163475053925261,4.095221173565757,4.131144304553746,18000,2015-09-22,-0.016281022982109983,0.06825388035950386,4.0842485427856445,3.8455705722173055,0.021334957012734312,2015,9,1,4.19221305847168,3.859554529190064,40457.142857142855
2015-09-23,4.091628551483154,4.109589771829318,4.037743862679706,4.102405352208517,22800,2015-09-23,-0.007839793168119114,0.0718459091496122,4.096451282501221,3.856167968114217,0.01797295342980928,2015,9,2,4.123959541320801,4.006209373474121,37257.142857142855
2015-09-24,4.195804595947266,4.238912135175568,4.131143115810678,4.138327876976196,54600,2015-09-24,0.02546077757384624,0.10776901936488947,4.1210833958217075,3.8704763571421306,0.019876066317277317,2015,9,3,4.091628551483154,4.023379802703857,40828.57142857143
2015-09-25,4.2281365394592285,4.274836129974005,4.2209517762487305,4.238913341686611,28000,2015-09-25,0.0077057791354708804,0.05388435372527489,4.142567293984549,3.88610094388326,0.01963876763250277,2015,9,4,4.195804595947266,4.077749252319336,40828.57142857143
2015-09-28,4.2281365394592285,4.238913341686611,4.048521570257155,4.188621026978218,33000,2015-09-28,0.0,0.1903917714294554,4.158941268920898,3.9017255306243896,0.019663952310944185,2015,9,0,4.2281365394592285,4.113518714904785,41742.857142857145
2015-09-29,4.077258586883545,4.210173578939814,4.077258586883545,4.210173578939814,4800,2015-09-29,-0.03568426685553083,0.13291499205626867,4.1624482018607,3.91279780069987,0.024096198789311907,2015,9,1,4.2281365394592285,4.052710056304932,28028.571428571428
2015-09-30,4.152698040008545,4.159882460286945,3.99822906425692,4.11318252941812,25600,2015-09-30,0.01850249414341465,0.16165339603002504,4.15680319922311,3.9240000089009603,0.02097783374676969,2015,9,2,4.077258586883545,4.19221305847168,26685.714285714286
2015-10-01,4.113181114196777,4.120365874591468,4.105996696390318,4.120365874591468,1800,2015-10-01,-0.009515964183055892,0.014369178201150135,4.155263423919678,3.936388913790385,0.02031045231254145,2015,10,3,4.152698040008545,4.123959541320801,24371.428571428572
2015-10-02,4.185028076171875,4.238912765156719,4.09162856525712,4.095220603785454,18600,2015-10-02,0.01746749291615579,0.14728419989959907,4.168606213160923,3.9493842124938965,0.020964878246665222,2015,10,4,4.113181114196777,4.091628551483154,23771.428571428572
2015-10-05,4.253281116485596,4.2748347138000495,4.210173579268434,4.210173579268434,56600,2015-10-05,0.016308860794107982,0.06466113453161526,4.1768171446663995,3.9648930708567303,0.019602332198073034,2015,10,0,4.185028076171875,4.195804595947266,24057.14285714286
2015-10-06,4.404158115386963,4.517674744365615,4.220950806663772,4.228135568223876,62800,2015-10-06,0.035473084136520505,0.29672393770184247,4.201963084084647,3.9861465771993,0.02337031884963085,2015,10,1,4.253281116485596,4.2281365394592285,29028.571428571428
2015-10-07,4.540666103363037,4.691542690233168,4.368235571545032,4.404158698928714,70000,2015-10-07,0.03099525139643644,0.32330711868813555,4.246610164642334,4.013858048121135,0.024912058683492555,2015,10,2,4.404158115386963,4.2281365394592285,34314.28571428572
2015-10-08,4.669989109039307,4.766981354977151,4.479597341287829,4.479597341287829,38800,2015-10-08,0.02848106483330426,0.287384013689322,4.3312859535217285,4.046118760108948,0.014860268332093456,2015,10,3,4.540666103363037,4.077258586883545,39171.42857142857
2015-10-09,4.669989109039307,4.846011693235736,4.580181626173166,4.723873461723647,11400,2015-10-09,0.0,0.26583006706256995,4.40518467766898,4.078379472096761,0.016641930181806458,2015,10,4,4.669989109039307,4.152698040008545,37142.857142857145
2015-10-12,4.849603176116943,4.860379976139147,4.601734720076483,4.666395862798002,5200,2015-10-12,0.038461346029688315,0.258645256062664,4.510387829371861,4.117461943626404,0.013462964897126256,2015,10,0,4.669989109039307,4.113181114196777,37628.57142857143
2015-10-13,4.759795665740967,4.849603131132305,4.317943100457959,4.849603131132305,23600,2015-10-13,-0.0185185276226838,0.5316600306743462,4.592497485024588,4.150331576665242,0.021052723417606733,2015,10,1,4.849603176116943,4.185028076171875,38342.857142857145
2015-10-14,4.727465152740479,4.759795896664024,4.555034975265981,4.756203515652894,6000,2015-10-14,-0.006792416160464443,0.20476092139804347,4.660238061632429,4.18271967569987,0.023199129012545935,2015,10,2,4.759795665740967,4.253281116485596,31114.285714285714
2015-10-15,4.705912590026856,4.723873813868329,4.6161051004659495,4.723873813868329,16600,2015-10-15,-0.004559010382367168,0.10776871340237992,4.7033458437238425,4.214389355977376,0.022357405949839707,2015,10,3,4.727465152740479,4.404158115386963,24514.285714285714
2015-10-16,4.799310684204102,4.867564547717598,4.669988061225036,4.669988061225036,27000,2015-10-16,0.01984696748834258,0.19757648649256243,4.74029506955828,4.249172306060791,0.02094188036472958,2015,10,4,4.705912590026856,4.540666103363037,18371.428571428572
2015-10-19,4.914265155792236,4.914265155792236,4.634065586321044,4.824457680533392,47400,2015-10-19,0.023952287974704944,0.2801995694711925,4.775191647665841,4.286117815971375,0.020267524500221578,2015,10,0,4.799310684204102,4.669989109039307,19600.0
2015-10-20,5.011257648468018,5.205241804454252,4.817273492481784,4.817273492481784,22400,2015-10-20,0.019736927007583338,0.3879683119724673,4.823944296155657,4.323434805870056,0.02042504533729228,2015,10,1,4.914265155792236,4.669989109039307,21171.428571428572
2015-10-21,5.136987686157227,5.208833598305848,4.960965115746022,4.960965115746022,27800,2015-10-21,0.025089517743643874,0.2478684825598254,4.8649992261614114,4.3655389785766605,0.01781069412319961,2015,10,2,5.011257648468018,4.849603176116943,24400.0
2015-10-22,4.957373142242432,5.133395727131742,4.925042393469219,5.104657359908522,21800,2015-10-22,-0.03496495512317599,0.2083533336625223,4.8932245799473355,4.404040694236755,0.022436534547055086,2015,10,3,5.136987686157227,4.759795665740967,24142.85714285714
2015-10-23,5.115433692932129,5.115433692932129,4.993295472138212,4.993295472138212,8000,2015-10-23,0.03188393250910293,0.12213822079391701,4.948648657117571,4.445903333028157,0.023486195160109635,2015,10,4,4.957373142242432,4.727465152740479,24428.571428571428
2015-10-26,5.104657173156738,5.1082495545753055,4.93977077155169,5.054364861061847,10600,2015-10-26,-0.0021066678647951864,0.1684787830236152,5.005612168993268,4.4825182596842446,0.023222325256324464,2015,10,0,5.115433692932129,4.705912590026856,23571.428571428572
2015-10-27,5.03999662399292,5.075919759744734,4.978927498767885,5.022035056117014,10800,2015-10-27,-0.012666971937673188,0.09699226097684832,5.039995874677386,4.516405487060547,0.024584208705259302,2015,10,1,5.104657173156738,4.799310684204102,21257.14285714286
2015-10-28,5.022034645080566,5.064783166274634,4.960965867442216,4.993296275866618,13800,2015-10-28,-0.0035638870920756682,0.10381729883241864,5.05539151600429,4.547881666819254,0.023655440863591747,2015,10,2,5.03999662399292,4.914265155792236,16457.14285714286
2015-10-29,4.964556694030762,5.029218180262391,4.921449150739108,5.029218180262391,11800,2015-10-29,-0.01144515223647613,0.10776902952328271,5.048719951084682,4.576249599456787,0.022980303802455294,2015,10,3,5.022034645080566,5.011257648468018,14942.857142857143
2015-10-30,5.208834171295166,5.208834171295166,4.9214501484991375,4.943004095808897,19600,2015-10-30,0.04920428797965304,0.2873840227960285,5.058983734675816,4.614787069956462,0.028666569547065535,2015,10,4,4.964556694030762,5.136987686157227,13771.42857142857
2015-11-02,5.154948711395264,5.205240673352022,5.154948711395264,5.154948711395264,9600,2015-11-02,-0.01034501351508832,0.050291961956758335,5.087208815983364,4.646878258387248,0.02454101583522283,2015,11,0,5.208834171295166,4.957373142242432,12028.57142857143
2015-11-03,5.201648712158203,5.208833474496457,5.158541165893659,5.201648712158203,4800,2015-11-03,0.009059256139582361,0.05029230860279732,5.099525247301374,4.6828012307484945,0.021877489934389573,2015,11,1,5.154948711395264,5.115433692932129,11571.42857142857
2015-11-04,5.295048236846924,5.298640617792043,5.194463968501698,5.194463968501698,11600,2015-11-04,0.0179557540036126,0.10417664929034487,5.126723970685687,4.72291522026062,0.022465757092809926,2015,11,2,5.201648712158203,5.104657173156738,11714.285714285714
2015-11-05,5.295048236846924,5.32306819155991,5.237571512078223,5.295048236846924,9000,2015-11-05,0.0,0.08549667948168693,5.163159915379116,4.759556674957276,0.021239282908767514,2015,11,3,5.295048236846924,5.03999662399292,11457.142857142857
2015-11-06,5.158540725708008,5.320194438641312,5.15494868743372,5.298640496054106,4200,2015-11-06,-0.025780220506584683,0.16524575120759177,5.182660784040179,4.790570147832235,0.02453202095489933,2015,11,4,5.295048236846924,5.022034645080566,10085.714285714286
2015-11-09,5.298641204833984,5.388448682882018,5.226795290913225,5.388448682882018,8200,2015-11-09,0.027158936330147432,0.1616533919687928,5.230387142726353,4.82625363667806,0.02479465690504138,2015,11,0,5.158540725708008,4.964556694030762,9571.42857142857
2015-11-10,5.195911884307861,5.316663232490847,5.154460016182519,5.316663232490847,33400,2015-11-10,-0.019387861256278782,0.16220321630832846,5.228541101728167,4.863542079925537,0.019533557005876827,2015,11,1,5.298641204833984,5.208834171295166,11542.857142857143
2015-11-11,5.576189041137695,6.1276801592161405,5.298641010100884,5.298641010100884,66400,2015-11-11,0.07318776093534352,0.8290391491152569,5.288718291691372,4.910991779963175,0.03310068270627546,2015,11,2,5.195911884307861,5.154948711395264,19657.14285714286
2015-11-12,5.725775718688965,5.857340515458409,5.5761882669674,5.5761882669674,76600,2015-11-12,0.02682596957307415,0.2811522484910087,5.363593578338623,4.964744933446249,0.03353895339260245,2015,11,3,5.576189041137695,5.201648712158203,29914.285714285714
2015-11-13,5.55816650390625,6.109657977667026,5.532934989176638,5.785250823979974,48400,2015-11-13,-0.029272752377575206,0.5767229884903875,5.401181902204241,5.010516214370727,0.037224222878703035,2015,11,4,5.725775718688965,5.295048236846924,35171.42857142857
2015-11-16,5.7023468017578125,5.760019029050628,5.597815803851186,5.760019029050628,27200,2015-11-16,0.025940262449898333,0.16220322519944208,5.459367411477225,5.058818403879801,0.03763819755289503,2015,11,0,5.55816650390625,5.295048236846924,37771.42857142857
2015-11-17,5.637465953826904,5.767228470665582,5.529330351251204,5.702347040369441,54600,2015-11-17,-0.01137792038725316,0.23789811941437833,5.527785301208496,5.099928665161133,0.03561665643403419,2015,11,1,5.7023468017578125,5.158540725708008,44971.42857142857
2015-11-18,5.493284225463867,5.767227619910467,5.4175893492024,5.540142991126066,53400,2015-11-18,-0.025575627337520612,0.3496382707080672,5.555591447012765,5.131682602564494,0.03771131456189912,2015,11,2,5.637465953826904,5.298641204833984,51428.57142857143
2015-11-19,5.489680290222168,5.587002433090634,5.046324778275412,5.4067765481522265,33400,2015-11-19,-0.0006560620375317683,0.5406776548152212,5.59755836214338,5.159005641937256,0.036266096442855715,2015,11,3,5.493284225463867,5.195911884307861,51428.57142857143
2015-11-20,5.633862495422363,5.648280555771185,5.518518012631792,5.587003713350275,22600,2015-11-20,0.02626422625321223,0.1297625431393934,5.60579742704119,5.191134754816691,0.024839992469889317,2015,11,4,5.489680290222168,5.576189041137695,45171.42857142857
2015-11-23,5.583397388458252,5.682521823536329,5.450030285470148,5.633860755975468,70000,2015-11-23,-0.008957461600299088,0.2324915380661814,5.58545766557966,5.215594561894735,0.022375704824703198,2015,11,0,5.633862495422363,5.725775718688965,44228.57142857143
2015-11-24,5.586641311645508,5.740193965714873,5.500493574976402,5.60502456468746,64000,2015-11-24,0.0005809945023727003,0.23970039073847094,5.589525495256696,5.2431560834248865,0.019242992580684595,2015,11,1,5.583397388458252,5.55816650390625,46457.142857142855
2015-11-25,5.644674301147461,5.673150159652789,5.504098339866367,5.587002076647158,54600,2015-11-25,0.010387813762265719,0.16905181978642236,5.581286566598075,5.273729721705119,0.01658233905530194,2015,11,2,5.586641311645508,5.7023468017578125,50371.42857142857
2015-11-27,5.655487537384033,5.659092137213527,5.630256026084695,5.651883281308098,6800,2015-11-27,0.001915652818865743,0.028836111128831554,5.583861078534808,5.305382219950358,0.01599095098887271,2015,11,4,5.644674301147461,5.637465953826904,43542.857142857145
2015-11-30,5.587002277374268,5.65909256058967,5.322070357650069,5.587002277374268,94000,2015-11-30,-0.012109523636479214,0.3370222029396013,5.597249371664865,5.3316386063893635,0.012816991612488917,2015,11,0,5.655487537384033,5.493284225463867,49342.857142857145
2015-12-01,5.529329299926758,5.659091792092917,5.370730354636802,5.540142755002219,187800,2015-12-01,-0.010322705197574167,0.288361437456115,5.602913515908377,5.352140744527181,0.013702543370814203,2015,12,1,5.587002277374268,5.489680290222168,71400.0
2015-12-02,5.40677547454834,5.5221199080042425,5.388752820882473,5.4752611459744,25600,2015-12-02,-0.022164320251290004,0.13336708712176915,5.570472512926374,5.365324672063192,0.010803691533521929,2015,12,2,5.529329299926758,5.633862495422363,71828.57142857143
2015-12-03,5.40677547454834,5.446425037610425,5.352707857304267,5.446425037610425,22200,2015-12-03,0.0,0.09371718030615739,5.5452408109392435,5.374317598342896,0.010898812126974123,2015,12,3,5.40677547454834,5.583397388458252,65000.0
2015-12-04,5.489680290222168,5.489680290222168,5.370731233663107,5.4067765481522265,16800,2015-12-04,0.015333504426823685,0.11894905655906118,5.531389236450195,5.39206116994222,0.013229128488161565,2015,12,4,5.40677547454834,5.586641311645508,58257.142857142855
2015-12-07,5.659091472625732,5.677114125903113,5.478865627358967,5.489679081823987,66800,2015-12-07,0.03085993599760406,0.19824849854414595,5.5334488323756625,5.410183095932007,0.017952785598011087,2015,12,0,5.489680290222168,5.644674301147461,60000.0
2015-12-08,5.994312763214111,6.066403393787857,5.619443271749369,5.619443271749369,67400,2015-12-08,0.05923588480764419,0.44696012203848756,5.581852436065674,5.439838282267252,0.02861275066497805,2015,12,1,5.659091472625732,5.655487537384033,68657.14285714286
2015-12-09,5.853736877441406,6.2754654913414765,5.7884951926745005,6.055589683558084,108400,2015-12-09,-0.023451543375479278,0.48697029866697594,5.6199573789324075,5.4669629573822025,0.03026061048770297,2015,12,2,5.994312763214111,5.587002277374268,70714.28571428571
2015-12-10,5.929431915283203,5.975569148022027,5.77083294334512,5.788855256914523,35000,2015-12-10,0.012931062571927887,0.204736204676907,5.6771148954119,5.497209533055623,0.029293969437190103,2015,12,3,5.853736877441406,5.529329299926758,48885.71428571428
2015-12-11,6.066403865814209,6.210584450673172,5.830668626757484,5.947454797367156,51400,2015-12-11,0.023100349660472252,0.3799158239156881,5.771347522735596,5.533937772115071,0.025683012010968696,2015,12,4,5.929431915283203,5.40677547454834,52571.42857142857
2015-12-14,6.091633796691895,6.214187433800492,5.857340321339722,6.163724414111216,89400,2015-12-14,0.004158959976249488,0.3568471124607706,5.86918442589896,5.563364426294963,0.025272848742016144,2015,12,0,6.066403865814209,5.40677547454834,62171.42857142857
2015-12-15,5.994312763214111,6.1359708729167375,5.947814588372,6.091634908236506,52000,2015-12-15,-0.01597617925270478,0.18815628454473732,5.941274779183524,5.591343228022257,0.028299738747731448,2015,12,1,6.091633796691895,5.489680290222168,67200.0
2015-12-16,6.3799967765808105,6.524177350979435,5.778042276897746,6.012335796233912,146000,2015-12-16,0.06434165660049707,0.746135074081689,6.044261251177106,5.630621496836344,0.034067205767550644,2015,12,2,5.994312763214111,5.659091472625732,78514.28571428571
2015-12-17,6.607080936431885,6.632312450406471,6.343951308543787,6.3763920229417375,91800,2015-12-17,0.035593146486317506,0.28836114186268436,6.131799561636789,5.674355920155843,0.03022554489103962,2015,12,3,6.3799967765808105,5.994312763214111,82000.0
2015-12-18,6.491737365722656,6.902652220838195,6.127680944740161,6.6899855918731,232800,2015-12-18,-0.01745756890508432,0.7749712760980341,6.22294248853411,5.714245557785034,0.029036499532002127,2015,12,4,6.607080936431885,5.853736877441406,99771.42857142857
2015-12-21,6.58545446395874,6.866606424237986,6.434064682459439,6.848584109479095,166800,2015-12-21,0.014436366253959054,0.43254174177854665,6.3166599954877585,5.761809349060059,0.02902210607257177,2015,12,0,6.491737365722656,5.929431915283203,118600.0
2015-12-22,6.478039264678955,6.7656798985948345,6.452086555696039,6.57824481289687,37800,2015-12-22,-0.016310977453060094,0.3135933428987956,6.375465052468436,5.801122617721558,0.031044485949926315,2015,12,1,6.58545446395874,6.066403865814209,116657.14285714286
2015-12-23,6.365577220916748,6.610684496694993,6.340345710911414,6.610684496694993,32400,2015-12-23,-0.017360506654443775,0.2703387857835784,6.4145998273577005,5.840111462275187,0.03271955844005083,2015,12,2,6.478039264678955,6.091633796691895,108514.28571428571
2015-12-24,6.370624542236328,6.621499355088101,6.354764438763706,6.354764438763706,18200,2015-12-24,0.0007929086623903459,0.2667349163243955,6.468358652932303,5.866592645645142,0.03136392998638111,2015,12,3,6.365577220916748,5.994312763214111,103685.71428571429
2015-12-28,6.657543182373047,6.837769046744341,6.307905252995296,6.307905252995296,61000,2015-12-28,0.04503775701024115,0.5298637937490449,6.508008139474051,5.897651561101278,0.026110891131630926,2015,12,0,6.370624542236328,6.3799967765808105,91542.85714285714
2015-12-29,6.754865646362305,6.848583182945575,6.553733368329472,6.769284046224567,72800,2015-12-29,0.014618375175835974,0.2948498146161027,6.5291202408926825,5.937541532516479,0.023247624369529787,2015,12,1,6.657543182373047,6.607080936431885,88828.57142857143
2015-12-30,6.816142082214356,6.848582792548046,6.715936546408055,6.7656790605873285,35400,2015-12-30,0.009071451463294578,0.13264624613999132,6.575463771820068,5.974668041865031,0.02136831362588093,2015,12,2,6.754865646362305,6.491737365722656,60628.57142857143
2015-12-31,6.794516086578369,7.191013176015333,6.794516086578369,6.834165314267026,133600,2015-12-31,-0.0031727618607624297,0.3964970894369637,6.605329717908587,6.013236379623413,0.02140865911969428,2015,12,3,6.816142082214356,6.58545446395874,55885.71428571428
2016-01-04,6.89544153213501,7.02880897937501,6.322323894015615,6.650334924719211,161600,2016-01-04,0.014853956377556488,0.7064850853593949,6.664958613259452,6.059974956512451,0.019471636156678827,2016,1,0,6.794516086578369,6.478039264678955,73571.42857142857
2016-01-05,7.082879066467285,7.2054327565492695,6.90265313252406,7.0360206261452936,198200,2016-01-05,0.027182818309567924,0.3027796240252094,6.767430305480957,6.113081582387289,0.01641369788404885,2016,1,1,6.89544153213501,6.365577220916748,97257.14285714286
2016-01-06,6.5061540603637695,7.115317733573238,6.362694687402824,7.028809392778365,297000,2016-01-06,-0.081425222807195,0.752623046170414,6.786791665213449,6.1421579678853355,0.04046862022547796,2016,1,2,7.082879066467285,6.370624542236328,137085.7142857143
2016-01-07,6.25023365020752,6.434064132567409,5.857341171978827,6.434064132567409,94000,2016-01-07,-0.039335129138018066,0.5767229605885822,6.7286045891898025,6.164385843276977,0.03864134171932139,2016,1,3,6.5061540603637695,6.657543182373047,141800.0
2016-01-08,6.257443428039551,6.484527758086102,5.947454662016956,6.109658245983952,67200,2016-01-08,0.001153521329845253,0.5370730960691459,6.657544272286552,6.1867459138234455,0.03763138493500358,2016,1,4,6.25023365020752,6.754865646362305,141000.0
2016-01-11,6.434066295623779,6.718822927751108,6.134891258068529,6.138495859425509,162800,2016-01-11,0.028226043050230798,0.5839316696825794,6.602962017059326,6.2130589803059895,0.03989772299079188,2016,1,0,6.257443428039551,6.816142082214356,159200.0
2016-01-12,5.997918128967285,6.5432819144638055,5.792460699370333,6.480923627935374,196800,2016-01-12,-0.06778732866851966,0.7508212150934721,6.489162308829171,6.224473333358764,0.045771283787538176,2016,1,1,6.434066295623779,6.794516086578369,168228.57142857142
2016-01-13,5.87175989151001,6.091635012250589,5.540143878967836,6.07000809771207,90000,2016-01-13,-0.021033671141322707,0.5514911332827532,6.342922074454171,6.233965253829956,0.04360204533522937,2016,1,2,5.997918128967285,6.89544153213501,158000.0
2016-01-14,5.997918128967285,6.053788409167645,5.507703772273965,5.814087616299672,248600,2016-01-14,0.02148559201810829,0.5460846368936796,6.187927654811314,6.24958488146464,0.0425751046774853,2016,1,3,5.87175989151001,7.082879066467285,165200.0
2016-01-15,6.643125057220459,6.654659363320723,5.85373562790837,5.85373562790837,111000,2016-01-15,0.10757181314915099,0.8009237354123533,6.207494940076556,6.2907965342203775,0.0566938643053453,2016,1,4,5.997918128967285,6.5061540603637695,138628.57142857142
2016-01-19,6.235816478729248,6.848584874041117,5.933036881928951,6.643127437821054,178200,2016-01-19,-0.06131279706205506,0.9155479921121659,6.2054353441510886,6.318431234359741,0.06002542953585272,2016,1,1,6.643125057220459,6.25023365020752,150657.14285714287
2016-01-20,6.596267223358154,6.762075397760592,6.102448675424776,6.217793133700976,63200,2016-01-20,0.05780329582476096,0.6596267223358154,6.2538387434823175,6.355317465464274,0.06372513186820788,2016,1,2,6.235816478729248,6.257443428039551,150085.7142857143
2016-01-21,6.369182586669922,6.520572352418723,6.217792820921121,6.520572352418723,79600,2016-01-21,-0.03442623365592268,0.3027795314976025,6.244569642203195,6.378987169265747,0.06500737445196601,2016,1,3,6.596267223358154,6.434066295623779,138200.0
2016-01-22,6.01954460144043,6.765679626512682,6.01954460144043,6.434063983424219,182200,2016-01-22,-0.054895268030351385,0.7461350250722525,6.2476591382707864,6.379828230539958,0.06290456120694508,2016,1,4,6.369182586669922,5.997918128967285,136114.2857142857
2016-01-25,5.828505039215088,6.124075375077028,5.605024987251964,6.030357834131773,123800,2016-01-25,-0.031736547342738786,0.5190503878250636,6.241479873657227,6.378987169265747,0.06368776748754931,2016,1,0,6.01954460144043,5.87175989151001,140942.85714285713
2016-01-26,6.048381328582764,6.181748106868323,5.702347250111365,5.934838821388232,79200,2016-01-26,0.03772430286811357,0.47940085675695787,6.248688902173724,6.382952149709066,0.06485853919136297,2016,1,1,5.828505039215088,5.997918128967285,116742.85714285714
2016-01-27,5.770833015441895,6.037567247143176,5.761821514791013,6.037567247143176,46000,2016-01-27,-0.04588803153486065,0.2757457323521635,6.124075753348214,6.373099788029989,0.04711401082230639,2016,1,2,6.048381328582764,6.643125057220459,107457.14285714286
2016-01-28,5.817691802978516,5.974849083997732,5.72036999621585,5.792460287105532,54600,2016-01-28,0.008119934749668323,0.2544790877818821,6.064343656812396,6.363968388239543,0.04391178028269014,2016,1,3,5.770833015441895,6.235816478729248,89800.0
2016-01-29,6.102448463439941,6.275465144844044,5.767228213527507,5.864550354632507,44200,2016-01-29,0.0489466733723567,0.5082369313165369,5.993798119681222,6.367572911580404,0.041738555646332845,2016,1,4,5.817691802978516,6.596267223358154,87085.71428571429
2016-02-01,5.929431915283203,6.1637254292214125,5.909246016575977,5.990708743929245,89200,2016-02-01,-0.028351988417974927,0.25447941264543594,5.930976595197405,6.352554082870483,0.041213400176443135,2016,2,0,6.102448463439941,6.369182586669922,88457.14285714286
2016-02-02,5.846527099609375,5.947453836457901,5.788854874983689,5.868154699474369,45200,2016-02-02,-0.013981915444570614,0.15859896147421182,5.90625980922154,6.327202288309733,0.03630104593706906,2016,2,1,5.929431915283203,6.01954460144043,68885.71428571429
2016-02-03,5.69153356552124,5.83066818019534,5.677115508139601,5.788855366908902,52200,2016-02-03,-0.026510359303472675,0.15355267205573853,5.886692455836704,6.300528828303019,0.035674137688674175,2016,2,2,5.846527099609375,5.828505039215088,58657.142857142855
2016-02-04,5.695138454437256,5.772275048150662,5.594212047650786,5.659093137279563,65400,2016-02-04,0.0006333774323767916,0.17806300049987556,5.836229188101632,6.270851627985636,0.03110541740873427,2016,2,3,5.69153356552124,6.048381328582764,56685.71428571428
2016-02-05,6.221396446228027,6.221396446228027,5.708113300636263,5.767227220141071,120800,2016-02-05,0.09240477575760209,0.5132831455917639,5.9005953924996515,6.262296867370606,0.044271055633915146,2016,2,4,5.695138454437256,5.770833015441895,67371.42857142857
2016-02-08,6.16372537612915,6.480922629765894,5.835714321939596,6.0880301472738445,76400,2016-02-08,-0.009269795068893583,0.645208307826298,5.950028760092599,6.255568472544352,0.04498165532051504,2016,2,0,6.221396446228027,5.817691802978516,70485.71428571429
2016-02-09,6.109656810760498,6.23581436031325,6.073611501956677,6.127679121408868,60200,2016-02-09,-0.008772059439579927,0.1622028583565731,5.951058523995536,6.246869548161825,0.04163060461326816,2016,2,1,6.16372537612915,6.102448463439941,72771.42857142857
2016-02-10,6.51503849029541,6.51503849029541,6.125222142129132,6.467985738289826,36000,2016-02-10,0.06635097389119182,0.38981634816627775,6.034716606140137,6.242119391759236,0.045733945004348485,2016,2,2,6.109656810760498,5.929431915283203,65171.42857142857
2016-02-11,6.967469215393066,6.967469215393066,6.305107234479114,6.587425716151219,110800,2016-02-11,0.0694440601957429,0.6623619809139525,6.194851194109235,6.249206177393595,0.047920587742232755,2016,2,3,6.51503849029541,5.846527099609375,74542.85714285714
2016-02-12,7.206353187561035,7.351131617903088,6.949371559998643,7.05795521016568,154600,2016-02-12,0.03428561573551092,0.40176005790444513,6.411253997257778,6.262213214238485,0.04187673840215279,2016,2,4,6.967469215393066,5.69153356552124,89171.42857142857
2016-02-16,7.202734470367432,7.257026301706158,7.086911712749324,7.238929254712612,151800,2016-02-16,-0.0005021565137620643,0.1701145889568334,6.626624856676374,6.27582049369812,0.04203400695734556,2016,2,1,7.206353187561035,5.695138454437256,101514.28571428571
2016-02-17,7.220834732055664,7.257028838695877,7.10863079232434,7.257028838695877,70200,2016-02-17,0.002512970839435802,0.14839804637153708,6.769401754651751,6.286666933695475,0.03459213497903147,2016,2,2,7.202734470367432,6.221396446228027,94285.71428571429
2016-02-18,7.238931179046631,7.517630195125911,6.044507810647247,7.130347487504241,132600,2016-02-18,0.002506143356339585,1.4731223844786632,6.9230025836399625,6.2918686707814535,0.03307044973470915,2016,2,3,7.220834732055664,6.16372537612915,102314.28571428571
2016-02-19,7.166540145874023,7.238929719209372,6.69962953797125,7.159301740826997,62000,2016-02-19,-0.010000237795069311,0.5393001812381222,7.073985917227609,6.313881540298462,0.03327400798039761,2016,2,4,7.238931179046631,6.109656810760498,102571.42857142857
2016-02-22,7.289602756500244,7.399996556536085,7.148443833363639,7.184638623756109,89000,2016-02-22,0.01717183021671498,0.2515527231724457,7.18463795525687,6.348527177174886,0.027394199433074046,2016,2,0,7.166540145874023,6.51503849029541,110142.85714285714
2016-02-23,7.307701110839844,7.466957097373641,7.063386772932999,7.238931072352184,60400,2016-02-23,0.002482762771052416,0.40357032444064256,7.233242511749268,6.383535766601563,0.014456560630105943,2016,2,1,7.289602756500244,6.967469215393066,102942.85714285714
2016-02-24,7.43438196182251,7.434381961822511,7.184638666038721,7.430762413726141,70800,2016-02-24,0.01733525346223508,0.24974329578378995,7.265818050929478,6.41687962214152,0.009768917267380123,2016,2,2,7.307701110839844,7.206353187561035,90971.42857142857
2016-02-25,7.542965888977051,7.69136391397089,7.057957473996816,7.057957473996816,89000,2016-02-25,0.01460564277059584,0.633406439974074,7.314422539302281,6.4683812141418455,0.01014115423756552,2016,2,3,7.43438196182251,7.202734470367432,82000.0
2016-02-26,7.597258567810059,7.698965605645133,7.489398366369187,7.6008781164227806,41400,2016-02-26,0.007197789255861453,0.20956723927594645,7.36819737298148,6.52589783668518,0.009975149148911481,2016,2,4,7.542965888977051,7.220834732055664,77885.71428571429
2016-02-29,7.865097999572754,7.872337095921645,7.448859624526703,7.622593794750724,113200,2016-02-29,0.03525474740290435,0.42347747139494185,7.457649775913784,6.588137165705363,0.014144696165096874,2016,2,0,7.597258567810059,7.238931179046631,75114.28571428571
2016-03-01,7.618975639343262,7.986351907087126,7.503152838021229,7.872338535003971,153400,2016-03-01,-0.031292980741354004,0.48319906906589694,7.5222834178379605,6.62066551844279,0.0205192118159199,2016,3,1,7.865097999572754,7.166540145874023,88171.42857142857
2016-03-02,7.314938545227051,7.4922929404480065,7.094151646302207,7.454288032695989,129600,2016-03-02,-0.03990524560102393,0.39814129414579913,7.525902816227505,6.656636253992716,0.027023998469628753,2016,3,2,7.618975639343262,7.289602756500244,93971.42857142857
2016-03-03,7.314938545227051,7.501341465014422,7.1375848403642665,7.228071466744759,119200,2016-03-03,0.0,0.3637566246501551,7.526936735425677,6.68059196472168,0.027014693502708322,2016,3,3,7.314938545227051,7.307701110839844,102371.42857142857
2016-03-04,7.047099590301514,7.34389636269561,6.967471592064059,7.293223372582405,129800,2016-03-04,-0.036615339044823614,0.37642477063155155,7.4716106823512485,6.703189198176066,0.02901831866352719,2016,3,4,7.314938545227051,7.43438196182251,110800.0
2016-03-07,6.905938148498535,7.130345248335219,6.696009237845276,6.902318601202679,85200,2016-03-07,-0.02003114047050647,0.4343360104899432,7.380606719425747,6.7327356497446695,0.027588117488855375,2016,3,0,7.047099590301514,7.542965888977051,110257.14285714286
2016-03-08,7.119489192962647,7.18463968724116,6.699631219121456,6.699631219121456,66000,2016-03-08,0.03092281452166512,0.48500846811970355,7.312353951590402,6.7757684548695885,0.03154220507824933,2016,3,1,6.905938148498535,7.597258567810059,113771.42857142857
2016-03-09,7.123107433319092,7.20273541705791,7.032620805742087,7.14120448269122,75800,2016-03-09,0.0005082162860814421,0.17011461131582273,7.20635529926845,6.811592658360799,0.025632483501927684,2016,3,2,7.119489192962647,7.865097999572754,108428.57142857143
2016-03-10,7.162920951843262,7.202734593983978,6.884222005067728,7.148442761713471,69200,2016-03-10,0.0055893469103018845,0.3185125889162501,7.141204629625593,6.857995589574178,0.025218362234893845,2016,3,3,7.123107433319092,7.618975639343262,96400.0
2016-03-11,7.202734470367432,7.307699275932648,7.083292165278997,7.30407972846232,57200,2016-03-11,0.005558279756518125,0.22440711065365093,7.125175476074219,6.904163678487142,0.02133960211713264,2016,3,4,7.162920951843262,7.314938545227051,86057.14285714286
2016-03-14,7.361995220184326,7.361995220184326,7.177402338220002,7.246172397859686,50000,2016-03-14,0.022111151045773658,0.1845928819643241,7.131897858210972,6.946148570378622,0.023238633400319765,2016,3,0,7.202734470367432,7.314938545227051,76171.42857142857
2016-03-15,7.285982608795166,7.3475135402909615,7.173779389135123,7.285982608795166,93000,2016-03-15,-0.010325001458946437,0.17373415115583857,7.166024003710065,6.99136692682902,0.01754503331527653,2016,3,1,7.361995220184326,7.047099590301514,70914.28571428571
2016-03-16,7.608116626739502,7.684125070668264,7.257028032330679,7.257028032330679,58800,2016-03-16,0.04421284475143783,0.4270970383375854,7.266335214887347,7.0500865777333575,0.01906426146667924,2016,3,2,7.285982608795166,6.905938148498535,67142.85714285714
2016-03-17,7.597258567810059,7.687745212053187,7.488674870861628,7.488674870861628,110200,2016-03-17,-0.001427167781745342,0.1990703411915593,7.334587982722691,7.113610744476318,0.018203151492694004,2016,3,3,7.608116626739502,7.119489192962647,73457.14285714286
2016-03-18,7.553824424743652,7.908531860330622,7.498808397252913,7.655169011849516,44000,2016-03-18,-0.005717081060060081,0.4097234630777091,7.3961189814976285,7.1755669434865315,0.018853890016055717,2016,3,4,7.597258567810059,7.123107433319092,68914.28571428571
2016-03-21,7.542965888977051,7.615355472545953,7.488674046479491,7.553824533619856,41600,2016-03-21,-0.0014374885033113793,0.1266814260664617,7.450411115373884,7.219619258244832,0.019222606531593703,2016,3,0,7.553824424743652,7.162920951843262,64971.42857142857
2016-03-22,7.347515106201172,7.586399787541343,7.246170508274005,7.553825231320681,68400,2016-03-22,-0.0259116620242843,0.34022927926733804,7.471094063350132,7.2590789159139,0.023066630423772067,2016,3,1,7.542965888977051,7.202734470367432,66571.42857142857
2016-03-23,7.392758369445801,7.452479884490838,7.1991170109466704,7.1991170109466704,55800,2016-03-23,0.00615762779534057,0.25336287354416775,7.4754887989589145,7.301848967870076,0.021614410544360058,2016,3,2,7.347515106201172,7.361995220184326,67400.0
2016-03-24,7.481434822082519,7.553824404413212,7.28960291215694,7.340275895931713,46200,2016-03-24,0.011995042743885298,0.26422149225627223,7.503410543714251,7.3340621789296465,0.021345554703445555,2016,3,3,7.392758369445801,7.285982608795166,60714.28571428572
2016-03-28,7.3728532791137695,7.676887818225509,7.3728532791137695,7.481436993770933,33600,2016-03-28,-0.014513465070664644,0.30403453911173983,7.469801494053432,7.34757498105367,0.012679663499331124,2016,3,0,7.481434822082519,7.608116626739502,57114.28571428572
2016-03-29,7.238931179046631,7.394568309853457,7.156045383909349,7.394568309853457,40000,2016-03-29,-0.01816421607717611,0.23852292594410773,7.418611867087228,7.34866091410319,0.013570688742213349,2016,3,1,7.3728532791137695,7.597258567810059,47085.71428571428
2016-03-30,7.159301280975342,7.238929254243103,7.144823091094971,7.17377878049762,73600,2016-03-30,-0.011000228638970988,0.09410616314813147,7.362251417977469,7.347213141123453,0.013647201215703852,2016,3,2,7.238931179046631,7.553824424743652,51314.28571428572
2016-03-31,7.202734470367432,7.235309707242285,7.15568173396936,7.159301281439687,31000,2016-03-31,0.006066679929716878,0.07962797327292481,7.3136469296046664,7.3466097990671795,0.01447719715834702,2016,3,3,7.159301280975342,7.542965888977051,49800.0
2016-04-01,7.170160293579102,7.285259572935079,7.137585051888097,7.220833275297439,55800,2016-04-01,-0.004522473641412561,0.14767452104698187,7.288310527801514,7.344317436218262,0.011679637136881103,2016,4,4,7.202734470367432,7.347515106201172,48000.0
2016-04-04,7.358373165130615,7.45971844533536,7.1665412495010665,7.1665412495010665,86000,2016-04-04,0.026249464983378212,0.2931771958342937,7.283398355756487,7.350711870193481,0.016070658796351528,2016,4,0,7.170160293579102,7.392758369445801,52314.28571428572
2016-04-05,7.271507263183594,7.43800236813111,7.195498118051379,7.3583743645073,44600,2016-04-05,-0.011805041684846307,0.24250425007973053,7.253408704485212,7.350108687082926,0.01547959519533092,2016,4,1,7.358373165130615,7.481434822082519,52085.71428571428
2016-04-06,7.289602756500244,7.40904508154465,7.249789108390913,7.249789108390913,36000,2016-04-06,0.0024885477881964047,0.15925597315373707,7.24151577268328,7.34950540860494,0.014868706670470343,2016,4,2,7.271507263183594,7.3728532791137695,52428.57142857143
2016-04-07,7.304080963134766,7.336656205516096,7.231691382207761,7.235310930289932,33000,2016-04-07,0.001986144803516332,0.10496482330833512,7.250822884695871,7.345162041982015,0.012935742400015562,2016,4,3,7.289602756500244,7.238931179046631,51428.57142857143
2016-04-08,7.340273857116699,7.340273857116699,7.26462649535303,7.30407907600472,18200,2016-04-08,0.004955160569085626,0.07564736176366882,7.276676109858921,7.338405640920003,0.011747639172858986,2016,4,4,7.304080963134766,7.159301280975342,43514.28571428572
2016-04-11,7.485055923461914,7.67326832429117,7.269697251035959,7.3257992235019005,73600,2016-04-11,0.019724341238963827,0.40357107325521113,7.3170077460152765,7.334665552775065,0.013256772350232086,2016,4,0,7.340273857116699,7.202734470367432,49600.0
2016-04-12,7.600877285003662,7.6443111732470195,7.419904016313098,7.485054503499018,67400,2016-04-12,0.015473680187038541,0.22440715693392121,7.378538744790213,7.325858195622762,0.012865094232699409,2016,4,1,7.485055923461914,7.170160293579102,51257.142857142855
2016-04-13,7.597258567810059,7.673267707960607,7.532108073497676,7.655169964896996,29400,2016-04-13,-0.00047609204278864503,0.14115963446293023,7.412665230887277,7.325134293238322,0.010434623888494868,2016,4,2,7.600877285003662,7.358373165130615,43171.42857142857
2016-04-14,7.44885778427124,7.61173396009126,7.4452382369910115,7.51038870731902,32800,2016-04-14,-0.019533464895824304,0.1664957231002484,7.4380010196140836,7.329598267873128,0.012638422662972782,2016,4,3,7.597258567810059,7.271507263183594,41485.71428571428
2016-04-15,7.347515106201172,7.44524084593805,7.166541820921751,7.304081904334756,52000,2016-04-15,-0.013605129941406613,0.27869902501629973,7.446274212428501,7.330684153238932,0.014221368449004368,2016,4,4,7.44885778427124,7.289602756500244,43771.42857142857
2016-04-18,7.369232654571533,7.493018043603248,7.285984415766543,7.29322351311625,54800,2016-04-18,0.002955767774064366,0.20703362783670531,7.455581596919468,7.341421922047933,0.014234815188747415,2016,4,0,7.347515106201172,7.304080963134766,46885.71428571428
2016-04-19,7.738415241241455,7.90129142922986,7.347513080427391,7.347513080427391,138800,2016-04-19,0.05009783297327419,0.553778348802469,7.512458937508719,7.369171158472697,0.02340740601220931,2016,4,1,7.369232654571533,7.340273857116699,64114.28571428572
2016-04-20,7.633452892303467,7.7854704728609665,7.567940654281912,7.647930395502232,58600,2016-04-20,-0.013563804172538774,0.21752981857905418,7.533658504486084,7.386303281784057,0.02395730003783771,2016,4,2,7.738415241241455,7.485055923461914,61971.42857142857
2016-04-21,7.760130882263184,7.770988832256332,7.437998122093231,7.564679498090991,42400,2016-04-21,0.016595109938706942,0.33299071016310133,7.556409018380301,7.407537396748861,0.024057764700817167,2016,4,3,7.633452892303467,7.600877285003662,58400.0
2016-04-22,7.7022223472595215,7.7601337363822225,7.5683018284393935,7.734797589935818,21600,2016-04-22,-0.007462314216377441,0.191831907942829,7.571403844015939,7.425514109929403,0.02437893639162483,2016,4,4,7.760130882263184,7.597258567810059,57285.71428571428
2016-04-25,7.647926330566406,7.731174518555706,7.590014967835179,7.731174518555706,33000,2016-04-25,-0.007049396167124966,0.141159550720527,7.599842207772391,7.440353838602702,0.022937011192170884,2016,4,0,7.7022223472595215,7.44885778427124,57314.28571428572
2016-04-26,7.959206104278564,7.96282565332763,7.56468423258957,7.713082291809277,53800,2016-04-26,0.040701199286931944,0.39814142073806025,7.687226636069162,7.46026086807251,0.025076086733257473,2016,4,1,7.647926330566406,7.347515106201172,57571.42857142857
2016-04-27,7.687744140625,7.959204035521469,7.640691395933893,7.959204035521469,16800,2016-04-27,-0.034106663415542915,0.3185126395875759,7.732728276933942,7.473652919133504,0.030557001847927947,2016,4,2,7.959206104278564,7.369232654571533,52142.857142857145
2016-04-28,7.463338851928711,7.669648293966894,7.445241108547446,7.669648293966894,45600,2016-04-28,-0.02919000484296108,0.22440718541944804,7.6934316498892645,7.468826993306478,0.02604733618977082,2016,4,3,7.687744140625,7.738415241241455,38828.57142857143
2016-04-29,7.412662982940674,7.532105281451683,7.365971996753378,7.474193905831682,50600,2016-04-29,-0.006789972958944679,0.16613328469830524,7.661890234266009,7.462673807144165,0.025795038575891646,2016,4,4,7.463338851928711,7.633452892303467,37685.71428571428
2016-05-02,7.347515106201172,7.423524245004843,7.347515106201172,7.358373751846924,33800,2016-05-02,-0.00878872773380246,0.07600913880367077,7.602945123400007,7.455796829859415,0.02416640556152421,2016,5,0,7.412662982940674,7.760130882263184,36457.142857142855
2016-05-03,7.202734470367432,7.539344791168863,6.916797123792491,7.307699275932648,116800,2016-05-03,-0.019704707474714533,0.6225476673763719,7.531589712415423,7.444455782572429,0.02460007909897559,2016,5,1,7.347515106201172,7.7022223472595215,50057.142857142855
2016-05-04,7.249789237976074,7.278744932735973,7.112249170097893,7.260647192037149,83000,2016-05-04,0.006532903274753421,0.1664957626380792,7.474712984902518,7.441198253631592,0.02532975333333888,2016,5,2,7.202734470367432,7.647926330566406,57200.0
2016-05-05,7.495914459228516,7.600879314467006,7.300463635842885,7.329419338950327,81800,2016-05-05,0.03394929330678753,0.30041567862412144,7.4085284641810825,7.444636789957682,0.023237829688776048,2016,5,3,7.249789237976074,7.959206104278564,61200.0
2016-05-06,7.770990371704102,7.781849014206327,7.463336428080096,7.503150069872064,45000,2016-05-06,0.03669677848803743,0.31851258612623123,7.420420782906668,7.454288641611735,0.02543784131520747,2016,5,4,7.495914459228516,7.687744140625,65228.57142857143
2016-05-09,7.875955581665039,7.941106059300097,7.563595450892823,7.832521699788957,67200,2016-05-09,0.013507314375673207,0.3775106084072739,7.4793660300118585,7.471058718363444,0.02159266218968996,2016,5,0,7.770990371704102,7.463338851928711,68314.28571428571
2016-05-10,7.524865627288818,7.644307905958898,6.989184456250398,7.575537899949476,111800,2016-05-10,-0.04457744215743753,0.6551234497084995,7.49539497920445,7.480589866638184,0.02924799438185856,2016,5,1,7.875955581665039,7.412662982940674,77057.14285714286
2016-05-11,7.125382900238037,7.564817478067649,7.089065826962647,7.357811060895647,46200,2016-05-11,-0.0530883535783101,0.4757516511050017,7.463661806924002,7.47945925394694,0.03609342167241804,2016,5,2,7.524865627288818,7.347515106201172,78828.57142857143
2016-05-12,6.842111110687256,7.2016487104051095,6.78763584273436,7.118119920031294,83200,2016-05-12,-0.03975530768196589,0.4140128676707491,7.412144184112549,7.467438475290934,0.038293428837557625,2016,5,3,7.125382900238037,7.202734470367432,74028.57142857143
2016-05-13,6.715001106262207,6.82758340926447,6.627840546580724,6.82758340926447,76400,2016-05-13,-0.01857760015421339,0.1997428626837463,7.335745879581997,7.452266502380371,0.03802498335691511,2016,5,4,6.842111110687256,7.249789237976074,73085.71428571429
2016-05-16,6.192036151885986,6.745506213883118,6.083085641355795,6.718631902392968,142600,2016-05-16,-0.07788009951160235,0.6624205725273233,7.149477549961635,7.413388601938883,0.039803807916621754,2016,5,0,6.715001106262207,7.495914459228516,81771.42857142857
2016-05-17,5.963241100311279,6.268303427406617,5.890606949025493,6.195669276120831,114800,2016-05-17,-0.03694988949717615,0.3776964783811243,6.891227654048374,7.36977972984314,0.028533607672536862,2016,5,1,6.192036151885986,7.770990371704102,91742.85714285714
2016-05-18,6.0177154541015625,6.177510147063357,5.872447866268339,5.883343195114768,59600,2016-05-18,0.009135024540168235,0.30506228079501785,6.625764778682163,7.32738348642985,0.02726969708250241,2016,5,2,5.963241100311279,7.875955581665039,90657.14285714286
2016-05-19,5.897870063781738,6.173878848360731,5.828867694464352,5.9015018403448165,70000,2016-05-19,-0.019915429905902227,0.3450111538963796,6.393336841038296,7.280509789784749,0.027774015758351242,2016,5,3,6.0177154541015625,7.524865627288818,84685.71428571429
2016-05-20,5.985030174255371,6.081270514231076,5.901501397642155,5.955976656620752,25400,2016-05-20,0.014778235113871885,0.17976911658892103,6.230429308755057,7.235335000356039,0.03153455267022747,2016,5,4,5.897870063781738,7.125382900238037,81714.28571428571
2016-05-23,5.9196600914001465,6.13756183859383,5.9196600914001465,5.999557791229147,45600,2016-05-23,-0.010922264542025939,0.21790174719368327,6.0986505917140414,7.1831551392873125,0.031038148226390207,2016,5,0,5.985030174255371,6.842111110687256,76342.85714285714
2016-05-24,5.9269232749938965,6.141193232225093,5.919659722245937,5.919659722245937,40000,2016-05-24,0.0012269595688951807,0.22153350997915577,5.986068044389997,7.127356672286988,0.03207960850344845,2016,5,1,5.9196600914001465,6.715001106262207,71142.85714285714
2016-05-25,5.719916820526123,6.078001794123251,5.556490694922999,5.923291446858154,95400,2016-05-25,-0.03492646097531715,0.5215110992002518,5.918622425624302,7.064778614044189,0.02059430079992767,2016,5,2,5.9269232749938965,6.192036151885986,64400.0
2016-05-26,5.719916820526123,5.8107091510106645,5.6436512490652975,5.705390061502406,53200,2016-05-26,0.0,0.16705790194536707,5.883861814226423,7.007147248586019,0.017336716729554526,2016,5,3,5.719916820526123,5.963241100311279,55600.0
2016-05-27,5.781656265258789,6.017716211796567,5.683600371366138,5.683600371366138,101200,2016-05-27,0.010793766180499764,0.33411584043042897,5.850139072963169,6.95495195388794,0.017584495458819963,2016,5,4,5.719916820526123,6.0177154541015625,61542.857142857145
2016-05-31,5.803446292877197,5.883343996587602,5.6763372227936975,5.778024548129556,56000,2016-05-31,0.003768821012300805,0.2070067737939043,5.83664996283395,6.902759075164795,0.016615286260411612,2016,5,1,5.781656265258789,5.897870063781738,59542.857142857145
2016-06-01,5.69449520111084,5.93781867974243,5.632756387347884,5.814341052216518,51600,2016-06-01,-0.018773515988263267,0.3050622923945463,5.795144966670445,6.834628407160441,0.015722338388302223,2016,6,2,5.803446292877197,5.985030174255371,63285.71428571428
2016-06-02,5.512911319732666,5.79618334020945,5.4729624661231,5.683600679598825,82200,2016-06-02,-0.03188761689407549,0.32322087408635003,5.7370379992893765,6.763943688074748,0.018372854757434713,2016,6,3,5.69449520111084,5.9196600914001465,68514.28571428571
2016-06-03,5.719916820526123,5.8107091510106645,5.52017362419108,5.5419639358992825,71000,2016-06-03,0.03754921651877674,0.2905355268195846,5.707465648651123,6.695936552683512,0.02572186476504114,2016,6,4,5.512911319732666,5.9269232749938965,72942.85714285714
2016-06-06,5.738075256347656,5.759865221332591,5.712653168738235,5.712653168738235,47000,2016-06-06,0.003174597881628438,0.04721205259435557,5.7100597109113425,6.63046498298645,0.022048960626096844,2016,6,0,5.719916820526123,5.719916820526123,66028.57142857143
2016-06-07,5.727180004119873,5.810708776536879,5.701757917707766,5.741706762207406,60200,2016-06-07,-0.0018987642617148692,0.10895085882911282,5.7110973085675925,6.566440105438232,0.02207011356758519,2016,6,1,5.738075256347656,5.719916820526123,67028.57142857143
2016-06-08,5.629124641418457,5.748970493173293,5.581912586735451,5.748970493173293,62000,2016-06-08,-0.01712105480024717,0.1670579064378419,5.689307076590402,6.4887707233428955,0.022396393620098504,2016,6,2,5.727180004119873,5.781656265258789,61428.57142857143
2016-06-09,5.4656982421875,5.629124364135281,5.447539707227691,5.629124364135281,77000,2016-06-09,-0.029032293587618274,0.18158465690758963,5.641057355063302,6.414702526728312,0.023973945362628205,2016,6,3,5.629124641418457,5.803446292877197,64428.57142857143
2016-06-10,5.469330310821533,5.6109661291198965,5.451171774891027,5.483857070296885,35200,2016-06-10,0.0006645205192630232,0.15979435422886912,5.608890942164829,6.348235575358073,0.023680433581096647,2016,6,4,5.4656982421875,5.69449520111084,62085.71428571428
2016-06-13,5.396695613861084,5.483856508123223,5.269586568068567,5.483856508123223,70000,2016-06-13,-0.013280363926226113,0.21426994005465616,5.59228869846889,6.28103666305542,0.021132980418558094,2016,6,0,5.469330310821533,5.512911319732666,60342.857142857145
2016-06-14,5.309535980224609,5.360379815103856,5.171531582419762,5.360379815103856,88600,2016-06-14,-0.016150555797998067,0.18884823268409434,5.533662864140102,6.213104025522868,0.011637317272475656,2016,6,1,5.396695613861084,5.719916820526123,62857.142857142855
2016-06-15,5.440276145935059,5.516541715567104,5.3313256290423485,5.345852387717726,47800,2016-06-15,0.0246236518967744,0.18521608652475585,5.491120134081159,6.154355414708456,0.017293534592176762,2016,6,2,5.309535980224609,5.738075256347656,62971.42857142857
2016-06-16,5.418486595153809,5.614598025430087,5.411223042088444,5.614598025430087,33600,2016-06-16,-0.0040052288149988735,0.20337498334164295,5.447021075657436,6.093311993281047,0.017198776017041475,2016,6,3,5.440276145935059,5.727180004119873,59171.42857142857
2016-06-17,5.338588237762451,5.588448597555009,5.3167982753605365,5.418485574708288,44000,2016-06-17,-0.014745511682693335,0.27165032219447216,5.4055158751351495,6.021401119232178,0.017005570448596866,2016,6,4,5.418486595153809,5.629124641418457,56600.0
2016-06-20,5.175161838531494,5.349482913162654,5.175161838531494,5.32406117636524,157000,2016-06-20,-0.030612287734604116,0.17432107463115987,5.364010674612863,5.934873501459758,0.017347321246966044,2016,6,0,5.338588237762451,5.4656982421875,68028.57142857143
2016-06-21,5.157003879547119,5.280481494300207,5.124318587836569,5.138845345669567,51200,2016-06-21,-0.003508674617512586,0.15616290646363762,5.319392613002232,5.844241778055827,0.017083917607801525,2016,6,1,5.175161838531494,5.469330310821533,70314.28571428571
2016-06-22,5.135214328765869,5.18242638210457,5.091634051763665,5.117055793428637,86600,2016-06-22,-0.004225234514107723,0.09079233034090439,5.282038143702915,5.764586734771728,0.01698115735769127,2016,6,2,5.157003879547119,5.396695613861084,72685.71428571429
2016-06-23,5.287744998931885,5.356747011433022,5.106160354476528,5.106160354476528,40800,2016-06-23,0.02970288295691703,0.25058665695649385,5.278925146375384,5.703332138061524,0.02116694190947715,2016,6,3,5.135214328765869,5.309535980224609,65857.14285714286
2016-06-24,5.847025394439697,5.979582095068655,5.4475390582934295,5.4475390582934295,272600,2016-06-24,0.10576916920554713,0.5320430367752254,5.337032181876046,5.670162614186605,0.045447044802514956,2016,6,4,5.287744998931885,5.440276145935059,97971.42857142857
2016-06-27,5.70902156829834,5.861552357673132,5.629124224267553,5.843394169509749,61400,2016-06-27,-0.02360239896898586,0.23242813340557866,5.378537178039551,5.636629962921143,0.047112644777095515,2016,6,0,5.847025394439697,5.418486595153809,101942.85714285714
2016-06-28,5.7598652839660645,5.812524655206653,5.654546195139635,5.6581779714583655,41200,2016-06-28,0.008905854542581304,0.1579784600670182,5.438719613211496,5.622224267323812,0.046011566586722376,2016,6,1,5.70902156829834,5.338588237762451,101542.85714285714
2016-06-29,5.832499027252197,5.923291356349419,5.701758198036488,5.770760562103716,28600,2016-06-29,0.012610319808750603,0.22153315831293074,5.532624925885882,5.617866198221843,0.04210990202434426,2016,6,2,5.7598652839660645,5.175161838531494,83200.0
2016-06-30,5.876079082489014,6.031515352021079,5.756233247363051,5.7961817436233,46400,2016-06-30,0.007471935277346686,0.2752821046580278,5.635349954877581,5.613144985834757,0.04137541010603276,2016,6,3,5.832499027252197,5.157003879547119,82514.28571428571
2016-07-01,5.970503807067871,5.988661995968295,5.886974337130609,5.912033108842737,21800,2016-07-01,0.01606934203119348,0.10168765883768582,5.754677023206439,5.615566110610962,0.04012651455711228,2016,7,4,5.876079082489014,5.135214328765869,73257.14285714286
2016-07-05,5.992292404174805,6.039504100151217,5.966870668442095,5.988660628685797,33600,2016-07-05,0.00364937328758419,0.0726334317091224,5.8553266525268555,5.61580818494161,0.04054432500023398,2016,7,1,5.970503807067871,5.287744998931885,72228.57142857143
2016-07-06,6.11940336227417,6.133929775306517,5.995925734391849,6.006821063684005,54000,2016-07-06,0.021212409129235388,0.13800404091466767,5.894237790788923,5.622466293970744,0.014527452581127129,2016,7,2,5.992292404174805,5.847025394439697,41000.0
2016-07-07,6.050400733947754,6.221090062670448,6.028610768995824,6.221090062670448,38400,2016-07-07,-0.011276038568043045,0.1924792936746238,5.943006243024554,5.6265822092692055,0.010420589043624133,2016,7,3,6.11940336227417,5.70902156829834,37714.28571428572
2016-07-08,6.046769142150879,6.162983215693998,6.010452070996025,6.0649280240735655,19400,2016-07-08,-0.0006002233499177168,0.15253114469797335,5.983992508479527,5.637477286656698,0.010946422121570605,2016,7,4,6.050400733947754,5.7598652839660645,34600.0
2016-07-11,6.057663917541504,6.0976127614289615,5.99229333397674,5.995925110029277,48600,2016-07-11,0.0018017515030761544,0.10531942745222178,6.016158921378,5.648735523223877,0.010787532751203956,2016,7,0,6.046769142150879,5.832499027252197,37457.142857142855
2016-07-12,6.075821876525879,6.286460030815125,5.999556660363248,6.068558324694077,99000,2016-07-12,0.0029975183885315726,0.28690337045187686,6.044693606240409,5.658541043599446,0.01078208252277806,2016,7,1,6.057663917541504,5.876079082489014,44971.42857142857
2016-07-13,5.992292404174805,6.137559960283397,5.945080708198392,6.086716488817977,54800,2016-07-13,-0.013747847459747442,0.19247925208500494,6.047806262969971,5.664835913976034,0.011472431777340007,2016,7,2,6.075821876525879,5.970503807067871,49685.71428571428
2016-07-14,6.0177154541015625,6.206563664630002,5.886974278706412,5.966871971532559,64200,2016-07-14,0.004242625060994376,0.31958938592358965,6.051438127245222,5.675609922409057,0.01150106911856492,2016,7,3,5.992292404174805,5.992292404174805,54057.142857142855
2016-07-15,6.0867180824279785,6.097613411747592,5.91239696945733,5.959608677794599,21800,2016-07-15,0.011466582102911627,0.18521644229026268,6.046768801552909,5.694736814498901,0.008892767598929294,2016,7,4,6.0177154541015625,6.11940336227417,49457.142857142855
2016-07-18,6.046769142150879,6.068559107767585,6.0140838473805625,6.054032694919954,26800,2016-07-18,-0.006563297286994452,0.05447526038702222,6.046250002724784,5.7056318918863935,0.008104844825592145,2016,7,0,6.0867180824279785,6.050400733947754,47800.0
2016-07-19,6.083086490631104,6.202932346022482,5.97413596489005,5.992294154950042,33200,2016-07-19,0.0060060749181019,0.22879638113243228,6.051438195364816,5.717132266362508,0.008410008408500461,2016,7,1,6.046769142150879,6.046769142150879,49771.42857142857
2016-07-20,6.192036151885986,6.242880323798468,6.028610386090699,6.028610386090699,29200,2016-07-20,0.017910260099487596,0.21426993770776814,6.070634228842599,5.732627471288045,0.010616658711316805,2016,7,2,6.083086490631104,6.057663917541504,47000.0
2016-07-21,6.217458248138428,6.274838644060428,6.050400022638995,6.137560564890276,53000,2016-07-21,0.004105611729139813,0.22443862142143267,6.09086799621582,5.752238591512044,0.010621615257871999,2016,7,3,6.192036151885986,6.075821876525879,40428.57142857143
2016-07-22,6.26467227935791,6.464415176406096,6.213828783969064,6.33004288353824,58800,2016-07-22,0.00759378339751926,0.2505863924370315,6.129779406956264,5.778871059417725,0.007502243975827842,2016,7,4,6.217458248138428,5.992292404174805,41000.0
2016-07-25,6.217458248138428,6.384515780947446,6.101970131358493,6.199299368904568,50600,2016-07-25,-0.0075365524506449955,0.2825456495889531,6.158314091818673,5.803808657328288,0.009195332393178384,2016,7,0,6.26467227935791,6.0177154541015625,39057.142857142855
2016-07-26,6.2210893630981445,6.4063057760878825,6.119402409630349,6.4063057760878825,46600,2016-07-26,0.0005840191947896756,0.28690336645753334,6.177509989057269,5.831288448969523,0.008773229128546499,2016,7,1,6.217458248138428,6.0867180824279785,42600.0
2016-07-27,6.268301963806152,6.493466533374803,6.144824351065753,6.250143083879364,76200,2016-07-27,0.007589121125322507,0.34864218230904953,6.209157535008022,5.863247315088908,0.007728304949723669,2016,7,2,6.2210893630981445,6.046769142150879,49657.142857142855
2016-07-28,6.29372501373291,6.31188320475085,6.228354417763392,6.30098856721632,12800,2016-07-28,0.004055811298427026,0.08352878698745769,6.239248752593994,5.891695610682169,0.007728668957525535,2016,7,3,6.268301963806152,6.083086490631104,46742.857142857145
2016-07-29,6.19566822052002,6.326409393482875,6.101244117012456,6.275565911859758,24400,2016-07-29,-0.015580088580122275,0.22516527647041862,6.2397676195417136,5.917601664861043,0.008644378678170837,2016,7,4,6.29372501373291,6.192036151885986,46057.142857142855
2016-08-01,6.0794548988342285,6.195668981207218,6.046769601580504,6.177510790595402,18800,2016-08-01,-0.018757189305407596,0.14889937962671418,6.220052855355399,5.9422972202301025,0.010908387616937498,2016,8,0,6.19566822052002,6.217458248138428,41171.42857142857
2016-08-02,6.0867180824279785,6.144825120084861,5.902228272501902,6.108508048376677,25800,2016-08-02,0.0011947096762150444,0.24259684758295919,6.194630827222552,5.9726824283599855,0.010095819311126472,2016,8,1,6.0794548988342285,6.26467227935791,36457.142857142855
2016-08-03,6.043138027191162,6.083086879102977,5.936003036538143,6.043138027191162,86000,2016-08-03,-0.007159860970500587,0.1470838425648342,6.169727938515799,6.002220233281453,0.010075209696120174,2016,8,2,6.0867180824279785,6.217458248138428,41514.28571428572
2016-08-04,6.184773921966553,6.210195664164951,5.992293928236431,6.003189257474539,32800,2016-08-04,0.023437474725564567,0.21790173592852025,6.164540018354144,6.037205553054809,0.014530021656080498,2016,8,3,6.043138027191162,6.2210893630981445,39542.857142857145
2016-08-05,6.177509784698486,6.202931524491781,5.998104341565414,6.159350904352949,9000,2016-08-05,-0.0011745194504630962,0.20482718292636726,6.151569707053048,6.06686437924703,0.014062194502251518,2016,8,4,6.184773921966553,6.268301963806152,29942.85714285714
2016-08-08,6.177509784698486,6.348199103803793,6.153903586594517,6.170246232560272,29800,2016-08-08,0.0,0.19429551720927662,6.134967531476702,6.07788052558899,0.013853206746963553,2016,8,0,6.177509784698486,6.29372501373291,32371.428571428572
2016-08-09,6.177509784698486,6.511988533261116,6.061295721248878,6.228353264285077,22800,2016-08-09,0.0,0.450692812012238,6.132373469216483,6.093496799468994,0.01261185768834587,2016,8,1,6.177509784698486,6.19566822052002,32142.85714285714
2016-08-10,6.152087211608887,6.533414642238665,6.152087211608887,6.322776507594436,7600,2016-08-10,-0.004115343233056512,0.3813274306297787,6.142749513898577,6.106570863723755,0.00999266350409927,2016,8,2,6.177509784698486,6.0794548988342285,30542.85714285714
2016-08-11,6.123035430908203,6.294451407551472,6.093981910766491,6.294451407551472,15200,2016-08-11,-0.00472226411970611,0.20046949678498116,6.147937706538609,6.116255410512289,0.010292279535589971,2016,8,3,6.152087211608887,6.0867180824279785,29028.571428571428
2016-08-12,6.231985092163086,6.460782137585732,5.985029858934403,6.064927547738073,47200,2016-08-12,0.01779340696036491,0.4757522786513295,6.174915858677456,6.128118944168091,0.011308593953826166,2016,8,4,6.123035430908203,6.043138027191162,23485.714285714286
2016-08-15,6.2465128898620605,6.300988152016852,6.224722230847712,6.2755664091906525,9000,2016-08-15,0.0023311669530858836,0.07626592116913944,6.183735711233957,6.137319246927897,0.007616278584085218,2016,8,0,6.231985092163086,6.184773921966553,20085.714285714286
2016-08-16,6.231985092163086,6.281013030467939,6.20656335215845,6.224721539964486,15200,2016-08-16,-0.002325745252611755,0.07444967830948901,6.191517898014614,6.145309003194173,0.007694290774991611,2016,8,1,6.2465128898620605,6.177509784698486,20971.428571428572
2016-08-17,6.19566822052002,6.311882288624564,6.101244117012456,6.173878255923039,25400,2016-08-17,-0.00582749655302206,0.21063817161210796,6.1941119602748325,6.147851165135702,0.008157219868495921,2016,8,2,6.231985092163086,6.177509784698486,20342.85714285714
2016-08-18,6.162982940673828,6.533415803080019,6.11577123516268,6.133929423584548,36000,2016-08-18,-0.005275505188921947,0.41764456791733906,6.192036696842739,6.151603905359904,0.008444129552376405,2016,8,3,6.19566822052002,6.177509784698486,22228.571428571428
2016-08-19,6.228355407714844,6.282104742268321,6.064929584506297,6.115773081590197,36000,2016-08-19,0.010607276974527569,0.217175157762024,6.202932153429304,6.157656780878702,0.009141867608923574,2016,8,4,6.162982940673828,6.152087211608887,26285.714285714286
2016-08-22,6.181141376495361,6.428096600308779,6.046768436706142,6.428096600308779,24000,2016-08-22,-0.007580497278784071,0.3813281636026371,6.211233002798898,6.161772696177165,0.009536889275200511,2016,8,0,6.228355407714844,6.123035430908203,27542.85714285714
2016-08-23,6.1884050369262695,6.231984963839582,6.123034453865852,6.12666622989037,14600,2016-08-23,0.0011751325505235943,0.10895050997373001,6.20500728062221,6.165525468190511,0.0062875592921798375,2016,8,1,6.181141376495361,6.231985092163086,22885.714285714286
2016-08-24,6.108506679534912,6.1811408066748585,6.101243128282842,6.1811408066748585,9600,2016-08-24,-0.012910977370518495,0.07989767839201622,6.185292107718332,6.169399277369181,0.007474852073450775,2016,8,2,6.1884050369262695,6.2465128898620605,22971.428571428572
2016-08-25,6.181141376495361,6.213826667452457,6.137560757655755,6.137560757655755,18800,2016-08-25,0.011890745278841042,0.07626590979670222,6.178028719765799,6.174846808115642,0.009418679368174197,2016,8,3,6.108506679534912,6.231985092163086,23485.714285714286
2016-08-26,6.1884050369262695,6.279197359467861,6.1738779328282,6.279197359467861,15400,2016-08-26,0.0011751325505235943,0.1053194266396611,6.176991122109549,6.178236373265585,0.009206281197614283,2016,8,4,6.181141376495361,6.19566822052002,22057.14285714286
2016-08-29,6.192036151885986,6.248690611315013,6.166614412274972,6.221089667540068,22600,2016-08-29,0.0005867610374643561,0.08207619904004027,6.181141580854144,6.183078606923421,0.008922595949009314,2016,8,0,6.1884050369262695,6.162982940673828,20142.85714285714
2016-08-30,6.144824028015137,6.290091596340117,6.10850696276129,6.290091596340117,23200,2016-08-30,-0.007624652491163175,0.1815846335788276,6.169208526611328,6.1851365248362224,0.008180900673448075,2016,8,1,6.192036151885986,6.228355407714844,18314.285714285714
2016-08-31,6.126666069030762,6.2247212483564365,6.061295487686691,6.2247212483564365,21000,2016-08-31,-0.0029550006479583946,0.16342576066974512,6.161426339830671,6.182957522074381,0.007824490861014551,2016,8,2,6.144824028015137,6.181141376495361,17885.714285714286
2016-09-01,6.202933311462402,6.250508691175859,6.166616232999388,6.166616232999388,16000,2016-09-01,0.012448408575286729,0.08389245817647062,6.1635018076215475,6.182473357518514,0.009404477190787127,2016,9,3,6.126666069030762,6.1884050369262695,18085.714285714286
2016-09-02,6.311882495880127,6.319146048547787,6.181142011314792,6.181142011314792,49800,2016-09-02,0.017564139246249333,0.13800403723299492,6.192555495670864,6.184047031402588,0.009283186713810803,2016,9,4,6.202933311462402,6.108506679534912,23828.571428571428
2016-09-06,6.380884170532227,6.438991200206237,6.268301887125136,6.268301887125136,23600,2016-09-06,0.010932027758301599,0.1706893130811009,6.221090180533273,6.189494562149048,0.009166207879145497,2016,9,1,6.311882495880127,6.181141376495361,24514.285714285714
2016-09-07,6.417201519012451,6.464413222936606,6.279197490649914,6.348199158485951,28800,2016-09-07,0.005691585603127436,0.1852157322866912,6.25377539225987,6.196031634012858,0.009043952227419884,2016,9,2,6.380884170532227,6.1884050369262695,26428.571428571428
2016-09-08,6.242879390716553,6.647450037931711,6.170245266092266,6.457149296398815,27000,2016-09-08,-0.027164820643302057,0.4772047718394452,6.261038712092808,6.1951842149098715,0.015323541201497629,2016,9,3,6.417201519012451,6.192036151885986,27057.14285714286
2016-09-09,6.152087211608887,6.2973547712445,6.061294900250333,6.210194235463132,26400,2016-09-09,-0.014543317822650614,0.2360598709941666,6.262076309749058,6.190462954839071,0.016191441809508333,2016,9,4,6.242879390716553,6.144824028015137,27514.285714285714
2016-09-12,6.144824028015137,6.152087579603987,6.097612328068419,6.137560476426286,21600,2016-09-12,-0.0011806047840225986,0.05447525153556754,6.264670303889683,6.188768148422241,0.016146147526117274,2016,9,0,6.152087211608887,6.126666069030762,27600.0
2016-09-13,6.115772247314453,6.177511067933174,6.086718725416855,6.119404024137978,13800,2016-09-13,-0.004727845837119604,0.09079234251631885,6.252218723297119,6.189978726704916,0.015317867252287653,2016,9,1,6.144824028015137,6.202933311462402,27285.714285714286
2016-09-14,6.235617637634277,6.261039380775535,6.115771782332243,6.17387882170956,21600,2016-09-14,0.019596117296952986,0.14526759844329185,6.241323743547712,6.194942045211792,0.015761438361508538,2016,9,2,6.115772247314453,6.311882495880127,23257.14285714286
2016-09-15,6.118927955627441,6.290316025944942,6.107988025192914,6.231971121346383,16200,2016-09-15,-0.018713412012720365,0.18232800075202782,6.203901427132743,6.197468376159668,0.015806839610379944,2016,9,3,6.235617637634277,6.380884170532227,22200.0
2016-09-16,5.94024658203125,6.151747034501406,5.896487555939507,6.126220530224317,52800,2016-09-16,-0.029201418106559407,0.25525947856189823,6.135765007563999,6.189317464828491,0.017011592945206745,2016,9,4,6.118927955627441,6.417201519012451,25628.571428571428
2016-09-19,6.07881498336792,6.144453168557215,5.984004348708501,5.984004348708501,19000,2016-09-19,0.023327045337785846,0.16044881984871395,6.1123272350856235,6.186027638117472,0.019467266151828488,2016,9,0,5.94024658203125,6.242879390716553,24485.714285714286
2016-09-20,6.042349815368652,6.126220528534728,5.976711624012204,6.060583032704402,12400,2016-09-20,-0.00599872970291726,0.1495089045225244,6.096650464194162,6.181522305806478,0.018929732840783624,2016,9,1,6.07881498336792,6.152087211608887,22485.714285714286
2016-09-21,5.907426357269287,6.126219359332157,5.83449489289767,6.024116143843082,49200,2016-09-21,-0.02232963370577934,0.2917244664344869,6.062736511230469,6.172519524892171,0.02033559049794338,2016,9,2,6.042349815368652,6.144824028015137,26428.571428571428
2016-09-22,5.7652106285095215,5.889193357366955,5.7287448949989175,5.834495104864058,97200,2016-09-22,-0.02407405867781398,0.16044846236803778,6.012656279972622,6.159623638788859,0.021504449123569146,2016,9,3,5.907426357269287,6.115772247314453,38342.857142857145
2016-09-23,6.049643516540527,6.15174745403372,5.761565270408268,5.761565270408268,61000,2016-09-23,0.049336079175400505,0.390182183625452,5.9860885483878,6.15717724164327,0.02939960841770016,2016,9,4,5.7652106285095215,6.235617637634277,43971.42857142857
2016-09-26,5.852727890014648,6.013176707442255,5.82720208405422,6.013176707442255,18800,2016-09-26,-0.032549955379599704,0.1859746233880344,5.948059967585972,6.1445353349049885,0.030980248158593612,2016,9,0,6.049643516540527,6.118927955627441,44342.857142857145
2016-09-27,5.827202796936035,6.002237512528781,5.823556501183487,6.002237512528781,33600,2016-09-27,-0.004361230106419534,0.17868101134529457,5.931910855429513,6.130558331807454,0.029244007261465782,2016,9,1,5.852727890014648,5.94024658203125,41600.0
2016-09-28,5.856375217437744,5.885547669876649,5.816263182275016,5.819909825770645,29000,2016-09-28,0.005006247683202014,0.06928448760163342,5.9001337460109164,6.118038002649943,0.027316282760959973,2016,9,2,5.827202796936035,6.07881498336792,43028.57142857143
2016-09-29,5.881901264190674,5.889194551476806,5.856375454215371,5.856375454215371,27000,2016-09-29,0.0043586767932704,0.03281909726143528,5.8772125244140625,6.107579104105631,0.02753256581325213,2016,9,3,5.856375217437744,6.042349815368652,45114.28571428572
2016-09-30,5.852727890014648,5.9220127172829855,5.823555788747748,5.860021176153641,38000,2016-09-30,-0.004959854452782908,0.09845692853523769,5.8693984576634,6.097237269083659,0.02630998849179971,2016,9,4,5.881901264190674,5.907426357269287,43514.28571428572
2016-10-03,5.7360382080078125,5.889193742343306,5.728745269486757,5.849082058832957,88400,2016-10-03,-0.019937657140343124,0.16044847285654829,5.865230969020298,6.080826695760091,0.025746714546300304,2016,10,0,5.852727890014648,5.7652106285095215,42257.142857142855
2016-10-04,5.630288600921631,5.761564986146565,5.5135987898444165,5.761564986146565,285200,2016-10-04,-0.018436001165150873,0.24796619630214867,5.805323123931885,6.0624649365743,0.013945554386344487,2016,10,1,5.7360382080078125,6.049643516540527,74285.71428571429
2016-10-05,5.725099086761475,5.7943839209801045,5.564650601001539,5.699573278240432,283200,2016-10-05,0.016839365183575872,0.22973331997856583,5.78709043775286,6.04702140490214,0.013182466333321608,2016,10,2,5.630288600921631,5.852727890014648,112057.14285714286
2016-10-06,5.699573993682861,5.834496687858006,5.69228070589675,5.69228070589675,72800,2016-10-06,-0.004458454376385701,0.14221598196125562,5.768857751573835,6.0333903153737385,0.01318410456564848,2016,10,3,5.725099086761475,5.827202796936035,117657.14285714286
2016-10-07,5.63393497467041,5.728745615512053,5.484426074446386,5.728745615512053,59200,2016-10-07,-0.011516478088573368,0.2443195410656669,5.7370805740356445,6.0151501019795734,0.01297163388701959,2016,10,4,5.699573993682861,5.856375217437744,121971.42857142857
2016-10-10,5.615702629089356,5.677694180974888,5.5245386231121705,5.677694180974888,29000,2016-10-10,-0.0032361654266555018,0.15315555786271773,5.6990521975926,5.9960600217183435,0.01231608925908207,2016,10,0,5.63393497467041,5.881901264190674,122257.14285714286
2016-10-11,5.524538993835449,5.652168749873315,5.473487369630789,5.575590965803217,32000,2016-10-11,-0.016233700620413738,0.17868138024252644,5.652168069566999,5.973810116449992,0.012804107443625399,2016,10,1,5.615702629089356,5.852727890014648,121400.0
2016-10-12,5.619349002838135,5.630288585656197,5.509952131368321,5.509952131368321,46200,2016-10-12,0.017161614590553098,0.12033645428787576,5.635498183114188,5.956294282277425,0.014651655666060366,2016,10,2,5.524538993835449,5.7360382080078125,115371.42857142857
2016-10-13,5.861845016479492,5.888464885690048,5.571943143730631,5.586529368671168,37800,2016-10-13,0.04315375562523016,0.3165217419594173,5.668577671051025,5.947466913859049,0.020889843955982538,2016,10,3,5.619349002838135,5.630288600921631,80028.57142857143
2016-10-14,5.819908142089844,5.925658338528448,5.794382340531101,5.870960092970295,31000,2016-10-14,-0.007154210708701925,0.13127599799734746,5.682121821812221,5.934699408213297,0.020775084291280173,2016,10,4,5.861845016479492,5.725099086761475,44000.0
2016-10-17,5.754271030426025,5.816262572298141,5.71780564258321,5.787090122918678,24800,2016-10-17,-0.011278032240599756,0.09845692971493136,5.689935684204102,5.916112359364828,0.02131046930382755,2016,10,0,5.819908142089844,5.699573993682861,37142.857142857145
2016-10-18,5.6485209465026855,5.736038296686542,5.637581364670463,5.736038296686542,32200,2016-10-18,-0.018377668233592104,0.09845693201607908,5.692019394465855,5.891700251897176,0.02215311227662029,2016,10,1,5.754271030426025,5.63393497467041,33285.71428571428
2016-10-19,5.630288600921631,5.740779535301747,5.601116148152327,5.619349018073909,41400,2016-10-19,-0.003227808793440534,0.13966338714941973,5.694103104727609,5.865469821294149,0.02215287279634141,2016,10,2,5.6485209465026855,5.615702629089356,35057.142857142855
2016-10-20,5.579234600067139,5.619346618555925,5.550062159754763,5.615699976576148,16200,2016-10-20,-0.009067741366958537,0.06928445880116207,5.701916762760708,5.843348328272501,0.021399275814817535,2016,10,3,5.630288600921631,5.524538993835449,32800.0
2016-10-21,5.524538993835449,5.559181415805117,5.469840725683854,5.517246053704686,40200,2016-10-21,-0.00980342469037443,0.08934069012126322,5.688372475760324,5.822430054346721,0.020541223935123528,2016,10,4,5.579234600067139,5.619349002838135,31942.85714285714
2016-10-24,5.550064563751221,5.692280184933661,5.524538406599111,5.531831693717734,196600,2016-10-24,0.004620398180600116,0.16774177833454917,5.643832411084857,5.802604738871256,0.0071318424052710955,2016,10,0,5.524538993835449,5.861845016479492,54628.57142857143
2016-10-25,5.5464186668396,5.663108494341549,5.524539150301425,5.615703164978103,241600,2016-10-25,-0.0006569107205406377,0.1385693440401239,5.604762486049107,5.7836262861887615,0.007628638519199575,2016,10,1,5.550064563751221,5.819908142089844,84714.28571428571
2016-10-26,5.53912353515625,5.644873743073898,5.499011507243695,5.531830597246241,28800,2016-10-26,-0.0013152868763703918,0.14586223583020264,5.574027129581997,5.7604098161061605,0.007589145807256569,2016,10,2,5.5464186668396,5.754271030426025,85285.71428571429
2016-10-27,5.721452236175537,5.721452236175537,5.522715044829506,5.57558998167486,14200,2016-10-27,0.03291652548676072,0.19873719134603096,5.584445885249546,5.747160625457764,0.014547928146182446,2016,10,3,5.53912353515625,5.6485209465026855,82714.28571428571
2016-10-28,5.48077917098999,5.615701839124997,5.48077917098999,5.524537845971908,31200,2016-10-28,-0.0420650309136239,0.13492266813500642,5.563087395259312,5.731845045089722,0.02222178489997258,2016,10,4,5.721452236175537,5.630288600921631,81257.14285714286
2016-10-31,5.5610032081604,5.582882718060691,5.480778802210017,5.506304955054191,40800,2016-10-31,0.01463734163840047,0.10210391585067402,5.560482910701206,5.714584652582804,0.02304501493357948,2016,10,0,5.48077917098999,5.579234600067139,84771.42857142857
2016-11-01,5.615702629089356,5.630288856135182,5.5172456834708,5.571943947951877,26200,2016-11-01,0.009836250561533255,0.11304317266438169,5.57350628716605,5.700363079706828,0.022881321439574866,2016,11,1,5.5610032081604,5.524538993835449,82771.42857142857
2016-11-02,5.5719428062438965,5.677693017598369,5.546417001084786,5.5719428062438965,163800,2016-11-02,-0.007792403860343966,0.13127601651358223,5.57663175037929,5.689180294672648,0.02317482161331528,2016,11,2,5.615702629089356,5.550064563751221,78085.71428571429
2016-11-03,5.535478591918945,5.739685771951291,5.531831948191882,5.66310799249839,138800,2016-11-03,-0.006544254956114992,0.2078538237594092,5.575068882533482,5.681522560119629,0.0233424920808253,2016,11,3,5.5719428062438965,5.5464186668396,63400.0
2016-11-04,5.488072395324707,5.622995061934384,5.4078479848832925,5.531831069811924,70800,2016-11-04,-0.008564064661625626,0.2151470770510917,5.567775862557547,5.662803522745768,0.023567850614069987,2016,11,4,5.535478591918945,5.53912353515625,69400.0
2016-11-07,5.622995376586914,5.626642019938999,5.437020738787167,5.47348647678192,64400,2016-11-07,0.024584767026241794,0.1896212811518323,5.55371059690203,5.6551457722981775,0.021701090248918187,2016,11,0,5.488072395324707,5.721452236175537,76571.42857142857
2016-11-08,6.191857814788818,6.250202710682332,5.652167180010806,5.714158718838417,111400,2016-11-08,0.10116715382170494,0.5980355306715266,5.655293260301862,5.6673009395599365,0.03875383048470154,2016,11,1,5.622995376586914,5.48077917098999,88028.57142857143
2016-11-09,6.536056041717529,6.708153620765356,6.27973984462843,6.27973984462843,124200,2016-11-09,0.055588845419967114,0.4284137761369262,5.794586522238595,5.689956967035929,0.041145462265882414,2016,11,2,6.191857814788818,5.5610032081604,99942.85714285714
2016-11-10,6.356633186340332,6.649565301579643,6.213828169056572,6.587317139790633,41200,2016-11-10,-0.027451241885320332,0.4357371325230712,5.900433744703021,5.705781364440918,0.045476429705085086,2016,11,3,6.536056041717529,5.615702629089356,102085.71428571429
2016-11-11,6.24312162399292,6.477468023726529,6.116794775321607,6.4078963817427015,34800,2016-11-11,-0.01785718304327133,0.36067324840492176,5.996316432952881,5.718794488906861,0.04659935279481379,2016,11,4,6.356633186340332,5.5719428062438965,83657.14285714286
2016-11-14,6.089332103729248,6.534955879911954,5.923093487943459,6.239460604862307,25400,2016-11-14,-0.024633433324868115,0.6118623919684953,6.075438363211496,5.730570952097575,0.04859905250169204,2016,11,0,6.24312162399292,5.535478591918945,67457.14285714286
2016-11-15,6.04172945022583,6.2833985723624535,5.968496086618622,6.125947329490538,20200,2016-11-15,-0.007817385009148192,0.31490248574383184,6.15453222819737,5.744285647074381,0.048540288422015875,2016,11,1,6.089332103729248,5.488072395324707,60228.57142857143
2016-11-16,5.961175441741943,6.085671785372814,5.893434311727398,6.019761874226428,37600,2016-11-16,-0.013332938713579101,0.19223747364541666,6.20284366607666,5.752154858907064,0.04937456295385753,2016,11,2,6.04172945022583,5.622995376586914,56400.0
2016-11-17,5.931880950927734,5.982777929402696,5.913572258206933,5.913572258206933,11800,2016-11-17,-0.004914213832574066,0.06920567119576226,6.165704114096505,5.75989842414856,0.02828142900850272,2016,11,3,5.961175441741943,6.191857814788818,42171.42857142857
2016-11-18,6.05271577835083,6.221151567882524,5.902587983888148,5.928219456346863,16000,2016-11-18,0.02037040669270307,0.3185635839943757,6.09665550504412,5.77385778427124,0.016020715153928534,2016,11,4,5.931880950927734,6.536056041717529,26714.285714285714
2016-11-21,5.961175441741943,6.140596478526349,5.902589009257458,6.016100134895477,29600,2016-11-21,-0.015123845222718924,0.23800746926889094,6.040161541530064,5.785373544692993,0.014490394399531231,2016,11,0,6.05271577835083,6.356633186340332,25057.14285714286
2016-11-22,6.089332103729248,6.114964276004353,5.968497513767739,6.067362368755869,83800,2016-11-22,0.02149855565228176,0.14646676223661448,6.018191610063825,5.804199981689453,0.01776580804550618,2016,11,1,5.961175441741943,6.24312162399292,32057.14285714286
2016-11-23,6.082009792327881,6.532027270770189,6.04539309895122,6.532027270770189,26400,2016-11-23,-0.0012024818611687804,0.4866341718189684,6.017145565577915,5.819622008005778,0.015112397614244735,2016,11,2,6.089332103729248,6.089332103729248,32200.0
2016-11-25,5.957512855529785,6.114964132351603,5.913572688209987,6.082009181463071,14200,2016-11-25,-0.020469703444927267,0.20139144414161603,6.005114623478481,5.822810935974121,0.016849575828135514,2016,11,4,6.082009792327881,6.04172945022583,31342.85714285714
2016-11-28,6.060038089752197,6.21456023808811,5.887940574804428,5.898925790041379,143600,2016-11-28,0.017209402095917925,0.3266196632836822,6.019237858908517,5.830815267562866,0.017337563809583626,2016,11,0,5.957512855529785,5.961175441741943,46485.71428571428
2016-11-29,6.078347682952881,6.217490271223424,6.041730991806329,6.1442575873356144,222600,2016-11-29,0.0030213660260065556,0.17575927941709502,6.040161677769253,5.841617822647095,0.017030124179421232,2016,11,1,6.060038089752197,5.931880950927734,76600.0
2016-11-30,5.990468502044678,6.147919797150085,5.96849806663089,6.147919797150085,14600,2016-11-30,-0.014457741723900686,0.17942173051919497,6.031269209725516,5.853016074498495,0.016394778017371252,2016,11,2,6.078347682952881,6.05271577835083,76400.0
2016-12-01,6.0014519691467285,6.169888452428046,5.898926082145707,6.125948287709591,85400,2016-12-01,0.0018334905021706316,0.2709623702823398,6.037022999354771,5.865388186772664,0.015233899853804174,2016,12,3,5.990468502044678,5.961175441741943,84371.42857142857
2016-12-02,6.147918224334717,6.26875279457618,5.924557076940885,6.078346593466853,238000,2016-12-02,0.024405136613767198,0.3441957176352952,6.045392445155552,5.884344307581584,0.015908454173319507,2016,12,4,6.0014519691467285,6.089332103729248,106400.0
2016-12-05,6.499437808990479,6.536054499708102,6.038069182121111,6.122287081887945,209000,2016-12-05,0.05717701046581536,0.4979853175869904,6.105025018964495,5.916840934753418,0.026226247940644782,2016,12,0,6.147918224334717,6.082009792327881,132485.7142857143
2016-12-06,6.678857803344727,6.7520911735747084,6.466481867763997,6.579992963055807,60000,2016-12-06,0.02760546367657546,0.28560930581071187,6.208074297223773,5.954467376073201,0.023079094201899023,2016,12,1,6.499437808990479,5.957512855529785,139028.57142857142
2016-12-07,6.708151817321777,6.898558044061018,6.704490078530031,6.72646051128051,28000,2016-12-07,0.004386081398885411,0.19406796553098715,6.300661972590855,5.993191814422607,0.023534944448209173,2016,12,2,6.678857803344727,6.060038089752197,122514.28571428571
2016-12-08,6.583654880523682,6.647734255819562,6.363955462261743,6.647734255819562,48200,2016-12-08,-0.018559051760966394,0.28377879355781843,6.37284871510097,6.028009525934855,0.026561900904883397,2016,12,3,6.708151817321777,6.078347682952881,97600.0
2016-12-09,6.539716720581055,6.755754443490654,6.442682378267373,6.6642130591528685,32200,2016-12-09,-0.006673824910325754,0.313072065223281,6.451312746320452,6.055285008748372,0.025419255270259705,2016,12,4,6.583654880523682,5.990468502044678,100114.28571428571
2016-12-12,6.429866790771484,6.609287824462799,6.254107496347995,6.598303305064676,34200,2016-12-12,-0.016797352928738185,0.3551803281148036,6.512514863695417,6.086921262741089,0.027646700779828563,2016,12,0,6.539716720581055,6.0014519691467285,92800.0
2016-12-13,6.36029577255249,6.497607850817907,6.283400645553076,6.283400645553076,24800,2016-12-13,-0.010819978155511167,0.21420720526483095,6.542854513440814,6.113564348220825,0.02783965823883361,2016,12,1,6.429866790771484,6.147918224334717,62342.857142857145
2016-12-14,6.426206111907959,6.5177475134930045,6.352973409683205,6.352973409683205,37200,2016-12-14,0.010362778982685228,0.1647741038097994,6.532392842429025,6.140581130981445,0.016639061489287982,2016,12,2,6.36029577255249,6.499437808990479,37800.0
2016-12-15,6.4811296463012695,6.576332061953458,6.384461976397586,6.448174695342717,13000,2016-12-15,0.008546805601447494,0.19187008555587237,6.504145962851388,6.170887358983358,0.01199369664587527,2016,12,3,6.426206111907959,6.678857803344727,31085.714285714286
2016-12-16,6.506760597229004,6.547038324185001,6.389587758074808,6.481129125964675,42000,2016-12-16,0.003954704245480167,0.15745056611019326,6.47537578855242,6.203263425827027,0.011943096554246411,2016,12,4,6.4811296463012695,6.708151817321777,33085.71428571428
2016-12-19,6.569010257720947,6.590979995485729,6.457329651608136,6.481130608256449,39000,2016-12-19,0.009566920368708987,0.13365034387759334,6.473283699580601,6.239294687906901,0.011036828171909362,2016,12,0,6.506760597229004,6.583654880523682,31771.428571428572
2016-12-20,6.814339637756348,6.825324154905331,6.412289408697461,6.525068580476136,38800,2016-12-20,0.037346475406557555,0.4130347462078703,6.512515544891357,6.279006163279216,0.017453056215961438,2016,12,1,6.569010257720947,6.539716720581055,32714.285714285714
2016-12-21,6.70082950592041,6.733784462376198,6.536055422046856,6.708152984778448,38800,2016-12-21,-0.01665753952254001,0.19772904032934147,6.551224504198347,6.295971886316935,0.017422641524703224,2016,12,2,6.814339637756348,6.429866790771484,33371.42857142857
2016-12-22,6.719137668609619,6.766738880589787,6.616611067968442,6.616611067968442,18200,2016-12-22,0.002732223327430283,0.15012781262134478,6.6024876322065085,6.3020746072133385,0.01592512485378473,2016,12,3,6.70082950592041,6.36029577255249,32428.571428571428
2016-12-23,6.872927665710449,6.8985591429302415,6.70851885027714,6.828987491615538,20400,2016-12-23,0.022888353340236423,0.19004029265310152,6.666304997035435,6.319284423192342,0.01691081225002631,2016,12,4,6.719137668609619,6.426206111907959,30028.571428571428
2016-12-27,6.905881881713867,6.949821352695283,6.792370068467063,6.894896664765864,51800,2016-12-27,0.004794785803992729,0.15745128422821963,6.726983887808664,6.341376431783041,0.017015120524838986,2016,12,1,6.872927665710449,6.4811296463012695,35571.42857142857
2016-12-28,6.953482151031494,6.953482151031494,6.781384632558744,6.869264261038778,29200,2016-12-28,0.006892714085317442,0.17209751847275,6.790801252637591,6.3701814333597815,0.016899080960840265,2016,12,2,6.905881881713867,6.506760597229004,33742.857142857145
2016-12-29,6.949820041656494,6.949820041656494,6.777722532367989,6.90954231725588,33800,2016-12-29,-0.0005266583411674963,0.17209750928850553,6.845202650342669,6.400451119740804,0.0173326134989091,2016,12,3,6.953482151031494,6.569010257720947,33000.0
2016-12-30,7.140228271484375,7.242754877577775,6.821663933612096,6.938837497035424,23600,2016-12-30,0.02739757701445411,0.4210909439656785,6.891758169446673,6.439752880732218,0.01476260354512172,2016,12,4,6.949820041656494,6.814339637756348,30828.571428571428
2017-01-03,7.07431697845459,7.312324401332013,6.937004923132395,7.312324401332013,59600,2017-01-03,-0.009230978411854496,0.37531947819961786,6.945113522665841,6.47783408164978,0.01295267304720705,2017,1,1,7.140228271484375,6.70082950592041,33800.0
2017-01-04,6.9827752113342285,7.1988128886338405,6.982775211334228,7.063332059523691,18800,2017-01-04,-0.01294001490167307,0.21603767729961287,6.982776028769357,6.508836062749227,0.0151523716505602,2017,1,2,7.07431697845459,6.719137668609619,33885.71428571428
2017-01-05,7.129241466522217,7.147550159109123,6.927850736902716,7.019392104621619,19600,2017-01-05,0.020975364486923276,0.21969942220640704,7.0193922860281805,6.54777159690857,0.014802024075559,2017,1,3,6.9827752113342285,6.872927665710449,33771.42857142857
2017-01-06,7.048686027526856,7.107272452922189,6.975452646580049,7.107272452922189,13000,2017-01-06,-0.01129930012521474,0.13181980634213986,7.039792878287179,6.579750061035156,0.016093925417857702,2017,1,4,7.129241466522217,6.905881881713867,28228.571428571428
2017-01-09,7.1475510597229,7.323310340272161,7.019392989087079,7.066994199000516,26400,2017-01-09,0.014026022979311659,0.3039173511850821,7.067517008100237,6.6152681032816565,0.01659663506714182,2017,1,0,7.048686027526856,6.953482151031494,27828.571428571428
2017-01-10,7.213460445404053,7.308662858379561,7.028546481512789,7.028546481512789,17600,2017-01-10,0.009221254263233947,0.28011637686677204,7.105179922921317,6.657133022944133,0.01655680342544849,2017,1,1,7.1475510597229,6.949820041656494,25514.285714285714
2017-01-11,7.176844596862793,7.2171223306354335,7.034039563870594,7.2171223306354335,54600,2017-01-11,-0.005076044821814896,0.1830827667648398,7.110410826546805,6.694359906514486,0.013682222110675666,2017,1,2,7.213460445404053,7.140228271484375,29942.85714285714
2017-01-12,7.176844596862793,7.1988143333210814,7.140227903828759,7.195152594177145,55600,2017-01-12,0.0,0.05858642949232262,7.125057629176548,6.730976470311483,0.012979884721518226,2017,1,3,7.176844596862793,7.07431697845459,29371.428571428572
2017-01-13,7.085305213928223,7.140229919783916,7.061504251975395,7.103613216411612,2400,2017-01-13,-0.012754823056163822,0.07872566780852086,7.139704772404262,6.767471027374268,0.012944189796775609,2017,1,4,7.176844596862793,6.9827752113342285,27028.571428571428
2017-01-17,7.176844596862793,7.176844596862793,6.82935302504026,7.019393305700178,29600,2017-01-17,0.012919610400780268,0.3474915718225331,7.146505219595773,6.80665078163147,0.011237804332986998,2017,1,1,7.085305213928223,7.129241466522217,28457.14285714286
2017-01-18,7.019392013549805,7.158534583378963,6.865602489841154,7.030377228959423,35600,2017-01-18,-0.021938970697765292,0.292932093537809,7.1423203604561945,6.835699907938639,0.013641803987227709,2017,1,2,7.176844596862793,7.048686027526856,31685.714285714286
2017-01-19,6.9974236488342285,6.9974236488342285,6.902220525224982,6.924190261933166,18000,2017-01-19,-0.0031296677366315917,0.0952031236092461,7.120873587472098,6.852299435933431,0.012041267159730947,2017,1,3,7.019392013549805,7.1475510597229,30485.714285714286
2017-01-20,6.968128204345703,6.968128204345703,6.91430142378499,6.91430142378499,4200,2017-01-20,-0.0041866043787995855,0.053826780560712884,7.085826124463763,6.861941782633464,0.010779956229875997,2017,1,4,6.9974236488342285,7.213460445404053,28571.428571428572
2017-01-23,7.077978134155273,7.117889894507087,6.957143563359448,6.971790516622056,37000,2017-01-23,0.015764625246283748,0.1607463311476387,7.071702344076974,6.874269326527913,0.01330036286937558,2017,1,0,6.968128204345703,7.176844596862793,26057.14285714286
2017-01-24,6.909544467926025,7.0358713354940745,6.909544467926025,7.0358713354940745,2000,2017-01-24,-0.023796861623019083,0.12632686756804912,7.033516611371722,6.885132312774658,0.015578757871357252,2017,1,1,7.077978134155273,7.176844596862793,18400.0
2017-01-25,7.045023441314697,7.173181493355049,6.90588087233716,6.90588087233716,10200,2017-01-25,0.01960751161202623,0.2673006210178892,7.027762072426932,6.901975870132446,0.01766158025512417,2017,1,2,6.909544467926025,7.085305213928223,19514.285714285714
2017-01-26,6.993762016296387,7.023055231822436,6.92052862827859,7.012070014098162,8000,2017-01-26,-0.007276260390802092,0.10252660354384613,7.001607418060303,6.920772377649943,0.01669271343112903,2017,1,3,7.045023441314697,7.176844596862793,16428.571428571428
2017-01-27,6.993762016296387,6.993762016296388,6.8956297792043895,6.8956297792043895,8200,2017-01-27,0.0,0.09813223709199814,6.997945989881243,6.941887919108073,0.014595858069675458,2017,1,4,6.993762016296387,7.019392013549805,12514.285714285714
2017-01-30,6.993762016296387,7.0303787103052855,6.89855889123539,6.89855889123539,17200,2017-01-30,0.0,0.1318198190698956,6.9974228995186945,6.9608064492543535,0.014547269848193654,2017,1,0,6.993762016296387,6.9974236488342285,12400.0
2017-01-31,6.9461588859558105,6.957144101752881,6.905881158177006,6.93883610716299,47000,2017-01-31,-0.006806512750884952,0.051262943575875575,6.994284425462995,6.976307423909505,0.014706250962078565,2017,1,1,6.993762016296387,6.968128204345703,18514.285714285714
2017-02-01,6.847295761108398,6.97179209846712,6.781385853282566,6.876588975874843,49000,2017-02-01,-0.014232776196251407,0.19040624518455385,6.961329800742013,6.987658596038818,0.01355022311962574,2017,2,2,6.9461588859558105,7.077978134155273,20228.571428571428
2017-02-02,6.85095739364624,6.854619133109019,6.634920352585416,6.8289876552749575,41400,2017-02-02,0.0005347560066908397,0.21969878052360325,6.952960218702044,6.997056833902994,0.010622631154019232,2017,2,3,6.847295761108398,6.909544467926025,25857.14285714286
2017-02-03,6.828988075256348,6.876589992794589,6.788710335499489,6.807018335533931,7800,2017-02-03,-0.0032067515717244532,0.08787965729510017,6.922098023550851,6.997545115152994,0.005404293032879004,2017,2,4,6.85095739364624,7.045023441314697,25514.285714285714
2017-02-06,6.766470432281494,6.832296737411128,6.744406050723413,6.79515475957964,10200,2017-02-06,-0.00915474478588929,0.08789068668771538,6.889627797263009,6.999733146031698,0.00561201487204936,2017,2,0,6.828988075256348,6.993762016296387,25828.571428571428
2017-02-07,6.803244590759277,6.825308971414464,6.709470446914221,6.788534536046476,11800,2017-02-07,0.0054347623101020925,0.11583852450024335,6.862411022186279,7.002536710103353,0.006649804547145185,2017,2,1,6.766470432281494,6.993762016296387,26342.85714285714
2017-02-08,7.218793392181396,7.321761664875093,6.946663708720171,7.2445359864153,76600,2017-02-08,0.061080973332422905,0.3750979561549226,6.894558361598423,7.014065567652384,0.02563182759949447,2017,2,2,6.803244590759277,6.993762016296387,34828.57142857143
2017-02-09,7.641699314117432,7.641699314117431,7.262923795320754,7.303375747240864,63200,2017-02-09,0.0585840179875603,0.3787755187966768,6.993921279907227,7.03859281539917,0.03185429948762618,2017,2,3,7.218793392181396,6.9461588859558105,37142.857142857145
2017-02-10,7.821893692016602,7.891764356227348,7.538731416802208,7.586537697652408,27600,2017-02-10,0.02358040672527828,0.35303293942514014,7.133149555751255,7.06753986676534,0.029346697819287525,2017,2,4,7.641699314117432,6.847295761108398,34085.71428571428
2017-02-13,7.902797222137451,7.96531356206336,7.785855354266528,7.862345266475353,47400,2017-02-13,0.010343215250217863,0.17945820779683253,7.283412388392857,7.099305772781372,0.028509659586124766,2017,2,0,7.821893692016602,6.85095739364624,34942.857142857145
2017-02-14,7.810859680175781,7.873376005781244,7.711568921611698,7.805711301646412,22800,2017-02-14,-0.01163354434859254,0.16180708416954648,7.423679760524204,7.121660153071086,0.029846348325034643,2017,2,1,7.902797222137451,6.828988075256348,37085.71428571428
2017-02-15,7.866021156311035,7.906473103619237,7.465181300991174,7.615955848249398,22400,2017-02-15,0.0070621517213087515,0.4412918026280632,7.580758435385568,7.148050292332967,0.02778735832809875,2017,2,2,7.810859680175781,6.766470432281494,38828.57142857143
2017-02-16,7.608601570129394,7.840279312036581,7.608601570129394,7.840279312036581,73000,2017-02-16,-0.03272551408981528,0.2316777419071876,7.695809432438442,7.168911170959473,0.03452100062157427,2017,2,3,7.866021156311035,6.803244590759277,47571.42857142857
2017-02-17,7.630667209625244,7.814538708652358,7.549764002562391,7.68178346390953,52600,2017-02-17,0.0029000913364261027,0.264774706089967,7.754648549216134,7.18562536239624,0.02851104547670974,2017,2,4,7.608601570129394,7.218793392181396,44142.857142857145
2017-02-21,7.509312152862549,7.715248038243842,7.4651826838595,7.63802234425615,40000,2017-02-21,-0.015903597081211918,0.25006535438434163,7.735736097608294,7.200979566574096,0.018895374413963988,2017,2,1,7.630667209625244,7.641699314117432,40828.57142857143
2017-02-22,7.25556755065918,7.652729871133713,7.11030893077374,7.439439008312463,71000,2017-02-22,-0.033790658456865685,0.5424209403599729,7.654832363128662,7.2045801162719725,0.01820867237943328,2017,2,2,7.509312152862549,7.821893692016602,47028.57142857143
2017-02-23,7.310728549957275,7.384277410589034,6.994470132634118,7.200405960423556,75200,2017-02-23,0.007602575389582533,0.3898072779549162,7.57025112424578,7.2078223864237465,0.01770748907732419,2017,2,3,7.25556755065918,7.902797222137451,51000.0
2017-02-24,7.068018436431885,7.35669656298363,6.673430313139202,7.226147999035044,29200,2017-02-24,-0.033199169120676664,0.6832662498444275,7.464130946568081,7.204194847742716,0.01962330665390909,2017,2,4,7.310728549957275,7.810859680175781,51914.28571428572
2017-02-27,7.093762874603272,7.229827393114221,6.946665112063488,7.042278377148701,20600,2017-02-27,0.003642384128299536,0.2831622810507337,7.353808334895542,7.201425457000733,0.019045388330373947,2017,2,0,7.068018436431885,7.866021156311035,51657.142857142855
2017-02-28,6.862082004547119,7.101114733472767,6.805081606303809,7.101114733472767,20000,2017-02-28,-0.03265979905891769,0.2960331271689576,7.2471626826695035,7.193984683354696,0.019034918486619083,2017,2,1,7.093762874603272,7.608601570129394,44085.71428571428
2017-03-01,6.924599170684815,6.97976046852264,6.667178845556355,6.97976046852264,37000,2017-03-01,0.009110524487505378,0.31258162296628456,7.146295819963727,7.185576502482096,0.020095561508983666,2017,3,2,6.862082004547119,7.630667209625244,41857.142857142855
2017-03-02,6.873115062713623,6.961373275382703,6.847373171695216,6.924598844750439,21200,2017-03-02,-0.007434958573363959,0.11400010368748692,7.055410521371024,7.18070060412089,0.02018844494579684,2017,3,3,6.924599170684815,7.509312152862549,39171.42857142857
2017-03-03,6.9466633796691895,6.987115324420929,6.730430788810348,6.825308246827911,18400,2017-03-03,0.010700870898344705,0.2566845356105816,7.01128135408674,7.179008595148722,0.019312532191429494,2017,3,4,6.873115062713623,7.25556755065918,31657.14285714286
2017-03-06,6.895179271697998,6.946663052474227,6.858404841966161,6.909889324156296,8400,2017-03-06,-0.0074113434259489575,0.08825821050806582,6.9519171714782715,7.176576964060465,0.018355669352074742,2017,3,0,6.9466633796691895,7.310728549957275,22114.285714285714
2017-03-07,6.917246341705322,6.979762686161529,6.854729997249116,6.898859470388747,10000,2017-03-07,0.0032003620410423483,0.12503268891241337,6.930378300803048,7.1712192376454675,0.014920756129256148,2017,3,1,6.895179271697998,7.068018436431885,19371.428571428572
2017-03-08,6.89150333404541,6.983439078685419,6.865761437772458,6.968729724278332,13400,2017-03-08,-0.0037215687266626274,0.11767764091296051,6.901484080723354,7.170617866516113,0.014632941272668341,2017,3,2,6.917246341705322,7.093762874603272,18342.85714285714
2017-03-09,6.766470432281494,6.954019429060299,6.737051023066037,6.840019306027158,15400,2017-03-09,-0.0181430517701745,0.21696840599426181,6.887825284685407,7.161332766215007,0.010280807719700694,2017,3,3,6.89150333404541,6.862082004547119,17685.714285714286
2017-03-10,6.689244747161865,6.895180611702103,6.549502027306172,6.748083565601934,25200,2017-03-10,-0.01141299380415528,0.34567858439593113,6.854203224182129,7.151182190577189,0.00949492191929088,2017,3,4,6.766470432281494,6.924599170684815,16000.0
2017-03-13,6.700276374816895,6.810599681954977,6.534792466230803,6.645115071954864,24200,2017-03-13,0.001649158921821492,0.275807215724174,6.829511983054025,7.141399335861207,0.009707362388086161,2017,3,0,6.689244747161865,6.873115062713623,16428.571428571428
2017-03-14,6.74072790145874,6.891502447151474,6.534792056363734,6.534792056363734,22600,2017-03-14,0.006037292251687143,0.3567103907877405,6.80009262902396,7.132964865366618,0.008667320458268641,2017,3,1,6.700276374816895,6.9466633796691895,17028.571428571428
2017-03-15,6.784857273101807,6.92827678995498,6.676740622669155,6.74808284017654,26800,2017-03-15,0.006546677493615594,0.25153616728582495,6.784332343510219,7.127588144938151,0.009395783038169146,2017,3,2,6.74072790145874,6.895179271697998,19657.14285714286
2017-03-16,6.707631587982178,6.983438811343685,6.707631587982178,6.862083661121183,10400,2017-03-16,-0.011382064796821245,0.2758072233615074,6.754387378692627,7.12293267250061,0.009596894200041372,2017,3,3,6.784857273101807,6.917246341705322,19714.285714285714
2017-03-17,6.909890174865723,6.909890174865723,6.663502377166518,6.663502377166518,44400,2017-03-17,0.030153502652996655,0.24638779769920482,6.757014070238386,7.124897098541259,0.0162200523321479,2017,3,4,6.707631587982178,6.89150333404541,24142.85714285714
2017-03-20,6.854730129241943,6.8731177023267644,6.718665595485235,6.8731177023267644,11600,2017-03-20,-0.007982767341863206,0.15445210684152944,6.769622598375593,7.125755167007446,0.014653421949490694,2017,3,0,6.909890174865723,6.766470432281494,23600.0
2017-03-21,6.549501895904541,6.766470297579554,6.549501895904541,6.766470297579554,3800,2017-03-21,-0.04452811818736868,0.21696840167501286,6.749659333910261,7.118522882461548,0.02277767172015586,2017,3,1,6.854730129241943,6.689244747161865,20542.85714285714
2017-03-22,6.3950514793396,6.641439353373208,6.306793230622007,6.527439203123094,121000,2017-03-22,-0.023582009597023057,0.3346461227512014,6.706055777413504,7.104916445414225,0.023926142142790274,2017,3,2,6.549501895904541,6.700276374816895,34371.42857142857
2017-03-23,6.4171142578125,6.475953069112536,6.262662202796418,6.284726581680441,46000,2017-03-23,0.003449976680278244,0.21329086631611816,6.659825256892613,7.07819380760193,0.023721254062562248,2017,3,3,6.3950514793396,6.74072790145874,37714.28571428572
2017-03-24,6.4060821533203125,6.549501677940899,6.387695286568855,6.435501560971048,22800,2017-03-24,-0.0017191690920504987,0.16180639137204444,6.605714525495257,7.0370065689086925,0.023147201882630287,2017,3,4,6.4171142578125,6.784857273101807,37142.857142857145
2017-03-27,6.336211204528809,6.512727661782978,6.255308003640827,6.402405051352635,46600,2017-03-27,-0.010906970457019383,0.25741965814215106,6.552654470716204,6.987483819325766,0.023136126275633672,2017,3,0,6.4060821533203125,6.707631587982178,42314.28571428572
2017-03-28,6.325179100036621,6.435501705857134,6.196468925636673,6.266340283410477,136000,2017-03-28,-0.0017411200694039675,0.2390327802204606,6.4691243171691895,6.934896548589071,0.016622784157082935,2017,3,1,6.336211204528809,6.909890174865723,55400.0
2017-03-29,6.420792579650879,6.604664083554936,6.396889789161521,6.531115902841787,9200,2017-03-29,0.015116327633110771,0.2077742943934151,6.40713323865618,6.888560978571575,0.019666812802198775,2017,3,2,6.325179100036621,6.854730129241943,55057.142857142855
2017-03-30,6.306790351867676,6.488823388980427,6.196467766681329,6.369306670516977,49600,2017-03-30,-0.01775516439271141,0.2923556222990982,6.372460160936628,6.836586618423463,0.013163569723855151,2017,3,3,6.420792579650879,6.549501895904541,61600.0
2017-03-31,6.281050205230713,6.314147130254605,6.196469486353696,6.284727719279377,42600,2017-03-31,-0.004081338557470837,0.11767764390090818,6.356174264635358,6.792334906260174,0.010430867195675174,2017,3,4,6.306790351867676,6.3950514793396,50400.0
2017-04-03,6.3950514793396,6.714988244678308,6.3950514793396,6.6120199371340105,17200,2017-04-03,0.018150033893050033,0.3199367653387082,6.35302243913923,6.751147715250652,0.012997093948495492,2017,4,0,6.281050205230713,6.4171142578125,46285.71428571428
2017-04-04,6.475955009460449,6.619374567299403,6.398728608106588,6.619374567299403,11400,2017-04-04,0.012650958382778299,0.22064595919281427,6.363004275730678,6.7167024771372486,0.013863609848320373,2017,4,1,6.3950514793396,6.4060821533203125,44657.142857142855
2017-04-05,6.51640510559082,6.552076218186493,6.2148559856702335,6.552076218186493,14200,2017-04-05,0.006246197830478861,0.3372202325162599,6.38874626159668,6.692063728968304,0.012748773249447029,2017,4,2,6.475955009460449,6.336211204528809,40028.57142857143
2017-04-06,6.623050212860107,6.792211622944178,6.325178637782435,6.435501235540397,20200,2017-04-06,0.016365634969162546,0.46703298516174296,6.431299277714321,6.669141117731731,0.013198916451533588,2017,4,3,6.51640510559082,6.325179100036621,23485.714285714286
2017-04-07,6.615695953369141,6.667179744772977,6.494340801192917,6.667179744772977,10800,2017-04-07,-0.0011104037044271653,0.1728389435800599,6.459142616816929,6.65406370162964,0.012889657550156091,2017,4,4,6.623050212860107,6.420792579650879,23714.285714285714
2017-04-10,6.612018585205078,6.612018585205079,6.270017502967908,6.505373486173547,14800,2017-04-10,-0.0005558550740515367,0.34200108223717063,6.502746650150844,6.6380055586496995,0.009036509873914139,2017,4,0,6.615695953369141,6.306790351867676,18742.85714285714
2017-04-11,6.512726306915283,6.593630192386567,6.4538875000710245,6.542146411751317,23400,2017-04-11,-0.015016938777511757,0.1397426923155427,6.535843236105783,6.626360368728639,0.011766097107473773,2017,4,1,6.612018585205078,6.281050205230713,16000.0
2017-04-12,6.398726940155029,6.560534028240178,6.395049426628778,6.527437107917898,12400,2017-04-12,-0.01750409296936184,0.1654846016114,6.536368301936558,6.608831294377645,0.012911068845291375,2017,4,2,6.512726306915283,6.3950514793396,15314.285714285714
2017-04-13,6.457565307617188,6.58995297976012,6.350920228379553,6.376662119870916,8400,2017-04-13,0.009195324009362071,0.23903275138056745,6.5337412016732355,6.59497963587443,0.012409924658424111,2017,4,3,6.398726940155029,6.475955009460449,14885.714285714286
2017-04-17,6.361953258514404,6.531115393653004,6.361953258514404,6.520082851769812,44600,2017-04-17,-0.014806207068475574,0.1691621351385999,6.51167665209089,6.575489298502604,0.01308061478698968,2017,4,0,6.457565307617188,6.51640510559082,19228.571428571428
2017-04-18,6.33253288269043,6.420791100056635,6.277371584513297,6.306790990302032,14200,2017-04-18,-0.00462442501987903,0.14341951554333843,6.470174176352365,6.556734418869018,0.009803886481020518,2017,4,1,6.361953258514404,6.623050212860107,18371.428571428572
2017-04-19,6.372984409332275,6.435500730196456,6.288403710931891,6.292081224090244,13200,2017-04-19,0.006387890499932158,0.14709701926456553,6.4355010986328125,6.538592354456584,0.010827487108414576,2017,4,2,6.33253288269043,6.615695953369141,18714.285714285714
2017-04-20,6.306790351867676,6.406081099383722,6.292081001169312,6.306790351867676,14600,2017-04-20,-0.010386665526384897,0.11400009821440982,6.391897065298898,6.519101921717326,0.010750668250886383,2017,4,3,6.372984409332275,6.612018585205078,18685.714285714286
2017-04-21,6.2626633644104,6.319663078884403,6.2626633644104,6.31046964442867,22000,2017-04-21,-0.006996742399120293,0.05699971447400287,6.3561737877982,6.5023083527882894,0.01012304888036913,2017,4,4,6.306790351867676,6.512726306915283,18485.714285714286
2017-04-24,6.303113460540772,6.303113460540772,6.099016026542587,6.251629675897611,10200,2017-04-24,0.006458928698011013,0.2040974339981858,6.342514719281878,6.48943730990092,0.009428241998028332,2017,4,0,6.2626633644104,6.398726940155029,18171.428571428572
2017-04-25,6.369307994842529,6.369307994842529,6.303114149401943,6.317824204572757,6000,2017-04-25,0.010501878907329454,0.06619384544058615,6.329906531742641,6.478405030568441,0.009698423070714652,2017,4,1,6.303113460540772,6.457565307617188,17828.571428571428
2017-04-26,6.527437210083008,6.527437210083008,6.222210596766672,6.410862905273589,14800,2017-04-26,0.02482674968277898,0.3052266133163357,6.353547096252441,6.471295340855916,0.012176355613411112,2017,4,2,6.369307994842529,6.361953258514404,13571.42857142857
2017-04-27,6.571566581726074,6.582598420912511,6.475953334097693,6.494340200351079,4800,2017-04-27,0.006760596880947212,0.10664508681481788,6.387694767543247,6.464185651143392,0.011620854403818237,2017,4,3,6.527437210083008,6.33253288269043,12228.57142857143
2017-04-28,6.453888416290283,6.604662967909979,6.439546604136431,6.531114799620423,15000,2017-04-28,-0.01790717083549387,0.16511636377354844,6.3992524828229636,6.455727545420329,0.014528565764984727,2017,4,4,6.571566581726074,6.372984409332275,12485.714285714286
2017-05-01,6.3876953125,6.516404783110718,6.3876953125,6.516404783110718,14400,2017-05-01,-0.010256313639263603,0.12870947061071814,6.410810334341867,6.438321050008138,0.014510273965517233,2017,5,0,6.453888416290283,6.306790351867676,12457.142857142857
2017-05-02,6.361953258514404,6.6083410825931415,6.330327900994577,6.428147106985419,5800,2017-05-02,-0.004029943935369262,0.27801318159856425,6.424994604928153,6.4218951543172205,0.014247623004217193,2017,5,1,6.3876953125,6.2626633644104,10142.857142857143
2017-05-03,6.523760795593262,6.553180207806203,6.3876962771387005,6.3876962771387005,13800,2017-05-03,0.025433625571251284,0.16548393066750222,6.4565156527927945,6.421037117640178,0.01674824068435661,2017,5,2,6.361953258514404,6.303113460540772,10657.142857142857
2017-05-04,6.347243309020996,6.372985202921035,6.347243309020996,6.372985202921035,600,2017-05-04,-0.02705762705025938,0.025741893900039337,6.4533635548182895,6.419443511962891,0.020340625927895286,2017,5,3,6.523760795593262,6.369307994842529,9885.714285714286
2017-05-05,6.277371883392334,6.485146841213238,6.2295656097397165,6.40240453930102,23400,2017-05-05,-0.011008153024377965,0.2555812314735215,6.417639936719622,6.414785432815552,0.017228740035030565,2017,5,4,6.347243309020996,6.527437210083008,11114.285714285714
2017-05-08,6.253468990325928,6.2700174522815,6.025468738286998,6.2700174522815,12200,2017-05-08,-0.0038077866837306074,0.24454871399450262,6.372197423662458,6.409698327382405,0.016425975220847856,2017,5,0,6.277371883392334,6.571566581726074,12171.42857142857
2017-05-09,6.240597248077393,6.431823739357521,6.170726596636324,6.170726596636324,15000,2017-05-09,-0.0020583363039694547,0.261097142721197,6.341727256774902,6.406511195500692,0.015741589264562216,2017,5,1,6.253468990325928,6.453888416290283,12171.42857142857
2017-05-10,5.571304798126221,6.251629303825285,5.466498127675204,6.251629303825285,94600,2017-05-10,-0.1072481404175486,0.785131176150081,6.225100040435791,6.381382052103678,0.042093779596167925,2017,5,2,6.240597248077393,6.3876953125,23628.571428571428
2017-05-11,5.93360710144043,5.944698210212375,5.563912289928499,5.563912289928499,30200,2017-05-11,0.06503006323331317,0.38078592028387614,6.163907732282366,6.36514253616333,0.05279414940742868,2017,5,3,5.571304798126221,6.361953258514404,27114.285714285714
2017-05-12,5.693305492401123,5.892940870639376,5.685911772316857,5.885547150555109,6400,2017-05-12,-0.04049840256207249,0.20702909832251937,6.045271260397775,6.344693040847778,0.05156197261759633,2017,5,4,5.93360710144043,6.523760795593262,26057.14285714286
2017-05-15,5.73397159576416,5.777225788105518,5.717704778631831,5.717704778631831,18800,2017-05-15,0.007142793130864744,0.05952100947368688,5.957661015646798,6.326457087198893,0.05218745336081112,2017,5,0,5.693305492401123,6.347243309020996,28657.14285714286
2017-05-16,5.745062351226807,5.796819796758131,5.689608222318695,5.689608222318695,14400,2017-05-16,0.0019342187657225285,0.10721157443943596,5.881616796766009,6.304790782928467,0.05250661892792958,2017,5,1,5.73397159576416,6.277371883392334,27371.428571428572
2017-05-17,5.804214000701904,5.878152962942488,5.456700701886772,5.730275038461321,25800,2017-05-17,0.010296084856671106,0.4214522610557152,5.817437512534005,6.282399415969849,0.05311174568936801,2017,5,2,5.745062351226807,6.253468990325928,29314.285714285714
2017-05-18,6.04081916809082,6.417908412838736,5.767244825372993,5.767244825372993,12400,2017-05-18,0.040764376944113945,0.6506635874657434,5.788897786821638,6.266546551386515,0.056451849139899625,2017,5,3,5.804214000701904,6.240597248077393,28942.85714285714
2017-05-19,6.284817218780518,6.358756526938818,5.911425052342351,6.014939942736472,17000,2017-05-19,0.04039155020209151,0.44733147459646716,5.8908281326293945,6.255272118250529,0.03437222924486769,2017,5,4,6.04081916809082,5.571304798126221,17857.14285714286
2017-05-22,6.236757755279541,6.395726084206317,5.966879748428701,6.166515476361851,23000,2017-05-22,-0.007646915069759452,0.42884633577761644,5.934135368892124,6.242640844980875,0.02816786055301856,2017,5,0,6.284817218780518,5.93360710144043,16828.571428571428
2017-05-23,6.0149407386779785,6.111061569948189,5.9225169438186525,6.092576387893767,7600,2017-05-23,-0.03556607861092409,0.18854462612953693,5.9800832612173895,6.222738250096639,0.026795830427106003,2017,5,1,6.236757755279541,5.693305492401123,17000.0
2017-05-24,5.774637699127197,6.011242701501283,5.774637699127197,6.011242701501283,12400,2017-05-24,-0.03995102362448166,0.23660500237408577,5.985892704554966,6.198135296503703,0.03242308900421791,2017,5,2,6.0149407386779785,5.73397159576416,16085.714285714286
2017-05-25,5.896637439727783,5.896637439727783,5.8042136543008,5.8042136543008,11800,2017-05-25,0.021126821621904712,0.09242378542698315,6.007546288626535,6.181398979822794,0.03327026893146146,2017,5,3,5.774637699127197,5.745062351226807,15714.285714285714
2017-05-26,5.915121555328369,6.118453576737807,5.804212955652218,5.952091206076659,18200,2017-05-26,0.003134687487491128,0.31424062108558903,6.0233902250017435,6.163317521413167,0.033161577185633534,2017,5,4,5.896637439727783,5.804214000701904,14628.57142857143
2017-05-30,5.959486961364746,6.212727977077967,5.959486961364746,6.212727977077967,1600,2017-05-30,0.007500337164907833,0.253241015713221,6.01177133832659,6.149901978174845,0.029000251950462925,2017,5,1,5.915121555328369,6.04081916809082,13085.714285714286
2017-05-31,6.000151634216309,6.155423612973176,5.959485650470152,6.155423612973176,9600,2017-05-31,0.006823519057125305,0.19593796250302375,5.971104826245989,6.138822603225708,0.023074502989744918,2017,5,2,5.959486961364746,6.284817218780518,12028.57142857143
2017-06-01,5.85597038269043,6.273725531312266,5.811607013435953,6.273725531312266,25000,2017-06-01,-0.024029601302686165,0.46211851787631275,5.916706630161831,6.121588802337646,0.024036564092677907,2017,6,3,6.000151634216309,6.236757755279541,12314.285714285714
2017-06-02,5.674820423126221,6.005697735843154,5.674820423126221,5.863364672689952,53400,2017-06-02,-0.030934234247438686,0.3308773127169333,5.868118013654437,6.100523138046265,0.0232240169951162,2017,6,4,5.85597038269043,6.0149407386779785,18857.14285714286
2017-06-05,5.660033226013184,6.255242324700536,5.637851360611657,5.73027515340857,35800,2017-06-05,-0.002605755955338407,0.6173909640888784,5.85174594606672,6.080435466766358,0.01847808180865118,2017,6,0,5.674820423126221,5.774637699127197,22200.0
2017-06-06,5.637851715087891,5.652639508762418,5.637851715087891,5.637851715087891,4000,2017-06-06,-0.003918971857505671,0.014787793674527094,5.81477655683245,6.058260075251261,0.015232583935291791,2017,6,1,5.660033226013184,5.896637439727783,21085.714285714286
2017-06-07,5.619366645812988,5.822699064614886,5.575003266676559,5.822699064614886,24200,2017-06-07,-0.0032787434308414465,0.2476957979383272,5.77252585547311,6.03326203028361,0.01475667398283825,2017,6,2,5.637851715087891,5.915121555328369,21942.85714285714
2017-06-08,5.674820423126221,5.759850134341605,5.626760013608014,5.626760013608014,3600,2017-06-08,0.00986833228875561,0.1330901207335904,5.73185920715332,6.004841470718384,0.015171315899060836,2017,6,3,5.619366645812988,5.959486961364746,22228.571428571428
2017-06-09,6.009392738342285,6.114756476508928,5.637849522681727,5.637849522681727,20800,2017-06-09,0.05895733966357852,0.47690695382720083,5.733179364885602,5.986102342605591,0.029263874283968875,2017,6,4,5.674820423126221,6.000151634216309,23828.571428571428
2017-06-12,6.173908233642578,6.236756426624716,5.582395953540833,5.737667918253323,51400,2017-06-12,0.027376392667868066,0.6543604730838828,5.7785990578787665,5.976769669850667,0.02849904482604408,2017,6,0,6.009392738342285,5.85597038269043,27600.0
2017-06-13,6.214575290679932,6.42899845004782,6.1702122674383215,6.266333091311863,21000,2017-06-13,0.006586922820742913,0.2587861826094988,5.855706896100726,5.970999002456665,0.022963442576965126,2017,6,1,6.173908233642578,5.674820423126221,22971.428571428572
2017-06-14,6.203485012054443,6.281120656855583,6.201266649306539,6.281120656855583,4000,2017-06-14,-0.0017845593796442794,0.07985400754904415,5.933342865535191,5.965716727574667,0.022870649139788205,2017,6,2,6.214575290679932,5.660033226013184,18428.571428571428
2017-06-15,6.107363700866699,6.192393411311408,6.1036666649598645,6.12215113935654,5200,2017-06-15,-0.015494727721750534,0.08872674635154354,6.0004160063607355,5.951836824417114,0.024678727914255925,2017,6,3,6.203485012054443,5.637851715087891,18600.0
2017-06-16,5.915121555328369,6.227513658619671,5.915121555328369,6.227513658619671,55600,2017-06-16,-0.03147710779219659,0.31239210329130174,6.042666707720075,5.937432765960693,0.029391641180393564,2017,6,4,6.107363700866699,5.619366645812988,23085.714285714286
2017-06-19,6.14802885055542,6.14802885055542,5.730273721746609,5.970575381953664,51000,2017-06-19,0.03937489585776088,0.41775512880881127,6.110267911638532,5.933121331532797,0.0317708310134307,2017,6,0,5.915121555328369,5.674820423126221,29857.14285714286
2017-06-20,5.796819686889648,6.205702123819323,5.793122651014177,5.937303524470076,58000,2017-06-20,-0.0571254904950621,0.4125794728051462,6.079900332859585,5.91789968808492,0.0333899670456682,2017,6,1,6.14802885055542,6.009392738342285,35171.42857142857
2017-06-21,5.859667778015137,5.907727833231516,5.71548655465978,5.7302743453191445,40200,2017-06-21,0.010841822675221158,0.19224127857173645,6.035008839198521,5.9052020390828455,0.03126398359804156,2017,6,2,5.796819686889648,6.173908233642578,33571.42857142857
2017-06-22,5.660033226013184,5.854492894519538,5.660033226013184,5.767244811554851,33600,2017-06-22,-0.03406926118763276,0.19445966850635443,5.955788544246128,5.908159653345744,0.032082496213536975,2017,6,3,5.859667778015137,6.214575290679932,35371.42857142857
2017-06-23,5.700698375701904,5.9151215019417975,5.656335006745587,5.859667378888579,85600,2017-06-23,0.007184613246054017,0.2587864951962109,5.883961881910052,5.90039602915446,0.03276842079511734,2017,6,4,5.660033226013184,6.203485012054443,47028.57142857143
2017-06-26,5.767245292663574,6.036382931528531,5.722881558159659,5.86928117688494,54800,2017-06-26,0.011673467455375786,0.3135013733688723,5.835373537881034,5.902860689163208,0.033813909247851076,2017,6,0,5.700698375701904,6.107363700866699,54114.28571428572
2017-06-27,5.715487480163574,5.885547276568265,5.715487480163574,5.785729409027583,19600,2017-06-27,-0.008974442714590358,0.17005979640469082,5.806854384286063,5.902244551976522,0.032203182653836926,2017,6,1,5.767245292663574,5.915121555328369,48971.42857142857
2017-06-28,5.737669467926025,5.874456644723208,5.678517941884796,5.682214978369024,19800,2017-06-28,0.0038810316424342517,0.19593870283841142,5.748231615339007,5.901998122533162,0.02643118372511595,2017,6,2,5.715487480163574,6.14802885055542,44514.28571428572
2017-06-29,6.007546424865723,6.0851820709671856,5.763547672636028,5.767244708898607,39800,2017-06-29,0.047035988818862506,0.3216343983311578,5.778335435049875,5.9087758700052895,0.024401015474771786,2017,6,3,5.737669467926025,5.796819686889648,41914.28571428572
2017-06-30,6.058193206787109,6.251544006813304,6.051909021968441,6.2404529001018085,13800,2017-06-30,0.00843052693055446,0.19963498484486308,5.806696210588727,5.909355004628499,0.0243277658153355,2017,6,4,6.007546424865723,5.859667778015137,38142.857142857145
2017-07-03,6.155423641204834,6.184999222763814,6.040818350805972,6.184999222763814,16600,2017-07-03,0.016049411284670745,0.14418087195784235,5.877466269901821,5.905041885375977,0.017250915793714135,2017,7,0,6.058193206787109,5.660033226013184,35714.28571428572
2017-07-05,6.062999248504639,6.222707936907199,6.026029599004399,6.203483775578067,5200,2017-07-05,-0.015015114813787922,0.19667833790279943,5.929223537445068,5.899249935150147,0.020124245766068756,2017,7,2,6.155423641204834,5.700698375701904,24228.571428571428
2017-07-06,6.14802885055542,6.28111930457544,6.033423573558961,6.033423573558961,35400,2017-07-06,0.014024346460500103,0.24769573101647868,5.983621188572475,5.9036862055460615,0.020195562212061247,2017,7,3,6.062999248504639,5.767245292663574,21457.14285714286
2017-07-07,6.177605628967285,6.410513968756515,6.177605628967285,6.192393773459476,24400,2017-07-07,0.004810774173447996,0.23290833978922976,6.049638066973005,5.917118469874064,0.018730137036082305,2017,7,4,6.14802885055542,5.715487480163574,22142.85714285714
2017-07-10,6.159121036529541,6.369847155578852,6.159121036529541,6.369847155578852,6000,2017-07-10,-0.0029921936665993076,0.21072611904931104,6.109845433916364,5.92586792310079,0.019354649977225132,2017,7,0,6.177605628967285,5.737669467926025,20171.428571428572
2017-07-11,5.737669467926025,6.21087885570542,5.737669467926025,6.21087885570542,66800,2017-07-11,-0.0684272262395722,0.47320938777939503,6.071291582924979,5.919952853520711,0.029437964922265806,2017,7,1,6.159121036529541,6.007546424865723,24028.571428571428
2017-07-12,5.538032531738281,5.94469729032708,5.538032531738281,5.759849736890122,62200,2017-07-12,-0.03479408099468406,0.406664758588799,5.996982915060861,5.905904372533162,0.030385541328414267,2017,7,2,5.737669467926025,6.058193206787109,30942.85714285714
2017-07-13,5.587942123413086,5.611972505669455,5.453003477898542,5.5565180214715975,16800,2017-07-13,0.009012152129619144,0.15896902777091348,5.915914126804897,5.892164055506388,0.029390020858910026,2017,7,3,5.538032531738281,6.155423641204834,30971.428571428572
2017-07-14,5.478882312774658,5.660033214231821,5.478882312774658,5.545427556271934,17200,2017-07-14,-0.019516990017035885,0.18115090145716284,5.8324688502720425,5.879594453175863,0.029481893190460948,2017,7,4,5.587942123413086,6.062999248504639,32685.714285714286
2017-07-17,5.563911437988281,5.563911437988281,5.508456960326035,5.549123647792095,12800,2017-07-17,0.015519429029414944,0.05545447766224587,5.749023505619594,5.875897487004598,0.02972304280746213,2017,7,0,5.478882312774658,6.14802885055542,29457.14285714286
2017-07-18,5.486276149749756,5.604578486379797,5.482579113587874,5.482579113587874,9800,2017-07-18,-0.01395336520068613,0.1219993727919233,5.650262151445661,5.870105584462483,0.02859270041546614,2017,7,1,5.563911437988281,6.177605628967285,27371.428571428572
2017-07-19,5.460397720336914,5.575003023293942,5.460397720336914,5.501064061294443,9800,2017-07-19,-0.004716938904729018,0.11460530295702753,5.550444534846714,5.864190451304117,0.028464542823342456,2017,7,2,5.486276149749756,6.159121036529541,27914.285714285714
2017-07-20,5.512154579162598,5.550972752889719,5.453003412120094,5.453003412120094,10400,2017-07-20,0.009478587728677379,0.09796934076962494,5.518228122166225,5.860616715749105,0.01827309992642783,2017,7,3,5.460397720336914,5.737669467926025,19857.14285714286
2017-07-21,5.538032531738281,5.541729567423515,5.508456951393866,5.5121539870791,30400,2017-07-21,0.004694707342480786,0.033272616029649704,5.518228122166225,5.856057119369507,0.013113453702025928,2017,7,4,5.512154579162598,5.538032531738281,15314.285714285714
2017-07-24,5.497366905212402,5.549124353768156,5.491821350970038,5.549124353768156,17200,2017-07-24,-0.007342973572803224,0.057303002798118285,5.505288805280413,5.83898959159851,0.012706180333570247,2017,7,0,5.538032531738281,5.587942123413086,15371.42857142857
2017-07-25,5.456700801849365,5.575003143601506,5.456700801849365,5.545427558163471,22600,2017-07-25,-0.007397378429385704,0.11830234175214116,5.502120018005371,5.815082677205404,0.01061718924212329,2017,7,1,5.497366905212402,5.478882312774658,16142.857142857143
2017-07-26,5.5158514976501465,5.541730044537334,5.489972950762959,5.489972950762959,9000,2017-07-26,0.010840010832321001,0.05175709377437521,5.49525431224278,5.791791884104411,0.009529799554439214,2017,7,2,5.456700801849365,5.563911437988281,15600.0
2017-07-27,5.508456707000732,5.560214146591506,5.508456707000732,5.560214146591506,6000,2017-07-27,-0.0013406435348313206,0.051757439590773835,5.498422963278634,5.768624273935954,0.007741000838983291,2017,7,3,5.5158514976501465,5.486276149749756,15057.142857142857
2017-07-28,5.560216426849365,5.560216426849365,5.508458966032736,5.508458966032736,7400,2017-07-28,0.009396410392560783,0.051757460816629575,5.512682778494699,5.750386031468709,0.007959568080055282,2017,7,4,5.508456707000732,5.460397720336914,14714.285714285714
2017-07-31,5.571305274963379,5.615668646492838,5.508457077154462,5.532487457088379,8800,2017-07-31,0.0019943195125404767,0.10721156933837594,5.52113287789481,5.738925488789876,0.007364933093003916,2017,7,0,5.560216426849365,5.512154579162598,14485.714285714286
2017-08-01,5.726577281951904,5.726577281951904,5.582396411859184,5.61566867625607,16600,2017-08-01,0.027869951353463707,0.14418087009272007,5.548067842211042,5.724877103169759,0.01246069423535441,2017,8,1,5.571305274963379,5.538032531738281,12514.285714285714
2017-08-02,5.704395294189453,5.787576477062206,5.663728609054202,5.763546451583955,3600,2017-08-02,-0.0038735158315876816,0.12384786800800462,5.57764332635062,5.7217962900797525,0.011953073869090447,2017,8,2,5.726577281951904,5.497366905212402,10571.42857142857
2017-08-03,5.730274677276611,5.767244332351061,5.633045027386698,5.708092813718189,6400,2017-08-03,0.004536744344053378,0.13419930496436283,5.616725308554513,5.717483186721802,0.01060614513194633,2017,8,3,5.704395294189453,5.456700801849365,8257.142857142857
2017-08-04,5.708093166351318,5.785729164748832,5.708093166351318,5.748759859959262,6200,2017-08-04,-0.003870933275372246,0.0776359983975139,5.644188404083252,5.719085184733073,0.011174647640303407,2017,8,4,5.730274677276611,5.5158514976501465,7857.142857142857
2017-08-07,5.989063262939453,6.022335891466495,5.704397754491525,5.704397754491525,24800,2017-08-07,0.049223109784617414,0.31793813697496986,5.7128464835030695,5.728697347640991,0.019594345118363662,2017,8,0,5.708093166351318,5.508456707000732,10542.857142857143
2017-08-08,6.066697120666504,6.0777882285874485,5.9705763007641925,6.026030430093888,23600,2017-08-08,0.012962604387142251,0.10721192782325595,5.785200868334089,5.738679075241089,0.019556162932148142,2017,8,1,5.989063262939453,5.560216426849365,12857.142857142857
2017-08-09,6.196091651916504,6.221970203158384,5.999413957340577,6.063001153943821,68600,2017-08-09,0.021328661819824735,0.22255624581780697,5.874456065041678,5.75469921429952,0.019154719663650777,2017,8,2,6.066697120666504,5.571305274963379,21400.0
2017-08-10,6.136940002441406,6.210878613833723,6.059303649571254,6.173909660706356,25600,2017-08-10,-0.00954660660269635,0.15157496426246908,5.933079310825893,5.768008232116699,0.02029893116948679,2017,8,3,6.196091651916504,5.726577281951904,22685.714285714286
2017-08-11,6.048213481903076,6.1258491326677325,6.011243822194264,6.011243822194264,26800,2017-08-11,-0.01445777871431575,0.11460531047346834,5.982196194784982,5.769363800684611,0.021849038222158976,2017,8,4,6.136940002441406,5.704395294189453,26000.0
2017-08-14,6.03896951675415,6.155423678342898,6.007545769655793,6.155423678342898,23000,2017-08-14,-0.0015283794423898156,0.14787790868710537,6.026295457567487,5.768723011016846,0.02215498369153699,2017,8,0,6.048213481903076,5.730274677276611,28371.428571428572
2017-08-15,6.4770588874816895,6.519573743082004,6.0556059571432375,6.063000029022641,116200,2017-08-15,0.07254372944127807,0.46396778593876675,6.136147703443255,5.779444185892741,0.03208611163299354,2017,8,1,6.03896951675415,5.708093166351318,44085.71428571428
2017-08-16,6.636027812957764,6.758027176685295,6.395725416252403,6.395725416252403,53000,2017-08-16,0.024543381222504435,0.3623017604328922,6.228571210588727,5.798545138041178,0.02941071704485931,2017,8,2,6.4770588874816895,5.989063262939453,48114.28571428572
2017-08-17,6.395726203918457,6.636028630218278,6.284817934193603,6.525119655355842,49400,2017-08-17,-0.03621166393698416,0.35121069602467525,6.275575365339007,5.806801716486613,0.0352960379816832,2017,8,3,6.636027812957764,6.066697120666504,51800.0
2017-08-18,6.299605369567871,6.453028482233651,6.218271989474563,6.340271354477022,86000,2017-08-18,-0.015028916386648272,0.23475649275908772,6.290363039289202,5.810868374506632,0.03569704543139074,2017,8,4,6.395726203918457,6.196091651916504,54285.71428571428
2017-08-21,6.392028331756592,6.491106484382731,6.284816419082752,6.406815768424155,174400,2017-08-21,0.014671230460751916,0.20629006529997884,6.326804229191372,5.818631951014201,0.03546227263671259,2017,8,0,6.299605369567871,6.136940002441406,75542.85714285714
2017-08-22,6.373544692993164,6.469665522515621,6.3587572527561,6.451181045934895,62000,2017-08-22,-0.0028916703437621427,0.11090826975952073,6.373280116489956,5.839827791849772,0.034589259267624135,2017,8,1,6.392028331756592,6.048213481903076,80571.42857142857
2017-08-23,6.425301551818848,6.469665281150116,6.336574798293867,6.406817075927727,115800,2017-08-23,0.008120576746340813,0.13309048285624847,6.428470407213483,5.8694034258524574,0.03433694791683517,2017,8,2,6.373544692993164,6.03896951675415,93828.57142857143
2017-08-24,6.336573600769043,6.513288090263795,6.284816513945234,6.50663370840608,57400,2017-08-24,-0.013809149708263524,0.22847157631856074,6.408401080540249,5.89435780843099,0.02065233729003377,2017,8,3,6.425301551818848,6.4770588874816895,85428.57142857143
2017-08-25,6.351362228393555,6.399422283384771,6.310695539844273,6.3661496664149,15200,2017-08-25,0.0023338524187135334,0.08872674354049792,6.367734568459647,5.923440472284953,0.017131642225576785,2017,8,4,6.336573600769043,6.636027812957764,80028.57142857143
2017-08-28,6.406816482543945,6.443786136039703,6.306998629646646,6.310695665509971,19200,2017-08-28,0.008731080381856327,0.13678750639305726,6.369318893977574,5.951537307103475,0.01145384794264777,2017,8,0,6.351362228393555,6.395726203918457,75714.28571428571
2017-08-29,6.432695388793945,6.536210283353227,6.3291811993721945,6.369847185871798,116800,2017-08-29,0.004039276967041205,0.20702908398103226,6.388331753867013,5.983084615071615,0.009256177292987413,2017,8,1,6.406816482543945,6.299605369567871,80114.28571428571
2017-08-30,6.432695388793945,6.647118544915826,6.358756782798056,6.469665044360656,87000,2017-08-30,0.0,0.28836176211776987,6.394141333443778,6.015494537353516,0.007712675977608571,2017,8,2,6.432695388793945,6.392028331756592,67628.57142857143
2017-08-31,6.336573600769043,6.562087830736935,6.327331364570138,6.55284559453803,62000,2017-08-31,-0.014942692326509244,0.23475646616679757,6.388859748840332,6.042975171407064,0.009777105719698243,2017,8,3,6.432695388793945,6.373544692993164,67628.57142857143
2017-09-01,6.421604156494141,6.4363915937287945,6.281119624509011,6.358755961687622,68400,2017-09-01,0.013419011769196132,0.15527196921978348,6.388331549508231,6.072427558898926,0.010739595506762846,2017,9,4,6.336573600769043,6.425301551818848,60857.142857142855
2017-09-05,6.51033353805542,6.517726907105219,6.373545986137115,6.414212689030776,79600,2017-09-05,0.013817323428686912,0.14418092096810398,6.413154397691999,6.106193113327026,0.00987447998007692,2017,9,1,6.421604156494141,6.336573600769043,64028.57142857143
2017-09-06,6.636027812957764,6.636027812957764,6.45487658017257,6.514028449230232,31200,2017-09-06,0.01930688714604445,0.18115123278519363,6.453820909772601,6.145504013697306,0.011389484245073907,2017,9,2,6.51033353805542,6.351362228393555,66314.28571428571
2017-09-07,6.617544174194336,6.617544174194336,6.406818015526056,6.573181143494519,77200,2017-09-07,-0.00278534678943565,0.2107261586682796,6.483924865722656,6.182227102915446,0.01181030582360553,2017,9,3,6.636027812957764,6.406816482543945,74600.0
2017-09-08,6.602755069732666,6.709966287875606,6.510331289720227,6.617542507863166,14600,2017-09-08,-0.0022348327525097966,0.19963499815537844,6.508219105856759,6.2187037150065105,0.012102686783158243,2017,9,4,6.617544174194336,6.432695388793945,60000.0
2017-09-11,6.665604591369629,6.798694381510391,6.56208968336004,6.624937894448429,38000,2017-09-11,0.009518681364551584,0.23660469815035068,6.541491849081857,6.255549987157186,0.012139627304276306,2017,9,0,6.602755069732666,6.432695388793945,53000.0
2017-09-12,6.957662105560303,6.962837814720523,6.669300360762312,6.676693727321564,92800,2017-09-12,0.04381560744974555,0.2935374539582112,6.630218778337751,6.301761881510417,0.01571354715770179,2017,9,1,6.665604591369629,6.336573600769043,57400.0
2017-09-13,6.221970081329346,6.595362311556686,5.992758750990859,6.099970695622402,104400,2017-09-13,-0.1057383950340186,0.6026035605658269,6.60169962474278,6.318274974822998,0.047754740866490064,2017,9,2,6.957662105560303,6.421604156494141,62542.857142857145
2017-09-14,6.281119346618652,6.373543116942889,6.159119997996156,6.225665225451591,64000,2017-09-14,0.009506517150701166,0.2144231189467325,6.568954740251813,6.3374991099039715,0.04752185982376258,2017,9,3,6.221970081329346,6.51033353805542,60314.28571428572
2017-09-15,6.314550399780273,6.522558920459287,6.266262973157342,6.307121346923369,71800,2017-09-15,0.005322467432435918,0.25629594730194505,6.5230293955121725,6.3569749673207605,0.04666062197256481,2017,9,4,6.281119346618652,6.636027812957764,66114.28571428571
2017-09-18,6.325695037841797,6.392554399324239,6.29226500286378,6.341295626368393,48400,2017-09-18,0.0017649139457198704,0.1002893964604592,6.481336661747524,6.377561696370443,0.046745869420791106,2017,9,0,6.314550399780273,6.617544174194336,62000.0
2017-09-19,6.180830478668213,6.299692494262064,6.158544027862741,6.273691516910096,25800,2017-09-19,-0.02290097108807332,0.141148466399323,6.421061720166888,6.383953936894735,0.047160831083436626,2017,9,1,6.325695037841797,6.602755069732666,63600.0
2017-09-20,6.095398426055908,6.203117569291544,6.080541028507866,6.125113929625481,29800,2017-09-20,-0.013822099296713408,0.12257654078367874,6.3396036965506415,6.384910647074381,0.046504388405353925,2017,9,2,6.180830478668213,6.665604591369629,62428.57142857143
2017-09-21,6.054540157318115,6.132172567317403,6.0248246497517455,6.061969211328104,104000,2017-09-21,-0.006703133393731409,0.10734791756565709,6.210586275373187,6.380192263921102,0.039900187128738863,2017,9,3,6.095398426055908,6.957662105560303,64028.57142857143
2017-09-22,6.184545040130615,6.336837087029214,6.035967519799482,6.035967519799482,145400,2017-09-22,0.021472296728491047,0.3008695672297321,6.205239840916225,6.3817790985107425,0.014939933273814644,2017,9,4,6.054540157318115,6.221970081329346,69885.71428571429
2017-09-25,6.110256671905518,6.16225862722392,6.039682083635181,6.154829574043147,31000,2017-09-25,-0.012011937457493072,0.12257654358873893,6.180830887385777,6.383847204844157,0.014685703109671065,2017,9,0,6.184545040130615,6.281119346618652,65171.42857142857
2017-09-26,6.154829025268555,6.3294082170834365,6.113969944890869,6.113969944890869,53200,2017-09-26,0.007294677745368183,0.21543827219256784,6.1580135481698175,6.3877091884613035,0.014908012213302865,2017,9,1,6.110256671905518,6.314550399780273,62514.28571428572
2017-09-27,6.173402786254883,6.258834780429474,6.147401097682398,6.217975692574855,20800,2017-09-27,0.003017754174823306,0.11143368274707655,6.13625751222883,6.37758731842041,0.014989863017481555,2017,9,2,6.154829025268555,6.325695037841797,58571.42857142857
2017-09-28,6.206831932067871,6.206831932067871,6.136258047692127,6.177116425890308,4400,2017-09-28,0.005415027493008928,0.07057388437574375,6.139972005571638,6.363280789057414,0.012448993321866017,2017,9,3,6.173402786254883,6.180830478668213,55514.28571428572
2017-09-29,6.132542133331299,6.208688144962349,6.128827607340345,6.1808295542669,36800,2017-09-29,-0.011969036627647478,0.07986053762200385,6.145278249468122,6.354507986704508,0.012104495574748539,2017,9,4,6.206831932067871,6.095398426055908,56514.28571428572
2017-10-02,6.136257171630859,6.191973649200066,6.11768454012549,6.128828119028712,9800,2017-10-02,0.0006057909132606287,0.07428910907457631,6.156952108655657,6.349063046773275,0.011642665694657373,2017,10,0,6.132542133331299,6.054540157318115,43057.142857142855
2017-10-03,6.132542133331299,6.217974105703035,6.110255685858974,6.136256659322251,37400,2017-10-03,-0.0006054241528102855,0.10771841984406105,6.149523121970041,6.340413506825765,0.007854818594893821,2017,10,1,6.136257171630859,6.184545040130615,27628.571428571428
2017-10-04,6.184545040130615,6.318265162665385,6.169687642334252,6.188259566698081,16400,2017-10-04,0.0084798287021417,0.14857752033113325,6.160135746002197,6.334113518397014,0.006905829152373905,2017,10,2,6.132542133331299,6.110256671905518,25542.85714285714
2017-10-05,6.188258647918701,6.240260595195421,6.091683096923796,6.154828622248411,141600,2017-10-05,0.0006004658004734598,0.14857749827162525,6.1649114063807895,6.326212088267009,0.006458809026261905,2017,10,3,6.184545040130615,6.154829025268555,38171.42857142857
2017-10-06,6.232833385467529,6.385125437458956,6.210546225317424,6.211289414045171,69400,2017-10-06,0.007203114815477196,0.1745792121415315,6.173401491982596,6.322754081090292,0.00687922896003779,2017,10,4,6.188258647918701,6.173402786254883,45114.28571428572
2017-10-09,6.084255218505859,6.273691831020819,6.080541400246919,6.273691831020819,8000,2017-10-09,-0.02383798150422156,0.19315043077389937,6.155890532902309,6.313850514094034,0.011415943827846598,2017,10,0,6.232833385467529,6.206831932067871,45628.57142857143
2017-10-10,6.1956892013549805,6.303407648027848,6.0991136269568695,6.102828153872977,14200,2017-10-10,0.018315139461964725,0.20429402107097872,6.164911542619977,6.306812938054403,0.012987414452849256,2017,10,1,6.084255218505859,6.132542133331299,42400.0
2017-10-11,6.299692153930664,6.351694814298731,6.091683637878773,6.128828192863547,100000,2017-10-11,0.01678634114715405,0.2600111764199582,6.188259397234235,6.302379496892294,0.014179224596925643,2017,10,2,6.1956892013549805,6.136257171630859,55285.71428571428
2017-10-12,6.281120777130127,6.399982796643587,6.262548852258719,6.399982796643587,6600,2017-10-12,-0.0029479816389043068,0.13743394438486778,6.209484917776925,6.297327009836833,0.014328727391954413,2017,10,3,6.299692153930664,6.132542133331299,50885.71428571428
2017-10-13,6.188258647918701,6.281119672897641,6.188258647918701,6.240260595195421,19000,2017-10-13,-0.014784324725858111,0.09286102497893989,6.210015433175223,6.292383178075155,0.015624407739445019,2017,10,4,6.281120777130127,6.184545040130615,51257.142857142855
2017-10-16,6.106542110443115,6.295978714630008,6.106542110443115,6.184545042975276,24000,2017-10-16,-0.013205094053893474,0.18943660418689312,6.198341642107282,6.281881109873454,0.01641535842648794,2017,10,0,6.188258647918701,6.188258647918701,34457.142857142855
2017-10-17,6.14739990234375,6.273690959816142,6.084254373607554,6.084254373607554,6000,2017-10-17,0.006690822917729822,0.18943658620858805,6.186136858803885,6.269783322016398,0.016369704599606197,2017,10,1,6.106542110443115,6.232833385467529,25400.0
2017-10-18,6.12139892578125,6.12139892578125,6.084254372097395,6.110256055607497,4400,2017-10-18,-0.004229589253268995,0.03714455368385483,6.19144310270037,6.252629025777181,0.013386889096677285,2017,10,2,6.14739990234375,6.084255218505859,24885.714285714286
2017-10-19,6.035966873168945,6.113969797308807,6.021108768490824,6.054538795543172,24800,2017-10-19,-0.013956295554026665,0.09286102881798364,6.168625627245222,6.233243115743002,0.011880634306931863,2017,10,3,6.12139892578125,6.1956892013549805,26400.0
2017-10-20,5.998823165893555,6.074969191923381,5.972822187513642,6.069397756120121,38600,2017-10-20,-0.006153729477956782,0.10214700440973878,6.12564434323992,6.213112052281698,0.0077428819300166055,2017,10,4,6.035966873168945,6.299692153930664,17628.571428571428
2017-10-23,6.050826072692871,6.082398488136502,5.96910789912384,6.043397019009586,58600,2017-10-23,0.00866885143322449,0.11329058901266187,6.092745099748884,6.192619434992472,0.009731009024912139,2017,10,0,5.998823165893555,6.281120777130127,25057.14285714286
2017-10-24,5.9728217124938965,6.017395320795602,5.9691071860959655,6.017395320795602,11000,2017-10-24,-0.01289152245690961,0.048288134699636664,6.061968394688198,6.159791421890259,0.009445030018715198,2017,10,1,6.050826072692871,6.188258647918701,23914.285714285714
2017-10-25,5.943105697631836,6.024823145923847,5.76109817065867,6.024823145923847,31400,2017-10-25,-0.00497520540415608,0.2637249752651769,6.038620335715158,6.150495942433675,0.008741021550721484,2017,10,2,5.9728217124938965,6.106542110443115,24971.428571428572
2017-10-26,5.84281587600708,5.905961405161461,5.787099399335201,5.905961405161461,5400,2017-10-26,-0.016874985357355987,0.11886200582626039,5.9951083319527765,6.135885826746622,0.008547265213046292,2017,10,3,5.943105697631836,6.14739990234375,24885.714285714286
2017-10-27,5.84281587600708,5.924533682130994,5.84281587600708,5.868817205459115,3600,2017-10-27,0.0,0.08171780612391366,5.955310753413609,6.120161342620849,0.00893318308618665,2017,10,4,5.84281587600708,6.12139892578125,24771.428571428572
2017-10-30,5.690524101257324,5.839101969533389,5.664523124859626,5.827958390302888,43800,2017-10-30,-0.026064791015429134,0.17457884467376328,5.905961785997663,6.098988978068034,0.011421381082137425,2017,10,0,5.84281587600708,6.035966873168945,27485.714285714286
2017-10-31,5.768527507781982,5.868817597576175,5.590234487130187,5.757384282550431,53000,2017-10-31,0.013707596196178784,0.2785831104459886,5.873062406267438,6.08524554570516,0.01418419506993048,2017,10,1,5.690524101257324,5.998823165893555,29542.85714285714
2017-11-01,5.571662902832031,5.731384019402322,5.534518341785103,5.731384019402322,92800,2017-11-01,-0.03412735827026436,0.19686567761721907,5.804610524858747,6.06778769493103,0.016150994709511583,2017,11,2,5.768527507781982,6.050826072692871,34428.57142857143
2017-11-02,5.957964897155762,5.9728222957248045,5.56051938968594,5.567948088970462,49200,2017-11-02,0.0693333392670572,0.41230290603886477,5.802488122667585,6.064568519592285,0.03451674807030363,2017,11,3,5.571662902832031,5.9728217124938965,39885.71428571428
2017-11-03,5.775956630706787,6.021109359953396,5.7573843522714645,6.021109359953396,54600,2017-11-03,-0.030548730915796796,0.2637250076819315,5.778609684535435,6.050948905944824,0.036448079097113416,2017,11,4,5.957964897155762,5.943105697631836,43200.0
2017-11-06,5.657094955444336,5.761099585749838,5.627379447996133,5.705382743606863,8600,2017-11-06,-0.020578699402025502,0.13372013775370473,5.752078124455044,6.0358435153961185,0.03670042603138717,2017,11,0,5.775956630706787,5.84281587600708,43657.142857142855
2017-11-07,5.768527507781982,5.87476062741722,5.6979532756665,5.6979532756665,18000,2017-11-07,0.01969784018392784,0.17680735175071938,5.741465500422886,6.022966798146566,0.03780047217217053,2017,11,1,5.657094955444336,5.84281587600708,45714.28571428572
2017-11-08,5.809015274047852,5.809015274047852,5.66452351652694,5.749955504447472,26600,2017-11-08,0.0070187350604205,0.14449175752091126,5.758392810821533,6.010820547739665,0.03621209059926187,2017,11,2,5.768527507781982,5.690524101257324,43257.142857142855
2017-11-09,5.857674598693848,5.872532350988957,5.634807960030463,5.735097699463256,22400,2017-11-09,0.008376518626725726,0.23772439095849407,5.771128109523228,5.999181969960531,0.03601717770274976,2017,11,3,5.809015274047852,5.768527507781982,38885.71428571428
2017-11-10,5.716525077819824,5.813100278845315,5.686809576852487,5.801957054541742,15800,2017-11-10,-0.024096511080608174,0.12629070199282832,5.7918227059500555,5.985314734776815,0.03447237715545154,2017,11,4,5.857674598693848,5.571662902832031,27885.714285714286
2017-11-13,5.649665832519531,5.701668143777114,5.649665832519531,5.701668143777114,5200,2017-11-13,-0.011695784482728455,0.052002311257583145,5.747779982430594,5.969095023473104,0.01913922851789019,2017,11,0,5.716525077819824,5.957964897155762,21600.0
2017-11-14,5.645951271057129,5.716525861203523,5.605092540187003,5.645951271057129,31600,2017-11-14,-0.0006574833932692092,0.11143332101651993,5.729207788194929,5.952875328063965,0.016227778085401323,2017,11,1,5.649665832519531,5.775956630706787,18314.285714285714
2017-11-15,5.608806133270264,5.710581526259466,5.571661581035347,5.571661581035347,77400,2017-11-15,-0.006579075164407255,0.138919945224119,5.722309385027204,5.93368403116862,0.014489000060137357,2017,11,2,5.645951271057129,5.657094955444336,28142.85714285714
2017-11-16,5.579091548919678,5.642236731304855,5.575377022239149,5.605092527209854,11400,2017-11-16,-0.005297844789878714,0.0668597090657066,5.695247105189732,5.913378461201986,0.011208031901014093,2017,11,3,5.608806133270264,5.768527507781982,27200.0
2017-11-17,5.809386730194092,5.813100902535969,5.571662342713102,5.571662342713102,51000,2017-11-17,0.041278258163554904,0.24143855982286677,5.695300170353481,5.899263572692871,0.02066811387126031,2017,11,4,5.579091548919678,5.809015274047852,30685.714285714286
2017-11-20,5.612520694732666,5.722096741772205,5.593948771562625,5.720239478607855,10000,2017-11-20,-0.03388757619426874,0.12814797020958046,5.660278184073312,5.883539088567098,0.023812060620491196,2017,11,0,5.809386730194092,5.857674598693848,28914.285714285714
2017-11-21,5.582805633544922,5.627378890299834,5.553090129041647,5.57909146115958,45000,2017-11-21,-0.0052944234514149535,0.07428876125818729,5.641175406319754,5.8631096363067625,0.0224309352032907,2017,11,1,5.612520694732666,5.716525077819824,33085.71428571428
2017-11-22,5.6201491355896,5.766160904788999,5.575337358543184,5.575337358543184,13200,2017-11-22,0.00668902062796084,0.19082354624581477,5.636958735329764,5.84045820236206,0.02234133693965408,2017,11,2,5.582805633544922,5.649665832519531,34228.57142857143
2017-11-24,5.530525207519531,5.579071028937859,5.481979029968881,5.549196512927047,8800,2017-11-24,-0.015946894985851,0.09709199896897847,5.620469297681536,5.815438350041707,0.02309007849013173,2017,11,4,5.6201491355896,5.645951271057129,30971.428571428572
2017-11-27,5.328872203826904,5.409159745395431,5.24671710430366,5.409159745395431,8800,2017-11-27,-0.036461818023801995,0.1624426410917712,5.580478736332485,5.786792135238647,0.02644167272900608,2017,11,0,5.530525207519531,5.608806133270264,21171.428571428572
2017-11-28,5.556665420532227,5.594008388155224,5.210120529951544,5.332606190264927,34000,2017-11-28,0.04274698435097268,0.3838878582036802,5.577275003705706,5.768462912241618,0.03249615079948746,2017,11,1,5.328872203826904,5.579091548919678,24400.0
2017-11-29,5.302732467651367,5.552931848328448,5.246717829764061,5.552931848328448,36800,2017-11-29,-0.045698802008586115,0.3062140185643871,5.504895823342459,5.740307331085205,0.030599534178171423,2017,11,2,5.556665420532227,5.809386730194092,22371.428571428572
2017-11-30,5.549196243286133,5.635085739743004,5.22431063035582,5.272856805547564,83600,2017-11-30,0.04647863665351504,0.41077510938718387,5.495849473135812,5.721233908335368,0.035880546899750156,2017,11,3,5.302732467651367,5.612520694732666,32885.71428571428
2017-12-01,5.325138092041016,5.504385203226045,5.257920247280453,5.504385203226045,30800,2017-12-01,-0.04037668545533979,0.2464649559455916,5.4590398243495395,5.697539615631103,0.03889270529577035,2017,12,4,5.549196243286133,5.582805633544922,30857.14285714286
2017-12-04,5.287793159484863,5.431190876097983,5.2243097378587455,5.235512946003762,41200,2017-12-04,-0.007012951009095603,0.20688113823923704,5.41156039919172,5.6738386154174805,0.038485537682920526,2017,12,0,5.325138092041016,5.6201491355896,34857.142857142855
2017-12-05,5.22804594039917,5.302732239749828,5.116016313307,5.22804594039917,28200,2017-12-05,-0.011299084000387372,0.18671592644282775,5.368349075317383,5.64641261100769,0.038366272159723616,2017,12,1,5.287793159484863,5.530525207519531,37628.57142857143
2017-12-06,5.018922805786133,5.228044752587852,5.018922805786133,5.220575946283516,28800,2017-12-06,-0.040000248084482215,0.20912194680171936,5.324070589882987,5.614615980784098,0.038833837307073155,2017,12,2,5.22804594039917,5.328872203826904,40485.71428571428
2017-12-07,4.87328577041626,5.041330033644607,4.72055199383848,5.018923965685722,100800,2017-12-07,-0.029017588236657788,0.32077803980612707,5.226444925580706,5.5789553165435795,0.032135980014007075,2017,12,3,5.018922805786133,5.556665420532227,50028.57142857143
2017-12-08,4.690303325653076,4.977845611809444,4.686568922371648,4.906893730123784,24000,2017-12-08,-0.037548063746640103,0.2912766894377965,5.138955048152378,5.540538231531779,0.031101709274373855,2017,12,4,4.87328577041626,5.302732467651367,48200.0
2017-12-11,4.925564765930176,4.996516999882781,4.671631410875918,4.72017758249289,30800,2017-12-11,0.05015910996424555,0.32488558900686293,5.049864837101528,5.509963194529216,0.0323587596719105,2017,12,0,4.690303325653076,5.549196243286133,40657.142857142855
2017-12-12,5.302732467651367,5.3400757969978265,4.947972263389537,4.947972263389537,406800,2017-12-12,0.07657349352708476,0.39210353360828964,5.046664033617292,5.49703680674235,0.0454747053686451,2017,12,1,4.925564765930176,5.325138092041016,94371.42857142857
2017-12-13,5.459573745727539,5.579071826861506,5.269870577540604,5.280326624026588,82800,2017-12-13,0.029577445031021554,0.3092012493209024,5.071204117366245,5.4867383480072025,0.04658805641300163,2017,12,2,5.302732467651367,5.287793159484863,100314.28571428571
2017-12-14,5.616415023803711,5.694835726745168,5.452105166090943,5.694835726745168,74400,2017-12-14,0.028727751539011637,0.24273056065422516,5.126685414995466,5.4882300853729244,0.04664002439436234,2017,12,3,5.459573745727539,5.22804594039917,106914.28571428571
2017-12-15,5.541727542877197,5.754583538548338,5.526790286271018,5.694834512123617,40600,2017-12-15,-0.01329807014082296,0.22779325227732006,5.201371806008475,5.4743555068969725,0.04267714983244675,2017,12,4,5.616415023803711,5.018922805786133,108600.0
2017-12-18,5.567867755889893,5.6350855899271295,5.523055985242499,5.586539416026047,14000,2017-12-18,0.004716979102715513,0.11202960468463008,5.30059780393328,5.467419211069743,0.038583189079026955,2017,12,0,5.541727542877197,4.87328577041626,96200.0
2017-12-19,5.3400750160217285,5.493182002912308,5.3400750160217285,5.4558386790272415,18800,2017-12-19,-0.0409120241096238,0.15310698689057922,5.393422331128802,5.456851879755656,0.039428848105511644,2017,12,1,5.567867755889893,4.690303325653076,95457.14285714286
2017-12-20,5.347542762756348,5.459572363523,5.302730993676144,5.340074312642456,26200,2017-12-20,0.0013984347995512625,0.15684136984685537,5.453704902103969,5.442819054921468,0.0373330133029132,2017,12,2,5.3400750160217285,4.925564765930176,94800.0
2017-12-21,5.235513687133789,5.392354705911473,5.231779283890148,5.302731164857855,45200,2017-12-21,-0.02094963623344903,0.16057542202132513,5.444102219172886,5.423702335357666,0.025811362455806418,2017,12,3,5.347542762756348,5.302732467651367,43142.857142857145
2017-12-22,5.2803263664245605,5.467042287153588,5.276591962538214,5.276591962538214,19200,2017-12-22,0.008559366275920244,0.19045032461537392,5.418495450701032,5.404457394282023,0.022613408178683937,2017,12,4,5.235513687133789,5.459573745727539,34057.142857142855
2017-12-26,5.414761066436768,5.452104388658223,5.209373506483393,5.448369985209615,17200,2017-12-26,0.0254595437257481,0.24273088217482996,5.389687742505755,5.394398593902588,0.021832399914004468,2017,12,1,5.2803263664245605,5.616415023803711,25885.714285714286
2017-12-27,5.440901756286621,5.541728523315752,5.349410998870753,5.392355574694708,14200,2017-12-27,0.004827671900776265,0.1923175244449986,5.375284058707101,5.387439791361491,0.02175945852484802,2017,12,2,5.414761066436768,5.541727542877197,22114.285714285714
2017-12-28,5.407292366027832,5.500650317287696,5.396089511593698,5.4334328345505725,43600,2017-12-28,-0.006177172785734597,0.10456080569399795,5.3523447172982355,5.379484494527181,0.021553015983129684,2017,12,3,5.440901756286621,5.567867755889893,26342.85714285714
2017-12-29,5.470776081085205,5.489447743518288,5.399824191198298,5.414761449918297,12600,2017-12-29,0.011740388860091988,0.0896235523199902,5.371016298021589,5.374883492787679,0.014567750113130959,2017,12,4,5.407292366027832,5.3400750160217285,25457.14285714286
2018-01-02,5.463308334350586,5.508120116289598,5.452852287511388,5.508120116289598,7800,2018-01-02,-0.001365025112330609,0.05526782877821024,5.387554236820766,5.371024052302043,0.014672878199884045,2018,1,1,5.470776081085205,5.347542762756348,22828.571428571428
2018-01-03,5.347542762756348,5.489446876243136,5.317668250036212,5.489446876243136,19000,2018-01-03,-0.021189646366170045,0.1717786262069243,5.403558390481131,5.355629253387451,0.014738729663741519,2018,1,2,5.463308334350586,5.235513687133789,19085.714285714286
2018-01-04,5.470776081085205,5.489447743518288,5.303852223792533,5.366215270045217,34400,2018-01-04,0.02304484953110264,0.18559551972575505,5.430765492575509,5.350904432932536,0.016536603985227546,2018,1,3,5.347542762756348,5.2803263664245605,21257.14285714286
2018-01-05,5.429698944091797,5.900223148374066,5.418496088599082,5.470776318319987,49800,2018-01-05,-0.007508466145311532,0.4817270597749843,5.432899475097656,5.345800876617432,0.014352597047647932,2018,1,4,5.470776081085205,5.414761066436768,25914.285714285714
2018-01-08,5.343809604644775,5.590274553648556,5.33260639341199,5.5473296228542335,13800,2018-01-08,-0.015818434931918257,0.257668160236566,5.419029167720249,5.336589558919271,0.01539425637025582,2018,1,0,5.429698944091797,5.440901756286621,25857.14285714286
2018-01-09,5.302732467651367,5.713507665932886,5.302732467651367,5.384887578534148,22400,2018-01-09,-0.0076868638728641026,0.4107751982815184,5.404092039380755,5.328996467590332,0.015465298965585532,2018,1,1,5.343809604644775,5.407292366027832,22828.571428571428
2018-01-10,5.295263767242432,5.66869561867262,5.093610581715425,5.407293037765596,56000,2018-01-10,-0.0014084626095126618,0.5750850369571952,5.37901885168893,5.327876186370849,0.014165309591977123,2018,1,2,5.302732467651367,5.470776081085205,29028.571428571428
2018-01-11,5.1682963371276855,5.325137726720984,5.157093482480258,5.325137726720984,45000,2018-01-11,-0.023977545915690235,0.1680442442407255,5.336874280657087,5.3149305502573645,0.015798970251693172,2018,1,3,5.295263767242432,5.463308334350586,34342.857142857145
2018-01-12,5.239248275756836,5.427831385464513,5.239248275756836,5.278458801603151,24400,2018-01-12,0.013728303100472461,0.1885831097076771,5.321403639657157,5.312814410527547,0.016366105812411387,2018,1,4,5.1682963371276855,5.347542762756348,35114.28571428572
2018-01-16,5.22804594039917,5.310201047751077,5.1944370166582825,5.246717604269926,49200,2018-01-16,-0.0021381569965870373,0.11576403109279454,5.2867279052734375,5.302109400431315,0.011893899532796372,2018,1,1,5.239248275756836,5.470776081085205,37228.57142857143
2018-01-17,5.231780052185059,5.313934798815945,5.194436726529312,5.194436726529312,13200,2018-01-17,0.0007142461693065982,0.11949807228663278,5.258453777858189,5.29899746576945,0.012169199482592994,2018,1,2,5.22804594039917,5.429698944091797,32000.0
2018-01-18,5.134687423706055,5.216842522202404,5.134687423706055,5.190702053148098,23600,2018-01-18,-0.01855823974068882,0.08215509849634905,5.228579180581229,5.29389394124349,0.012602970721233482,2018,1,3,5.231780052185059,5.343809604644775,33400.0
2018-01-19,5.1682963371276855,5.175764788181861,5.128339002171012,5.142156224239579,9600,2018-01-19,0.006545464338581386,0.0474257860108489,5.209374019077846,5.291902287801107,0.013340069942844585,2018,1,4,5.134687423706055,5.302732467651367,31571.428571428572
2018-01-22,5.00771951675415,5.1384207666498085,4.989047858750163,5.1384207666498085,34200,2018-01-22,-0.031069584617273827,0.14937290789964575,5.168296269008091,5.291528844833374,0.01679648704842079,2018,1,0,5.1682963371276855,5.295263767242432,28457.14285714286
2018-01-23,5.101078033447266,5.224310491767911,5.007720088893304,5.007720088893304,64200,2018-01-23,0.018642920471238167,0.21659040287460662,5.158693654196603,5.299121920267741,0.017666541132053307,2018,1,1,5.00771951675415,5.1682963371276855,31200.0
2018-01-24,5.07120418548584,5.134687624607944,5.0525325228971605,5.134687624607944,9800,2018-01-24,-0.005856379331103279,0.08215510171078311,5.13468735558646,5.3118186155955,0.01630834916438278,2018,1,2,5.101078033447266,5.239248275756836,29114.285714285714
2018-01-25,5.157093048095703,5.19070160920712,5.138421387834495,5.17203030507821,6000,2018-01-25,0.016936581424917385,0.05228022137262478,5.1245512281145364,5.319536225001017,0.018252587929252703,2018,1,3,5.07120418548584,5.22804594039917,22942.85714285714
2018-01-26,5.145890235900879,5.220576526584688,5.145890235900879,5.164561897604913,10600,2018-01-26,-0.0021723114340472804,0.07468629068380928,5.112281254359654,5.314308150609334,0.018218724601350197,2018,1,4,5.157093048095703,5.231780052185059,22571.428571428572
2018-01-29,4.992784023284912,5.123485319298618,4.947972241942825,5.123485319298618,24400,2018-01-29,-0.029753105021130155,0.17551307735579336,5.092009340013776,5.29874849319458,0.02026815568560039,2018,1,0,5.145890235900879,5.134687423706055,22685.714285714286
2018-01-30,5.078673362731934,5.2280459620518975,5.003986706939583,5.2280459620518975,23000,2018-01-30,0.01720269473833791,0.22405925511231484,5.079206057957241,5.280823771158854,0.021536918155592947,2018,1,1,4.992784023284912,5.1682963371276855,24600.0
2018-01-31,5.037595272064209,5.071204193550813,5.037595272064209,5.071204193550813,21800,2018-01-31,-0.008088350585639503,0.03360892148660444,5.083474023001535,5.264019362131754,0.017856831392138617,2018,1,2,5.078673362731934,5.00771951675415,22828.571428571428
2018-02-01,4.992784023284912,5.048799017061807,4.981581166982486,5.022658544179637,11200,2018-02-01,-0.008895365022235091,0.06721785007932102,5.068003450121198,5.244849904378255,0.01628299438263766,2018,2,3,5.037595272064209,5.101078033447266,15257.142857142857
2018-02-02,4.933034420013428,4.970377744947576,4.905027104378987,4.933034420013428,35000,2018-02-02,-0.01196719164955451,0.06535064056858886,5.048264912196568,5.231281884511312,0.016625207053938933,2018,2,4,4.992784023284912,5.07120418548584,18857.14285714286
2018-02-05,4.835941791534424,4.94050259695815,4.81727013010425,4.94050259695815,75600,2018-02-05,-0.019682130756091376,0.12323246685390021,5.002386161259243,5.214228518803915,0.014649380117253336,2018,2,0,4.933034420013428,5.157093048095703,28800.0
2018-02-06,4.496118545532227,4.8956904298225465,4.24591922841615,4.835941402952849,114000,2018-02-06,-0.07027033422881068,0.6497712014063968,4.909561634063721,5.189582014083863,0.0268503986353822,2018,2,1,4.835941791534424,5.145890235900879,43571.42857142857
2018-02-07,4.589476108551025,5.235513209316501,4.41396308957327,4.41396308957327,39000,2018-02-07,0.020764035038971063,0.8215501197432307,4.851946217673166,5.166553672154745,0.03001201592080021,2018,2,2,4.496118545532227,4.992784023284912,45657.142857142855
2018-02-08,4.529727935791016,4.627940328847037,4.49238461202683,4.627940328847037,50600,2018-02-08,-0.013018517004302121,0.13555571682020773,4.773525442395892,5.137052567799886,0.02722909913915204,2018,2,3,4.589476108551025,5.078673362731934,49600.0
2018-02-09,4.160030364990234,4.481181583607829,3.879956516014745,4.481181583607829,110400,2018-02-09,-0.08161584449248427,0.6012250675930839,4.648159027099609,5.094356854756673,0.03637020779105239,2018,2,4,4.529727935791016,5.037595272064209,62257.142857142855
2018-02-12,4.148745536804199,4.272869357635193,4.077280447938095,4.231494870260949,49800,2018-02-12,-0.0027126792825853396,0.19558890969709797,4.527582100459507,5.052405293782552,0.03693635443745984,2018,2,0,4.160030364990234,4.992784023284912,67771.42857142857
2018-02-13,4.144984722137451,4.212688400084451,4.107371288727118,4.107371288727118,30200,2018-02-13,-0.000906494417019621,0.10531711135733257,4.415003572191511,5.008212248484294,0.03783737283889835,2018,2,1,4.148745536804199,4.933034420013428,67085.71428571429
2018-02-14,4.137462615966797,4.185607733066718,4.126178727452498,4.133701200225914,31800,2018-02-14,-0.0018147488289836922,0.05942900561421993,4.315220832824707,4.964017391204834,0.03876228221415644,2018,2,2,4.144984722137451,4.835941791534424,60828.57142857143
2018-02-15,4.197644233703613,4.235257677286401,4.109253107604959,4.160031148829208,22600,2018-02-15,0.014545537524513374,0.12600456968144158,4.27258164542062,4.92568744023641,0.033876542207535325,2018,2,3,4.137462615966797,4.496118545532227,47771.42857142857
2018-02-16,4.20140552520752,4.235257551686443,4.163792082740188,4.193882693230704,21200,2018-02-16,0.00089604818667266,0.07146546894625505,4.217142990657261,4.88337508837382,0.031705362924324285,2018,2,4,4.197644233703613,4.589476108551025,45228.57142857143
2018-02-20,4.054712772369385,4.235256760284317,4.032144998072709,4.160030248114889,43400,2018-02-20,-0.03491516159485464,0.20311176221160832,4.149283681597028,4.837542215983073,0.032871041009575844,2018,2,1,4.20140552520752,4.529727935791016,44200.0
2018-02-21,4.126178741455078,4.160030765821204,4.039667972662939,4.084803885581658,16800,2018-02-21,0.017625408530215658,0.12036279315826448,4.14444773537772,4.796954520543417,0.017058708558160905,2018,2,2,4.054712772369385,4.160030364990234,30828.571428571428
2018-02-22,4.062235355377197,4.137461862962125,4.054712525264563,4.088564543354851,16200,2018-02-22,-0.015496998575328713,0.0827493376975621,4.132089138031006,4.755604616800944,0.01792971528589095,2018,2,3,4.126178741455078,4.148745536804199,26028.571428571428
2018-02-23,4.163791656494141,4.217202610195074,4.032145338751818,4.039667811250188,29800,2018-02-23,0.025000102710078798,0.1850572714432568,4.134775842939105,4.717888879776001,0.020839393668258283,2018,2,4,4.062235355377197,4.144984722137451,25971.428571428572
2018-02-26,4.171314239501953,4.205166260501215,4.171314239501953,4.197643429742128,3200,2018-02-26,0.0018066665261888826,0.033852020999261434,4.139611789158413,4.684656143188477,0.020807596350903183,2018,2,0,4.163791656494141,4.137462615966797,21885.714285714286
2018-02-27,4.197644233703613,4.235257677286401,4.152508316629297,4.175076454520647,24000,2018-02-27,0.006312157917118144,0.08274936065710392,4.139611789158413,4.649936008453369,0.0201601108400174,2018,2,1,4.171314239501953,4.197644233703613,22085.714285714286
2018-02-28,4.190120697021484,4.2427790742259255,4.144984791399838,4.1938817534587365,3600,2018-02-28,-0.0017923235660900483,0.09779428282608738,4.1379996708461215,4.61533850034078,0.020169700314395366,2018,2,2,4.197644233703613,4.20140552520752,19571.428571428572
2018-03-01,4.118654727935791,4.171313457249284,4.118654727935791,4.163790627900965,28000,2018-03-01,-0.01705582589458443,0.05265872931349325,4.1471342359270364,4.5782343228658045,0.015677048391671018,2018,3,3,4.190120697021484,4.054712772369385,17371.428571428572
2018-03-02,4.24277925491333,4.24277925491333,4.118655419490664,4.118655419490664,17400,2018-03-02,0.03013715282702245,0.12412383542266614,4.163791452135358,4.5485040505727135,0.018217322731913222,2018,3,4,4.118654727935791,4.126178741455078,17457.14285714286
2018-03-05,4.171314239501953,4.250302168930792,4.133700803123149,4.205166260501215,16800,2018-03-05,-0.016843915536877696,0.11660136580764302,4.179374149867466,4.515271313985189,0.01846461631652465,2018,3,0,4.24277925491333,4.062235355377197,17542.85714285714
2018-03-06,4.261587142944336,4.329291202205464,4.171315303068436,4.205167332699,20200,2018-03-06,0.021641357677517403,0.15797589913702836,4.193344933646066,4.490400234858195,0.01785980373364565,2018,3,1,4.171314239501953,4.163791656494141,16171.42857142857
2018-03-07,4.216449737548828,4.250301755253307,4.205165851216761,4.216449737548828,6200,2018-03-07,-0.010591688936888,0.045135904036546215,4.199792861938477,4.460912624994914,0.018648234585683845,2018,3,2,4.261587142944336,4.171314239501953,16600.0
2018-03-08,4.284153461456299,4.419561163720421,4.223971901741769,4.280392046716343,6000,2018-03-08,0.016057045173466067,0.19558926197865212,4.212151323046003,4.434677600860596,0.019399680924641855,2018,3,3,4.216449737548828,4.197644233703613,14028.57142857143
2018-03-09,4.321768283843994,4.415801538194168,4.254064584633579,4.254064584633579,44000,2018-03-09,0.00877998949526626,0.16173695356058904,4.230958121163504,4.406833442052205,0.019368759817137583,2018,3,4,4.284153461456299,4.190120697021484,19800.0
2018-03-12,4.318006992340088,4.438369805307663,4.318006992340088,4.4007563589974685,33400,2018-03-12,-0.0008703130887343091,0.12036281296757512,4.259437016078404,4.379237333933513,0.017198687903619902,2018,3,0,4.321768283843994,4.118654727935791,20571.428571428572
2018-03-13,4.325529098510742,4.419562339782715,4.280393185745197,4.280393185745197,29400,2018-03-13,0.0017420319568721698,0.13916915403751773,4.271258422306606,4.356995503107707,0.013822104243671338,2018,3,1,4.318006992340088,4.24277925491333,22285.714285714286
2018-03-14,4.344335556030273,4.419562072761138,4.325528837170475,4.336812725003024,16200,2018-03-14,0.004347781991804522,0.09403323559066301,4.295975753239223,4.3325175762176515,0.010776176693122391,2018,3,2,4.325529098510742,4.171314239501953,22200.0
2018-03-15,4.2916765213012695,4.32928995644712,4.22397248152206,4.32928995644712,4200,2018-03-15,-0.012121309242769995,0.1053174749250596,4.300274235861642,4.307653617858887,0.010074872386241628,2018,3,3,4.344335556030273,4.261587142944336,19914.285714285714
2018-03-16,4.156269073486328,4.502311408210605,4.156269073486328,4.355619431955208,56400,2018-03-16,-0.03155117752767744,0.3460423347242765,4.291676998138428,4.279769786198934,0.0156712598375778,2018,3,4,4.2916765213012695,4.216449737548828,27085.714285714286
2018-03-19,4.175075531005859,4.1901208333693205,4.156268813374457,4.160030228642399,4800,2018-03-19,0.004524841194594842,0.03385201999486309,4.276094436645508,4.2545044898986815,0.013978039749329133,2018,3,0,4.156269073486328,4.284153461456299,26914.285714285714
2018-03-20,4.381948471069336,4.581299181331846,4.163791401359087,4.163791401359087,18800,2018-03-20,0.04954950839263894,0.4175077799727589,4.284691606249128,4.239371379216512,0.02451484325513835,2018,3,1,4.175075531005859,4.321768283843994,23314.285714285714
2018-03-21,4.205166339874268,4.521118063553251,4.205166339874268,4.306722046080615,31800,2018-03-21,-0.04034327020553208,0.3159517236789835,4.268571513039725,4.2296729723612465,0.02940033171505749,2018,3,2,4.381948471069336,4.318006992340088,23085.714285714286
2018-03-22,4.239018440246582,4.295438238219329,4.193882171418393,4.193882171418393,12600,2018-03-22,0.008050121597170001,0.10155606680093587,4.2562128475734164,4.217991050084432,0.029679819851252794,2018,3,3,4.205166339874268,4.325529098510742,20685.714285714286
2018-03-23,4.434608459472656,4.438369875905187,4.193883188416894,4.2352580517579055,15200,2018-03-23,0.046140403016198483,0.24448668748829316,4.269108976636614,4.21482040087382,0.035012732916571185,2018,3,4,4.239018440246582,4.344335556030273,20542.85714285714
2018-03-26,4.325529098510742,4.378187842758052,4.265347881490015,4.378187842758052,21800,2018-03-26,-0.024597292401071447,0.11283996126803686,4.2739450590951105,4.220337025324503,0.03623453994609771,2018,3,0,4.434608459472656,4.2916765213012695,23057.14285714286
2018-03-27,4.440249919891357,4.464698405628658,4.201405392781319,4.201405392781319,131000,2018-03-27,0.026521800863647638,0.2632930128473392,4.314513751438686,4.230053838094076,0.03393242242850655,2018,3,1,4.325529098510742,4.156269073486328,33714.28571428572
2018-03-28,4.513595581054688,4.59446422594192,4.445891532552196,4.453414364033961,30000,2018-03-28,0.016518363264814928,0.148572693389724,4.362873758588519,4.24234086672465,0.033913973403294655,2018,3,2,4.440249919891357,4.175075531005859,37314.28571428572
2018-03-29,4.60762882232666,4.626435542322724,4.513595581054688,4.5211184125364525,20600,2018-03-29,0.020833333333333037,0.11283996126803597,4.395113808768136,4.258013073603312,0.030092856559600017,2018,3,3,4.513595581054688,4.381948471069336,37571.42857142857
2018-04-02,4.517355918884277,4.619287893664541,4.513594504040927,4.619287893664541,14800,2018-04-02,-0.01959205199102798,0.10569338962361474,4.43971232005528,4.268670129776001,0.025210012166384594,2018,4,0,4.60762882232666,4.205166339874268,35142.857142857145
2018-04-03,4.671572208404541,4.671572208404541,4.570016119274334,4.606125142276224,16400,2018-04-03,0.03413861831775988,0.10155608913020675,4.5015057155064175,4.284342352549235,0.026664670468602752,2018,4,1,4.517355918884277,4.239018440246582,35685.71428571428
2018-04-04,4.528639793395996,4.818262278861936,4.521117322436345,4.626434426829295,30600,2018-04-04,-0.03059621228831655,0.29714495642559147,4.514938763209751,4.300139919916789,0.027152873412314187,2018,4,2,4.671572208404541,4.434608459472656,37885.71428571428
2018-04-05,4.712194442749023,4.712194442749023,4.509834837208016,4.51359625350929,1200,2018-04-05,0.040531960528346955,0.20235960554100707,4.5701766695295065,4.319673776626587,0.027151739922723125,2018,4,3,4.528639793395996,4.325529098510742,34942.857142857145
2018-04-06,4.521118640899658,4.675333106981782,4.513595809037913,4.675333106981782,13200,2018-04-06,-0.04054921845243176,0.16173729794386915,4.581729343959263,4.334969886144003,0.03269725949113551,2018,4,4,4.712194442749023,4.440249919891357,18114.285714285714
2018-04-09,4.513595581054688,4.547447605305933,4.513595581054688,4.547447605305933,10200,2018-04-09,-0.0016639819572337178,0.033852024251245005,4.581729343959263,4.3466300169626875,0.03216603409806425,2018,4,0,4.521118640899658,4.513595581054688,15285.714285714286
2018-04-10,4.528639793395996,4.566253224319038,4.52487837856204,4.539923679189604,4000,2018-04-10,0.00333308823777978,0.04137484575699801,4.570445196969168,4.358540868759155,0.030975165929692447,2018,4,1,4.513595581054688,4.60762882232666,12914.285714285714
2018-04-11,4.611391067504883,4.664049462515355,4.611391067504883,4.649004155554018,3600,2018-04-11,0.018272876157993556,0.052658395010472425,4.583878789629255,4.372332429885864,0.03070764402144244,2018,4,2,4.528639793395996,4.517355918884277,11314.285714285714
2018-04-12,4.7242302894592285,4.7768886760027485,4.645242350935593,4.645242350935593,21200,2018-04-12,0.024469670930641785,0.13164632506715535,4.591401372637067,4.390136082967122,0.029276127101150504,2018,4,3,4.611391067504883,4.671572208404541,12000.0
2018-04-13,4.829546928405762,4.8333083438345525,4.724229807357839,4.724229807357839,37200,2018-04-13,0.0222928673019005,0.10907853647671395,4.634388106209891,4.4138324896494545,0.026125590850723027,2018,4,4,4.7242302894592285,4.528639793395996,12942.857142857143
2018-04-16,4.829546928405762,4.829546928405762,4.829546928405762,4.829546928405762,400,2018-04-16,0.0,0.0,4.6511527470179965,4.433391412099202,0.022323469016566757,2018,4,0,4.829546928405762,4.712194442749023,12828.57142857143
2018-04-17,5.062749862670898,5.077795167336896,4.803218267505357,4.803218267505357,20000,2018-04-17,0.04828671047661137,0.27457689983153966,4.728528635842459,4.463105932871501,0.017730020901702507,2018,4,1,4.829546928405762,4.521118640899658,13800.0
2018-04-18,5.277145385742188,5.333565545580673,4.980000358459544,4.980000358459544,29800,2018-04-18,0.042347642859484225,0.35356518712112894,4.837607179369245,4.496957874298095,0.01804610900151253,2018,4,2,5.062749862670898,4.513595581054688,16600.0
2018-04-19,5.250816822052002,5.5141098567138025,5.22824868367144,5.22824868367144,19000,2018-04-19,-0.004989167772660008,0.28586117304236236,4.940775326320103,4.531436777114868,0.01973125833565976,2018,4,3,5.277145385742188,4.528639793395996,18742.85714285714
2018-04-20,5.247054100036621,5.416313840287808,5.247054100036621,5.416313840287808,4200,2018-04-20,-0.000716597463384816,0.16925974025118684,5.031584330967495,4.563533465067546,0.021480858777821975,2018,4,4,5.250816822052002,4.611391067504883,18828.571428571428
2018-04-23,5.171827793121338,5.2809063285915645,5.171827793121338,5.2809063285915645,2000,2018-04-23,-0.014336865121089226,0.10907853547022661,5.095526831490653,4.591868782043457,0.024564016620524508,2018,4,0,5.247054100036621,4.7242302894592285,16085.714285714286
2018-04-24,5.247054100036621,5.280906119828519,5.11540779482272,5.201918193216858,27400,2018-04-24,0.014545400567152589,0.16549832500579953,5.155170713152204,4.622837018966675,0.02426236201755212,2018,4,1,5.171827793121338,4.829546928405762,14685.714285714286
2018-04-25,5.250816822052002,5.258339295706596,5.1605449859465375,5.183112765618708,12000,2018-04-25,0.0007171113435546772,0.09779430976005887,5.215352126530239,4.653679943084716,0.024203892222484442,2018,4,2,5.247054100036621,4.829546928405762,16342.857142857143
2018-04-26,5.232009410858154,5.4539279144246295,5.232009410858154,5.254577546266755,10000,2018-04-26,-0.0035818067609713067,0.22191850356647524,5.239532061985561,4.683269071578979,0.018637694719656112,2018,4,3,5.250816822052002,5.062749862670898,14914.285714285714
2018-04-27,5.262099742889404,5.307235652630505,5.190634642143077,5.288429292602956,19200,2018-04-27,0.00575119990587214,0.11660101048742799,5.237382684435163,4.715616512298584,0.009018184192425501,2018,4,4,5.232009410858154,5.277145385742188,13400.0
2018-04-30,5.0514655113220215,5.555483709546135,5.047704095822839,5.2809064761473055,14600,2018-04-30,-0.040028551692128156,0.5077796137232964,5.208903925759452,4.745456393559774,0.01762492714485733,2018,4,0,5.262099742889404,5.250816822052002,12771.42857142857
2018-05-01,5.149260520935059,5.361775863046461,5.119169910164866,5.361775863046461,4000,2018-05-01,0.019359730239441486,0.24260595288159426,5.1949334144592285,4.777929226557414,0.01998540587577928,2018,5,1,5.0514655113220215,5.247054100036621,12742.857142857143
2018-05-02,5.077795028686523,5.258338679748704,4.99504567592885,5.164305438476731,15800,2018-05-02,-0.013878787441028106,0.26329300381985377,5.181500162397112,4.80112411181132,0.019940928580333063,2018,5,2,5.149260520935059,5.171827793121338,14714.285714285714
2018-05-03,5.145499706268311,5.213203404339783,5.0589889271931066,5.160545012362904,4200,2018-05-03,0.013333479827227546,0.15421447714667647,5.166992391858782,4.832468557357788,0.01977338465670174,2018,5,3,5.077795028686523,5.247054100036621,11400.0
2018-05-04,5.096601963043213,5.119169741021001,5.077795242256147,5.119169741021001,1400,2018-05-04,-0.009503011566695974,0.04137449876485455,5.1449616977146695,4.861054674784342,0.019863175973670325,2018,5,4,5.145499706268311,5.250816822052002,9885.714285714286
2018-05-07,5.043942451477051,5.153020985046124,4.991284071710932,5.153020985046124,11800,2018-05-07,-0.01033227863349151,0.1617369133351927,5.118094989231655,4.8813658078511555,0.019998463036886054,2018,5,0,5.096601963043213,5.232009410858154,10142.857142857143
2018-05-08,5.002567291259766,5.107884395442886,5.002567291259766,5.064629201063351,5200,2018-05-08,-0.008202940579777773,0.10531710418312024,5.081018924713135,4.903933747609456,0.019430628054800884,2018,5,1,5.043942451477051,5.262099742889404,8142.857142857143
2018-05-09,4.897251129150391,4.946148096467564,4.810740365041169,4.91605748948392,44600,2018-05-09,-0.02105242288162279,0.13540773142639484,5.058988298688616,4.919167121251424,0.01484254869365844,2018,5,2,5.002567291259766,5.0514655113220215,12428.57142857143
2018-05-10,5.03265905380249,5.03265905380249,4.822024438121477,4.85211504626043,36400,2018-05-10,0.02764978170020682,0.2106346156810135,5.042330946241107,4.9364692370096845,0.017192114442174083,2018,5,3,4.897251129150391,5.149260520935059,17057.14285714286
2018-05-11,5.021375179290772,5.021375179290772,5.010090932176253,5.017613763585932,2400,2018-05-11,-0.00224212973521265,0.011284247114519808,5.034270967755999,4.950260782241822,0.016530645337487646,2018,5,4,5.03265905380249,5.077795028686523,15142.857142857143
2018-05-14,4.934864521026611,5.028897763482244,4.912296743713937,5.025136347694014,10200,2018-05-14,-0.017228479286102605,0.11660101976830717,5.0041802270071845,4.964177735646566,0.015993785182649288,2018,5,0,5.021375179290772,5.145499706268311,16000.0
2018-05-15,5.040181636810303,5.149260183378772,4.87092187264659,4.893490008598982,28200,2018-05-15,0.02134144014186279,0.27833831073218196,4.9961201804024835,4.976464716593425,0.018817482989750826,2018,5,1,4.934864521026611,5.096601963043213,19828.571428571428
2018-05-16,4.912296295166016,5.133086288115895,4.893489576650484,5.002568113590586,14600,2018-05-16,-0.025373161298452684,0.23959671146541162,4.977313586643764,4.989253266652425,0.020760728230074632,2018,5,2,5.040181636810303,5.043942451477051,20228.571428571428
2018-05-17,4.878443717956543,4.904772905654572,4.852114171550235,4.859637001582974,6800,2018-05-17,-0.0068913956274961885,0.05265873410433741,4.959581647600446,4.994794909159342,0.020717999418467577,2018,5,3,4.912296295166016,5.002567291259766,20457.14285714286
2018-05-18,5.047705173492432,5.047705173492432,4.874683969382095,4.91229741498763,4000,2018-05-18,0.03469578933807771,0.17302120411033695,4.981075082506452,5.012347793579101,0.023349003590536096,2018,5,4,4.878443717956543,4.897251129150391,14657.142857142857
2018-05-21,4.983762264251709,5.156783459094821,4.983762264251709,4.987523680352477,3200,2018-05-21,-0.012667718704434838,0.17302119484311174,4.974089826856341,5.028020016352335,0.021613516271101432,2018,5,0,5.047705173492432,5.03265905380249,9914.285714285714
2018-05-22,4.980000019073486,5.0367961013894105,4.949909412693636,5.0367961013894105,3000,2018-05-22,-0.0007549006109719425,0.08688668869577487,4.968179089682443,5.043065357208252,0.021608817722386164,2018,5,1,4.983762264251709,5.021375179290772,10000.0
2018-05-23,4.968716144561768,5.079675390397946,4.968716144561768,4.976238616822559,3800,2018-05-23,-0.002265838246687024,0.11095924583617833,4.973015035901751,5.054976193110148,0.020442529794690724,2018,5,2,4.980000019073486,4.934864521026611,9085.714285714286
2018-05-24,4.972477912902832,5.141737675927351,4.964955081399882,5.141737675927351,4000,2018-05-24,0.0007570906108576025,0.17678259452746925,4.96334307534354,5.063251113891601,0.018436886568117268,2018,5,3,4.968716144561768,5.040181636810303,5628.571428571428
2018-05-25,4.972477912902832,4.972477912902832,4.972477912902832,4.972477912902832,0,2018-05-25,0.0,0.0,4.971940449305943,5.068015480041504,0.01524447313687975,2018,5,4,4.972477912902832,4.912296295166016,3542.8571428571427
2018-05-29,5.12293004989624,5.156782068256138,4.964954203355575,5.156782068256138,3800,2018-05-29,0.030256974415714843,0.19182786490056358,5.006867068154471,5.07779491742452,0.017928477759752762,2018,5,1,4.972477912902832,4.878443717956543,3114.285714285714
2018-05-30,5.186873912811279,5.277145744235288,5.111647386624605,5.111647386624605,15400,2018-05-30,0.012481892645856973,0.16549835761068277,5.026748316628592,5.081932385762532,0.013708665334072624,2018,5,2,5.12293004989624,5.047705173492432,4742.857142857143
2018-05-31,5.190634250640869,5.219220432266625,5.190634250640869,5.198156722342843,3400,2018-05-31,0.0007249718988353582,0.02858618162575599,5.05630145754133,5.079048681259155,0.011801067321838889,2018,5,3,5.186873912811279,4.983762264251709,4771.428571428572
2018-06-01,5.288430213928223,5.322281883100283,5.183112714142749,5.322281883100283,3000,2018-06-01,0.01884085037879113,0.13916916895753406,5.100362913949149,5.080302460988363,0.012277836730636475,2018,6,4,5.190634250640869,4.980000019073486,4771.428571428572
2018-06-04,5.250816822052002,5.329804768321381,5.243293989689018,5.315135388696919,2800,2018-06-04,-0.0071123925918805675,0.08651077863236267,5.140663010733468,5.080427885055542,0.013106958221753704,2018,6,0,5.288430213928223,4.968716144561768,4628.571428571428
2018-06-05,5.17935037612915,5.18311143263499,5.035291330060702,5.18311143263499,17400,2018-06-05,-0.013610538768503933,0.14782010257428801,5.170216219765799,5.080678637822469,0.015360187611626493,2018,6,1,5.250816822052002,4.972477912902832,6542.857142857143
2018-06-06,5.205679416656494,5.389984452390129,5.205679416656494,5.337325717019825,7200,2018-06-06,0.005083463873904126,0.18430503573363488,5.2035307203020364,5.079299481709798,0.01515128170458382,2018,6,2,5.17935037612915,4.972477912902832,7571.428571428572
2018-06-07,5.21132230758667,5.233890444399657,5.205680542414697,5.2094419583349225,1800,2018-06-07,0.0010839874065469157,0.028209901984959984,5.216158185686384,5.077982997894287,0.011033579171827474,2018,6,3,5.205679416656494,5.12293004989624,7285.714285714285
2018-06-08,5.186873912811279,5.2395326604961365,5.186873912811279,5.2226066472655885,2600,2018-06-08,-0.004691399482200209,0.05265874768485723,5.216158185686384,5.076478481292725,0.010330758699884155,2018,6,4,5.21132230758667,5.186873912811279,5457.142857142857
2018-06-11,5.220725059509277,5.318519706426413,5.160543848701289,5.160543848701289,2600,2018-06-11,0.00652630992521086,0.15797585772512335,5.220456872667585,5.075099325180053,0.010622915493265874,2018,6,0,5.186873912811279,5.190634250640869,5342.857142857143
2018-06-12,5.186873912811279,5.265861854984379,5.119169859889087,5.23577124450971,4400,2018-06-12,-0.00648399337489336,0.14669199509529207,5.205948829650879,5.079612938563029,0.007266426867628654,2018,6,1,5.220725059509277,5.288430213928223,5542.857142857143
2018-06-13,5.164303779602051,5.273382648799302,5.074031983068014,5.186871908089676,39400,2018-06-13,-0.00435139422870523,0.1993506657312878,5.1935898235866,5.080114380518595,0.007061809159364262,2018,6,2,5.186873912811279,5.250816822052002,10771.42857142857
2018-06-14,5.239531517028809,5.247053988651597,5.168066063716701,5.247053988651597,11600,2018-06-14,0.014566869153571416,0.07898792493489637,5.202187129429409,5.085505596796671,0.0075841946574761055,2018,6,3,5.164303779602051,5.17935037612915,9942.857142857143
2018-06-15,5.220725059509277,5.22824753150612,5.156782433348712,5.156782433348712,7000,2018-06-15,-0.0035893395160252473,0.07146509815740743,5.204336506979806,5.088013108571371,0.007642995153562177,2018,6,4,5.239531517028809,5.205679416656494,9914.285714285714
2018-06-18,5.188753128051758,5.367416390215288,5.160543233686008,5.2658603400486665,16000,2018-06-18,-0.00612404045282644,0.20687315652928007,5.201112338474819,5.091084814071655,0.008017718624899127,2018,6,0,5.220725059509277,5.21132230758667,11942.857142857143
2018-06-19,5.190634250640869,5.288428893724614,5.116535877674544,5.208688397950586,6800,2018-06-19,0.0003625384639984741,0.17189301605006957,5.201649529593332,5.095974540710449,0.007812003108915491,2018,6,1,5.188753128051758,5.186873912811279,12542.857142857143
2018-06-20,5.216965675354004,5.262101601033423,5.216965675354004,5.262101601033423,2400,2018-06-20,0.00507287230069875,0.045135925679419486,5.201112474714007,5.10312115351359,0.007630863994275029,2018,6,2,5.190634250640869,5.220725059509277,12514.285714285714
2018-06-21,5.209442138671875,5.277898045506238,5.017614224600193,5.20041488363418,6800,2018-06-21,-0.0014421288446790914,0.2602838209060456,5.204336506979806,5.11352752049764,0.007148121259488449,2018,6,3,5.216965675354004,5.186873912811279,12857.142857142857
2018-06-22,5.141737461090088,5.194396203285445,5.055226695962596,5.149259933570376,7200,2018-06-22,-0.012996531256041166,0.1391695073228485,5.201112747192383,5.117163467407226,0.008727121152078679,2018,6,4,5.209442138671875,5.164303779602051,8257.142857142857
2018-06-25,4.867160797119141,5.250816624171637,4.799457101945694,5.250816624171637,7200,2018-06-25,-0.053401533246066335,0.45135952222594344,5.14791693006243,5.112022988001505,0.019815658012440635,2018,6,0,5.141737461090088,5.239531517028809,7628.571428571428
2018-06-26,5.021375179290772,5.145499027883726,4.814501978733066,5.145499027883726,23000,2018-06-26,0.03168466968728678,0.33099704915065953,5.119438375745501,5.114906676610311,0.02548226039471504,2018,6,1,4.867160797119141,5.220725059509277,9914.285714285714
2018-06-27,4.923581123352051,5.124812224880627,4.884086971053967,4.991285179458259,58000,2018-06-27,-0.019475552502439042,0.24072525382666043,5.0815566607884,5.1110199928283695,0.026050753901207764,2018,6,2,5.021375179290772,5.188753128051758,15914.285714285714
2018-06-28,4.964954853057861,5.00256829142604,4.885966919451354,5.00256829142604,26400,2018-06-28,0.008403178229272834,0.1166013719746859,5.04931674684797,5.112775278091431,0.02660956109077712,2018,6,3,4.923581123352051,5.190634250640869,18714.285714285714
2018-06-29,4.9950456619262695,5.096601734395315,4.878444643952565,4.934864445074248,27200,2018-06-29,0.006060640984454357,0.2181570904427499,5.017613887786865,5.116662009557088,0.026680727676400433,2018,6,4,4.964954853057861,5.216965675354004,22257.14285714286
2018-07-02,4.893489360809326,5.002567892938211,4.848353453587888,4.949909155159048,10800,2018-07-02,-0.020331405955111848,0.15421443935032375,4.972477776663644,5.111521482467651,0.02710874561106371,2018,7,0,4.9950456619262695,5.209442138671875,22828.571428571428
2018-07-03,5.115407943725586,5.115407943725586,5.115407943725586,5.115407943725586,1400,2018-07-03,0.04534976303280591,0.0,4.968716417040143,5.115909671783447,0.03369429525036525,2018,7,1,4.893489360809326,5.141737461090088,22000.0
2018-07-05,4.889729022979736,4.980000857313965,4.814502494367878,4.9762394412062765,17400,2018-07-05,-0.0441174825602445,0.16549836294608689,4.971940449305943,5.112900638580323,0.031354651159044955,2018,7,3,5.115407943725586,4.867160797119141,23457.14285714286
2018-07-06,4.938625812530518,4.938625812530518,4.889728484639125,4.889728484639125,1600,2018-07-06,0.009999897605978969,0.04889732789139245,4.9601191111973355,5.111897627512614,0.02879384659386094,2018,7,4,4.889729022979736,5.021375179290772,20400.0
2018-07-09,4.889729022979736,4.93862635625454,4.852115579319616,4.931856094227406,38400,2018-07-09,-0.009900889722545436,0.08651077693492404,4.955283096858433,5.1091393311818445,0.0280438643643012,2018,7,0,4.938625812530518,4.923581123352051,17600.0
2018-07-10,4.8408308029174805,4.889728127234827,4.8408308029174805,4.889728127234827,2600,2018-07-10,-0.010000190160324607,0.0488973243173465,4.937551089695522,5.104751094182332,0.02791625754347895,2018,7,1,4.889729022979736,4.964954853057861,14200.0
2018-07-11,4.859637260437012,4.859637260437012,4.8370691278449565,4.838949835453319,4800,2018-07-11,0.0038849648511154466,0.022568132592055257,4.918207032339914,5.095974667867025,0.027806864184016317,2018,7,2,4.8408308029174805,4.9950456619262695,11000.0
2018-07-12,4.8408308029174805,4.863398936720993,4.761842872667662,4.863398936720993,20200,2018-07-12,-0.0038699303078929548,0.10155606405333106,4.910684381212507,5.084439897537232,0.02683391346589437,2018,7,3,4.859637260437012,4.893489360809326,12342.857142857143
2018-07-13,4.7956953048706055,4.85211510615045,4.758081864878477,4.78817247338884,10600,2018-07-13,-0.009323915642676983,0.09403324127197266,4.8650111470903665,5.071275266011556,0.017264970325486625,2018,7,4,4.8408308029174805,5.115407943725586,13657.142857142857
2018-07-16,4.7956953048706055,4.7956953048706055,4.758081864878477,4.780650000615424,15400,2018-07-16,0.0,0.037613439992128406,4.8515777587890625,5.054850769042969,0.007770843065022209,2018,7,0,4.7956953048706055,4.889729022979736,13371.42857142857
2018-07-17,4.776888370513916,4.848353831550312,4.7580816513617945,4.780649786086006,5200,2018-07-17,-0.0039216282855978335,0.09027218018851713,4.828472409929548,5.039053153991699,0.005378982296640081,2018,7,1,4.7956953048706055,4.938625812530518,13885.714285714286
2018-07-18,4.701662540435791,4.848354540832406,4.675333344996034,4.75432129002369,55000,2018-07-18,-0.015747872724526712,0.17302119583637232,4.801605769566128,5.023130226135254,0.006624904636447962,2018,7,2,4.776888370513916,4.889729022979736,16257.142857142857
2018-07-19,4.660287380218506,4.750559202139809,4.649003133447093,4.750559202139809,10800,2018-07-19,-0.008800112696614404,0.10155606869271594,4.775813852037702,5.004950491587321,0.006505555992777745,2018,7,3,4.701662540435791,4.8408308029174805,17428.571428571428
2018-07-20,4.690377235412598,4.743035610401963,4.607627899232954,4.652763802955957,20200,2018-07-20,0.0064566522918336755,0.13540771116900885,4.751633848462786,4.987585655848185,0.007157077918582156,2018,7,4,4.660287380218506,4.859637260437012,19628.571428571428
2018-07-23,4.671572208404541,4.743037325463703,4.611390981679266,4.743037325463703,2000,2018-07-23,-0.0040092781591377635,0.1316463437844373,4.727454049246652,4.9704089323679606,0.007153507886781865,2018,7,0,4.690377235412598,4.8408308029174805,17028.571428571428
2018-07-24,4.60762882232666,4.682855343602569,4.60762882232666,4.633958015096141,12000,2018-07-24,-0.013687765751076553,0.07522652127590845,4.700587408883231,4.94997239112854,0.007753117986790661,2018,7,1,4.671572208404541,4.7956953048706055,17228.571428571428
2018-07-25,4.662168502807617,4.664048852061813,4.607629048018404,4.630197184860787,162000,2018-07-25,0.011836821624320093,0.05641980404340963,4.681512151445661,4.932482210795085,0.010124696108528716,2018,7,2,4.60762882232666,4.7956953048706055,38171.42857142857
2018-07-26,4.750559329986572,4.758081802661625,4.615151593460533,4.615151593460533,17800,2018-07-26,0.018959166131752747,0.14293020920109178,4.677750859941755,4.918690729141235,0.013332634413571885,2018,7,3,4.662168502807617,4.776888370513916,39971.42857142857
2018-07-27,4.878443717956543,4.878443717956543,4.701661157978244,4.739274590725381,15000,2018-07-27,0.026919859133794244,0.17678255997829861,4.703005313873291,4.906654469172159,0.014966756537583002,2018,7,4,4.750559329986572,4.701662540435791,34257.142857142855
2018-07-30,4.9499101638793945,4.9499101638793945,4.848354441612641,4.852115498949649,7800,2018-07-30,0.014649435363945695,0.10155572226675336,4.744379997253418,4.897627305984497,0.013845651411808728,2018,7,0,4.878443717956543,4.660287380218506,33828.57142857143
2018-07-31,5.021375179290772,5.1003631155506834,4.8633993067709484,5.066511091623815,15200,2018-07-31,0.014437638875322234,0.236963808779735,4.791665417807443,4.892048041025798,0.013955214111800732,2018,7,1,4.9499101638793945,4.690377235412598,33114.28571428572
2018-08-01,4.957432746887207,5.096601905198592,4.91605788988358,5.042062451405942,5000,2018-08-01,-0.012734047969025997,0.18054401531501263,4.8325026375906805,4.884274657567342,0.015684183598648444,2018,8,2,5.021375179290772,4.671572208404541,33542.857142857145
2018-08-02,5.085318088531494,5.156783197275759,5.013852621078865,5.096601977552512,5400,2018-08-02,0.02579668715114436,0.14293057619689442,4.9007439613342285,4.879886404673258,0.01322990730741829,2018,8,3,4.957432746887207,4.60762882232666,32600.0
2018-08-03,5.0890793800354,5.190635462025321,5.062750184871368,5.190635462025321,13000,2018-08-03,0.0007396374107626613,0.12788527715395226,4.961731229509626,4.875874312718709,0.014198961524597112,2018,8,4,5.085318088531494,4.662168502807617,11314.285714285714
2018-08-06,5.077795028686523,5.149260134221549,4.882205714660813,5.10036316442347,48800,2018-08-06,-0.002217365952896233,0.2670544195607363,5.008479186466762,4.873742898305257,0.014878136475471012,2018,8,0,5.0890793800354,4.750559329986572,15742.857142857143
2018-08-07,5.040181636810303,5.081556492938297,4.9574326419710175,5.051465884140675,32000,2018-08-07,-0.0074074261886758475,0.12412385096727974,5.031584603445871,4.8795102596282955,0.013862024374752592,2018,8,1,5.077795028686523,4.878443717956543,18171.428571428572
2018-08-08,5.177470207214356,5.190634803125255,5.043942822885936,5.077794845918728,66400,2018-08-08,0.027238814054117544,0.14669198023931962,5.064093181065151,4.884713427225749,0.016010351386561827,2018,8,2,5.040181636810303,4.9499101638793945,26542.85714285714
2018-08-09,5.074033260345459,5.318519885887951,4.9837614410874576,5.126692000933455,23000,2018-08-09,-0.019978279493480633,0.3347584448004932,5.0716157640729636,4.8897284984588625,0.018304615411255963,2018,8,3,5.177470207214356,5.021375179290772,27657.14285714286
2018-08-10,5.107885837554932,5.126692558288695,4.931103236590946,5.126692558288695,4400,2018-08-10,0.006671729465007159,0.19558932169774845,5.093109062739781,4.894492864608765,0.017202198211705464,2018,8,4,5.074033260345459,4.957432746887207,27571.428571428572
2018-08-13,5.074033260345459,5.074033260345459,4.8859667908704605,5.0100906320272935,10200,2018-08-13,-0.006627512494617016,0.1880664694749985,5.09149694442749,4.897125784556071,0.014660021975390252,2018,8,0,5.107885837554932,5.085318088531494,28257.14285714286
2018-08-14,4.9950456619262695,5.077795014451972,4.874683228222227,4.980000357713264,19200,2018-08-14,-0.015567024173154809,0.20311178622974513,5.078063556126186,4.9005109945933025,0.015737072620506328,2018,8,1,5.074033260345459,5.0890793800354,29142.85714285714
2018-08-15,5.013852596282959,5.100363368238563,4.942387487892123,4.942387487892123,6200,2018-08-15,0.003765117604437762,0.15797588034643972,5.068928922925677,4.8971258163452145,0.01591986847867887,2018,8,2,4.9950456619262695,5.077795028686523,23057.14285714286
2018-08-16,4.882205963134766,5.137976507198334,4.882205963134766,4.995045930145656,10200,2018-08-16,-0.02625658226286709,0.2557705440635685,5.046360969543457,4.896875047683716,0.01844055227314431,2018,8,3,5.013852596282959,5.040181636810303,19942.85714285714
2018-08-17,4.923581123352051,4.949910319078515,4.885967679135627,4.885967679135627,25000,2018-08-17,0.008474685527342762,0.06394263994288796,5.01009110042027,4.896373558044433,0.013874532261241605,2018,8,4,4.882205963134766,5.177470207214356,14028.57142857143
2018-08-20,4.889729022979736,4.889729022979736,4.889729022979736,4.889729022979736,3800,2018-08-20,-0.006875503728730581,0.0,4.983761923653739,4.896373558044433,0.012675489716774761,2018,8,0,4.923581123352051,5.074033260345459,11285.714285714286
2018-08-21,4.946147918701172,5.040181151822551,4.899131302140483,4.90477342526276,7200,2018-08-21,0.011538245873399022,0.14104984968206846,4.96065650667463,4.899884128570557,0.01353930605297747,2018,8,1,4.889729022979736,5.107885837554932,11685.714285714286
2018-08-22,5.013852596282959,5.247055000911426,4.98752340246134,5.004449415263341,5000,2018-08-22,0.01368836490429226,0.2595315984500859,4.952059268951416,4.905024639765421,0.015096837314876668,2018,8,2,4.946147918701172,5.074033260345459,10942.857142857143
2018-08-23,5.0063300132751465,5.096601840431305,5.0063300132751465,5.051465926853226,4200,2018-08-23,-0.0015003598257733453,0.09027182715615822,4.953671319144113,4.910541280110677,0.01380991950797946,2018,8,3,5.013852596282959,4.9950456619262695,8800.0
2018-08-24,5.043942451477051,5.1078850772287465,5.0401810361485255,5.0401810361485255,4400,2018-08-24,0.00751297619257385,0.06770404108022099,4.957969869886126,4.918816184997558,0.014032763248123772,2018,8,4,5.0063300132751465,5.013852596282959,8542.857142857143
2018-08-27,5.017612934112549,5.074032725524878,5.017612934112549,5.055226008818007,5600,2018-08-27,-0.0052200273135137865,0.056419791412329445,4.977313722882952,4.926213439305624,0.008332386775297424,2018,8,0,5.043942451477051,4.882205963134766,7885.714285714285
2018-08-28,5.09283971786499,5.09283971786499,4.995045072663072,4.995045072663072,1400,2018-08-28,0.014992544211811953,0.09779464520191805,5.001493522099087,4.936745150883993,0.009237847647716006,2018,8,1,5.017612934112549,4.923581123352051,4514.285714285715
2018-08-29,4.991284370422363,5.0213749774347685,4.927341740843918,5.010090730773869,10000,2018-08-29,-0.01994080965995937,0.0940332365908505,5.016001428876605,4.946399211883545,0.012684853003663898,2018,8,2,5.09283971786499,4.889729022979736,5400.0
2018-08-30,4.96307373046875,5.00256787332536,4.96307373046875,4.998806458061244,3000,2018-08-30,-0.0056519801037154815,0.03949414285660957,5.018419401986258,4.95649209022522,0.012419887591768975,2018,8,3,4.991284370422363,4.946147918701172,4800.0
2018-08-31,5.021375179290772,5.021375179290772,4.908535219103992,4.987523155363904,10600,2018-08-31,0.011747044671954976,0.11283996018678,5.01949405670166,4.967525355021158,0.01209516065358915,2018,8,4,4.96307373046875,5.013852596282959,5600.0
2018-09-04,4.998807430267334,4.998807430267334,4.9532952293615615,4.9532952293615615,1000,2018-09-04,-0.004494336355608808,0.04551220090577246,5.018419401986258,4.978433195749918,0.01222077388194931,2018,9,1,5.021375179290772,5.0063300132751465,5142.857142857143
2018-09-05,5.111647605895996,5.111647605895996,4.926214022569512,4.926214022569512,5400,2018-09-05,0.02257341920103273,0.18543358332648374,5.02809156690325,4.995233821868896,0.014839888728286628,2018,9,2,4.998807430267334,5.043942451477051,5285.714285714285
2018-09-06,5.111647605895996,5.111647605895996,5.062750272100044,5.062750272100044,1000,2018-09-06,0.0,0.04889733379595196,5.041525091443743,5.010216458638509,0.0145447790704605,2018,9,3,5.111647605895996,5.017612934112549,4628.571428571428
2018-09-07,5.070271968841553,5.100362934704979,4.972477674941666,4.972477674941666,4800,2018-09-07,-0.008094383698656893,0.1278852597633131,5.0383011272975375,5.020873546600342,0.013908759354609014,2018,9,4,5.111647605895996,5.09283971786499,5114.285714285715
2018-09-10,5.077795028686523,5.077795028686523,5.070272197204758,5.077795028686523,4200,2018-09-10,0.0014837586407991932,0.007522831481765024,5.050659792763846,5.027518590291341,0.010979895645112843,2018,9,0,5.070271968841553,4.991284370422363,4285.714285714285
2018-09-11,4.923581123352051,5.228248658413211,4.923581123352051,5.209442295013387,24800,2018-09-11,-0.03037025017025219,0.30466753506116007,5.045017991747175,5.026640955607096,0.016585692319969283,2018,9,1,5.077795028686523,4.96307373046875,7400.0
2018-09-12,5.058987617492676,5.077794334919221,5.000687116307853,5.074032919692253,3200,2018-09-12,0.02750162752440599,0.07710721861136793,5.05039119720459,5.02789470354716,0.01943195479767684,2018,9,2,4.923581123352051,5.021375179290772,6342.857142857143
2018-09-13,5.1755900382995605,5.1755900382995605,5.036420874780791,5.074033958627058,19200,2018-09-13,0.023048568137171044,0.13916916351876996,5.0756458554949075,5.0351666132609045,0.020819037760990443,2018,9,3,5.058987617492676,4.998807430267334,8942.857142857143
2018-09-14,5.058987617492676,5.22824735691499,4.889727878070362,5.141736958944498,27200,2018-09-14,-0.02252930003033904,0.33851947884462774,5.068123000008719,5.034288930892944,0.021500966274111525,2018,9,4,5.1755900382995605,5.111647605895996,12057.142857142857
2018-09-17,5.190634250640869,5.24329262867958,5.111646324874506,5.134214098688726,19400,2018-09-17,0.02602232760819434,0.13164630380507347,5.079406806400844,5.03767409324646,0.023877431755497468,2018,9,0,5.058987617492676,5.111647605895996,14685.714285714286
2018-09-18,5.1755900382995605,5.1763422497573135,4.890105164350807,5.137976595744921,59400,2018-09-18,-0.0028983379708271695,0.2862370854065066,5.094452244894845,5.040933926900228,0.023574295030893273,2018,9,1,5.190634250640869,5.070271968841553,22485.714285714286
2018-09-19,4.938625812530518,5.111646988643005,4.761843220724459,4.889728484639125,174000,2018-09-19,-0.045784968286803784,0.34980376791854617,5.07457092830113,5.0375487327575685,0.030027662649248617,2018,9,2,5.1755900382995605,5.077795028686523,46742.857142857145
2018-09-20,4.974358081817627,4.991284092157017,4.9047733327881,4.991284092157017,5800,2018-09-20,0.007235265566475579,0.08651075936891761,5.081824779510498,5.030778328577678,0.027708774166964968,2018,9,3,4.938625812530518,4.923581123352051,44028.57142857143
2018-09-21,4.532402515411377,4.953671413188785,4.532402515411377,4.9273422191740615,74200,2018-09-21,-0.0888467535181463,0.4212688977774084,5.006598336356027,5.012723970413208,0.04128944118753084,2018,9,4,4.974358081817627,5.058987617492676,54171.42857142857
2018-09-24,4.825785160064697,4.9010116695975725,4.697899914504662,4.712945216411238,21200,2018-09-24,0.06473005070836968,0.20311175509291068,4.956626210893903,5.003320614496867,0.04979132242507755,2018,9,0,4.532402515411377,5.1755900382995605,54457.142857142855
2018-09-25,4.801713943481445,4.829547921184504,4.6828559176819935,4.829547921184504,25800,2018-09-25,-0.00498804148648202,0.1466920035025101,4.9198728288922995,4.994243303934733,0.04942924182739999,2018,9,1,4.825785160064697,5.058987617492676,54257.142857142855
2018-09-26,4.769366264343262,4.799456873814143,4.727991407289531,4.7467981278859215,9000,2018-09-26,-0.006736694338507432,0.07146546652461172,4.859691687992641,4.9867206573486325,0.04735965392501783,2018,9,2,4.801713943481445,5.190634250640869,52771.42857142857
2018-09-27,4.788172245025635,4.8032179072715895,4.706175466293504,4.8032179072715895,5600,2018-09-27,0.003943077474038992,0.09704244097808523,4.804346288953509,4.979197978973389,0.04762555157145613,2018,9,3,4.769366264343262,5.1755900382995605,45085.71428571428
2018-09-28,4.897251129150391,4.9950454224930665,4.77312692695745,4.791933645999309,15600,2018-09-28,0.022780902303185968,0.2219184955356166,4.798435619899204,4.979699484507242,0.04608027240289698,2018,9,4,4.788172245025635,4.938625812530518,22457.14285714286
2018-10-01,4.908535003662109,4.980000105375646,4.803217879507512,4.908535003662109,10400,2018-10-01,0.002304124132935126,0.1767822258681342,4.789032323019845,4.979197947184245,0.04598402511467878,2018,10,0,4.897251129150391,4.974358081817627,23114.285714285714
2018-10-02,4.885966777801514,4.934864102779223,4.867160059162654,4.934864102779223,2200,2018-10-02,-0.004597751843219644,0.06770404361656901,4.839541503361294,4.9790725390116375,0.02570537221713575,2018,10,1,4.908535003662109,4.532402515411377,12828.57142857143
2018-10-03,4.859637260437012,4.942386601663483,4.799456051802595,4.88972786475422,2800,2018-10-03,-0.005388804009909598,0.14293054986088816,4.844377517700195,4.976188850402832,0.010429289955455584,2018,10,2,4.885966777801514,4.825785160064697,10200.0
2018-10-04,4.904773712158203,4.942387151090208,4.848353912468534,4.848353912468534,4600,2018-10-04,0.00928802898287362,0.09403323862167401,4.859100341796875,4.972552887598673,0.01044866745484584,2018,10,3,4.859637260437012,4.801713943481445,7171.428571428572
2018-10-05,5.013852596282959,5.081556647490965,4.8746834366841165,4.8746834366841165,11400,2018-10-05,0.02223933060446104,0.20687321080684828,4.894026960645403,4.9728036403656,0.011586945605294528,2018,10,4,4.904773712158203,4.769366264343262,7514.285714285715
2018-10-08,4.964954853057861,5.21696395748299,4.942387077003621,4.980000156663467,16000,2018-10-08,-0.009752529075415572,0.27457688047936823,4.919281618935721,4.970170720418294,0.01326769150070824,2018,10,0,5.013852596282959,4.788172245025635,9000.0
2018-10-09,4.904773712158203,5.055226750469547,4.904773712158203,4.976238815679007,17000,2018-10-09,-0.012121185928325895,0.15045303831134405,4.920356273651123,4.966409413019816,0.012095610094309801,2018,10,1,4.964954853057861,4.897251129150391,9200.0
2018-10-10,4.912296295166016,4.99316457497866,4.908534879721246,4.908534879721246,19400,2018-10-10,0.0015337268239643542,0.08462969525741482,4.920893601008824,4.96039129892985,0.012077631765908448,2018,10,2,4.904773712158203,4.908535003662109,10485.714285714286
2018-10-11,4.948028564453125,5.028897201318266,4.90853477921665,4.942386800109808,9400,2018-10-11,0.007274046014339897,0.12036242210161596,4.929759570530483,4.958949438730875,0.012129717188912321,2018,10,3,4.912296295166016,4.885966777801514,11514.285714285714
2018-10-12,4.934864521026611,5.0740336768159455,4.934864521026611,5.058988372371378,11200,2018-10-12,-0.0026604622942326683,0.1391691557893342,4.940506322043283,4.958009131749471,0.01189933635273444,2018,10,4,4.948028564453125,4.859637260437012,12714.285714285714
2018-10-15,4.912296295166016,5.006329529035356,4.701661693467032,4.991284225964595,42800,2018-10-15,-0.004573220959650737,0.3046678355683241,4.941580976758685,4.954373168945312,0.011685758972790191,2018,10,0,4.934864521026611,4.904773712158203,18171.428571428572
2018-10-16,4.938625812530518,4.964955004968828,4.848353988134875,4.882205653251983,36600,2018-10-16,0.005359920449100608,0.11660101683395308,4.9308342933654785,4.952367115020752,0.00732729170774674,2018,10,1,4.912296295166016,5.013852596282959,21771.428571428572
2018-10-17,5.2244873046875,5.2244873046875,4.927342260095124,4.957432870278526,14200,2018-10-17,0.05788280039999805,0.29714504459237556,4.967910357883999,4.956128438313802,0.023139566101015172,2018,10,2,4.938625812530518,4.964954853057861,21514.285714285714
2018-10-18,5.0890793800354,5.104124685658902,4.972478351130359,5.066511600954339,12800,2018-10-18,-0.025917935436575612,0.13164633452854257,4.994239739009312,4.955376164118449,0.025553808672084583,2018,10,3,5.2244873046875,4.904773712158203,20914.285714285714
2018-10-19,5.201918601989746,5.258338400270909,4.897251117338139,5.0589880398080265,108200,2018-10-19,0.02217281624590428,0.36108728293277004,5.035614354269845,4.959764385223389,0.02619487558314531,2018,10,4,5.0890793800354,4.912296295166016,33600.0
2018-10-22,5.070271968841553,5.201918644176335,5.002568282096759,5.175589452592712,28200,2018-10-22,-0.025307322782374575,0.19935036207957602,5.053077697753906,4.95951361656189,0.02917523261948577,2018,10,0,5.201918601989746,4.948028564453125,36285.71428571428
2018-10-23,5.186873912811279,5.231633902149664,5.051466165675266,5.085318192136362,5600,2018-10-23,0.02299717740710605,0.18016773647439788,5.08907903943743,4.968290042877197,0.029825325362545046,2018,10,1,5.070271968841553,4.934864521026611,35485.71428571428
2018-10-24,4.919819355010986,5.25081642081308,4.885967329381128,5.141737870843737,35800,2018-10-24,-0.05148661068098914,0.3648490914319522,5.090153762272426,4.963651100794475,0.03732309275247625,2018,10,2,5.186873912811279,4.912296295166016,34485.71428571428
2018-10-25,4.897251129150391,4.938625624075818,4.862646895248368,4.908535017092174,5400,2018-10-25,-0.004587206202522287,0.07597872882745005,5.084243093218122,4.954373137156169,0.03731054406761896,2018,10,3,4.919819355010986,4.938625812530518,30028.571428571428
2018-10-26,4.859637260437012,4.92734129950488,4.7956946365858695,4.901011751696099,2200,2018-10-26,-0.007680608513107701,0.13164666291901028,5.032121658325195,4.947728125254313,0.026979653527327452,2018,10,4,4.897251129150391,5.2244873046875,28314.285714285714
2018-10-29,4.790053367614746,4.882205904601442,4.735514272083518,4.870922015648147,26000,2018-10-29,-0.014318742139204033,0.14669163251792394,4.989403656550816,4.934375429153443,0.026181514503756352,2018,10,0,4.859637260437012,5.0890793800354,30200.0
2018-10-30,4.791934490203857,4.859638547198776,4.778769892167821,4.825786518701317,4000,2018-10-30,0.00039271432795073835,0.08086865503095542,4.930834497724261,4.921586910883586,0.023062761492664802,2018,10,1,4.790053367614746,5.201918601989746,15314.285714285714
2018-10-31,4.825785160064697,4.9010116695975725,4.76184253728468,4.76184253728468,4800,2018-10-31,0.007064092785500353,0.13916913231289207,4.895907810756138,4.917825555801391,0.023061210297390954,2018,10,2,4.791934490203857,5.070271968841553,11971.42857142857
2018-11-01,4.912296295166016,4.919818767347237,4.8148775721713895,4.8148775721713895,5400,2018-11-01,0.017926851741605132,0.10494119517584721,4.856682436806815,4.915756829579672,0.022025597032447792,2018,11,3,4.825785160064697,5.186873912811279,11942.857142857143
2018-11-02,4.927341938018799,4.983761738747699,4.829547281960917,4.976238907339395,5600,2018-11-02,0.003062853286677658,0.15421445678678225,4.857757091522217,4.928921476999919,0.01053070980958339,2018,11,4,4.912296295166016,4.919819355010986,7628.571428571428
2018-11-05,4.833309173583984,4.96495550781695,4.795695730255491,4.96495550781695,10200,2018-11-05,-0.019083872322573914,0.16925977756145905,4.848622526441302,4.9291722774505615,0.01282061276438495,2018,11,0,4.927341938018799,4.897251129150391,8314.285714285714
2018-11-06,4.765604496002197,4.924332574768957,4.765604496002197,4.924332574768957,7200,2018-11-06,-0.014007934346890294,0.15872807876675932,4.835189274379185,4.927968629201254,0.01350848569832969,2018,11,1,4.833309173583984,4.859637260437012,9028.57142857143
2018-11-07,4.690377235412598,4.790052221618626,4.690377235412598,4.7656037416176025,12400,2018-11-07,-0.01578546030261363,0.09967498620602822,4.820949826921735,4.925335661570231,0.013728164839018333,2018,11,2,4.765604496002197,4.790053367614746,7085.714285714285
2018-11-08,4.66404914855957,4.7467985106309385,4.607629340929504,4.705424008949449,30600,2018-11-08,-0.00561321308108198,0.13916916970143411,4.802680492401123,4.921198225021362,0.013674289869738433,2018,11,3,4.690377235412598,4.791934490203857,10885.714285714286
2018-11-09,4.980000019073486,4.983761434548048,4.528640564667403,4.829546987174233,67600,2018-11-09,0.06774175409611471,0.4551208698806448,4.824711186545236,4.923956521352133,0.030532254979101132,2018,11,4,4.66404914855957,4.825785160064697,19857.14285714286
2018-11-12,4.799456596374512,4.972477770184512,4.5700152640367895,4.972477770184512,14200,2018-11-12,-0.036253699198291245,0.4024625061477227,4.808591229575021,4.920320574442545,0.03340899148981202,2018,11,0,4.980000019073486,4.912296295166016,21114.285714285714
2018-11-13,4.743037223815918,4.773127836533685,4.686617414647204,4.773127836533685,2600,2018-11-13,-0.011755366764065078,0.08651042188648095,4.782261984688895,4.915556255976359,0.03344145039471537,2018,11,1,4.799456596374512,4.927341938018799,20685.714285714286
2018-11-14,4.705422878265381,4.791933277004688,4.677212981229012,4.791933277004688,12800,2018-11-14,-0.007930434397956376,0.1147202957756761,4.763992513929095,4.910415776570638,0.032918263569138725,2018,11,2,4.743037223815918,4.833309173583984,21057.14285714286
2018-11-15,4.705422878265381,4.705422878265381,4.705422878265381,4.705422878265381,200,2018-11-15,0.0,0.0,4.7553951399666925,4.90377074877421,0.03258805868569296,2018,11,3,4.705422878265381,4.765604496002197,20057.14285714286
2018-11-16,4.776888370513916,4.776888370513916,4.735513875345915,4.735513875345915,600,2018-11-16,0.015187900024594692,0.04137449516800107,4.767753873552595,4.895871941248576,0.03240693063090511,2018,11,4,4.705422878265381,4.690377235412598,18371.428571428572
2018-11-19,4.889729022979736,4.9762394412062765,4.791934356430129,4.806979662152501,46400,2018-11-19,0.023622208373623943,0.18430508477614715,4.799993855612619,4.893364413579305,0.03298255339171903,2018,11,0,4.776888370513916,4.66404914855957,20628.571428571428
2018-11-20,4.769366264343262,4.923580727558615,4.769366264343262,4.810740762688633,3400,2018-11-20,-0.024615425122909373,0.1542144632153537,4.769903319222586,4.888850831985474,0.02105969382891763,2018,11,1,4.889729022979736,4.980000019073486,11457.142857142857
2018-11-21,4.765604496002197,4.7919336876647325,4.626435347815701,4.709184697094384,11600,2018-11-21,-0.0007887354697809768,0.16549833984903106,4.765067304883685,4.88396110534668,0.016282244607236186,2018,11,2,4.769366264343262,4.799456596374512,11085.714285714286
2018-11-23,4.765604496002197,4.765604496002197,4.765604496002197,4.765604496002197,200,2018-11-23,0.0,0.0,4.768291200910296,4.877880303064982,0.015566154779255758,2018,11,4,4.765604496002197,4.743037223815918,10742.857142857143
2018-11-26,4.468459606170654,4.701661998238271,4.44589147074744,4.701661998238271,10600,2018-11-26,-0.062351982855651134,0.2557705274908315,4.734439304896763,4.862333472569784,0.028695955442436197,2018,11,0,4.765604496002197,4.705422878265381,10428.57142857143
2018-11-27,4.509833812713623,4.626435180606095,4.438368712766078,4.498549925081552,13600,2018-11-27,0.009259165392439428,0.18806646784001746,4.706498009817941,4.848918056488037,0.02927945069983613,2018,11,1,4.468459606170654,4.705422878265381,12342.857142857143
2018-11-28,4.630197048187256,4.641480936921188,4.438369146168628,4.62643563237316,21800,2018-11-28,0.026689062274161346,0.20311179075256014,4.685542106628418,4.838637097676595,0.030921587267705785,2018,11,2,4.509833812713623,4.776888370513916,15371.42857142857
2018-11-29,4.506072998046875,4.679094185876376,4.430846472622824,4.679094185876376,10600,2018-11-29,-0.026807509237425697,0.24824771325355144,4.6307341030665805,4.814689954121907,0.029234909537151684,2018,11,3,4.630197048187256,4.889729022979736,10257.142857142857
2018-11-30,4.554970264434815,4.641481036472747,4.423323936493074,4.423323936493074,24200,2018-11-30,0.010851414615150379,0.21815709997967314,4.60010610307966,4.796886316935221,0.02959970248099761,2018,11,4,4.506072998046875,4.769366264343262,13228.57142857143
2018-12-03,4.60386848449707,4.660288657695011,4.566255394406876,4.611391317740169,5400,2018-12-03,0.01073513485786104,0.09403326328813488,4.577000958578927,4.776951313018799,0.030261560241213698,2018,12,0,4.554970264434815,4.765604496002197,12342.857142857143
2018-12-04,4.626434326171875,4.645241041224217,4.566253124970981,4.645241041224217,1800,2018-12-04,0.0049014957205646414,0.07898791625323653,4.557119505746024,4.76215672492981,0.03043970228468808,2018,12,1,4.60386848449707,4.765604496002197,12571.42857142857
2018-12-06,4.611391067504883,4.632454425509072,4.588822927708671,4.600106818252571,5000,2018-12-06,-0.0032515880711614376,0.04363149780040043,4.577538285936628,4.742973963419597,0.016505150941824743,2018,12,3,4.626434326171875,4.468459606170654,11771.42857142857
2018-12-07,4.60762882232666,4.655773939426581,4.60762882232666,4.655773939426581,1800,2018-12-07,-0.0008158590592617365,0.04814511709992075,4.591509001595633,4.732567612330119,0.01647297227092074,2018,12,4,4.611391067504883,4.509833812713623,10085.714285714286
2018-12-10,4.7392754554748535,4.791933840479197,4.660287519259994,4.660287519259994,2600,2018-12-10,0.028571449269152893,0.13164632121920228,4.607091631208148,4.7273017565409345,0.016929627444426665,2018,12,0,4.60762882232666,4.630197048187256,7342.857142857143
2018-12-11,4.770870685577393,4.7919340404581545,4.72423034852594,4.72423034852594,6600,2018-12-11,0.006666679411098553,0.06770369193221448,4.6449198722839355,4.72434287071228,0.010441097301711126,2018,12,1,4.7392754554748535,4.506072998046875,6771.428571428572
2018-12-12,4.7392754554748535,4.791933840479197,4.731752624069465,4.791933840479197,6600,2018-12-12,-0.006622529132481625,0.06018121640973195,4.671249185289655,4.722650273640951,0.011722118263247476,2018,12,2,4.770870685577393,4.554970264434815,4257.142857142857
2018-12-13,4.735514163970947,4.791933966157712,4.592583591895009,4.791933966157712,7000,2018-12-13,-0.0007936427285654135,0.1993503742627034,4.690055710928781,4.720769596099854,0.011713337689923208,2018,12,3,4.7392754554748535,4.60386848449707,4485.714285714285
2018-12-14,4.720468997955322,4.769366328682221,4.607629031563124,4.6301971683249095,8400,2018-12-14,-0.00317709239053543,0.1617372971190969,4.703489235469273,4.717259057362875,0.012014591413373242,2018,12,4,4.735514163970947,4.626434326171875,5428.571428571428
2018-12-17,4.720468997955322,4.720468997955322,4.4947890651709255,4.64148105735162,6200,2018-12-17,0.0,0.2256799327843968,4.719071796962193,4.710864814122518,0.011796201888493353,2018,12,0,4.720468997955322,4.611391067504883,5600.0
2018-12-18,4.588446140289307,4.664048587326204,4.419562305404203,4.664048587326204,8000,2018-12-18,-0.027968165392718736,0.24448628192200061,4.716331413813999,4.699568287531535,0.01681266644906721,2018,12,1,4.720468997955322,4.60762882232666,6485.714285714285
2018-12-19,4.434608459472656,4.579419763749367,4.35938192436411,4.579419763749367,8000,2018-12-19,-0.03352718460959225,0.22003783938525778,4.672807557242257,4.686278263727824,0.015241849628121237,2018,12,2,4.588446140289307,4.7392754554748535,7257.142857142857
2018-12-20,4.453413963317871,4.494788456619676,4.363142145909396,4.494788456619676,17600,2018-12-20,0.004240623274202493,0.13164631071027966,4.627456596919468,4.675871912638346,0.014839325762745435,2018,12,3,4.434608459472656,4.770870685577393,8828.57142857143
2018-12-21,4.133701801300049,4.457176427884841,3.930589984966799,4.419562982423409,155600,2018-12-21,-0.07179035334492712,0.5265864429180418,4.540946074894497,4.657316064834594,0.027571878409680693,2018,12,4,4.453413963317871,4.7392754554748535,30114.285714285714
2018-12-24,4.193882465362549,4.257825098857764,3.956919010301872,4.141224079219444,14800,2018-12-24,0.014558540251639052,0.3009060885558923,4.4635701179504395,4.64164384206136,0.029783537096809354,2018,12,0,4.133701801300049,4.735514163970947,31228.571428571428
2018-12-26,4.216449737548828,4.216449737548828,4.013337990030231,4.04719000773471,32000,2018-12-26,0.005380997768216655,0.20311174751859706,4.391567366463797,4.6161921660105385,0.030600817382845258,2018,12,2,4.193882465362549,4.720468997955322,34600.0
2018-12-27,4.14122486114502,4.23149670475647,4.065998324802144,4.069759382587972,7400,2018-12-27,-0.017840809469138463,0.16549837995432615,4.308818204062326,4.594251108169556,0.029819267320537815,2018,12,3,4.216449737548828,4.720468997955322,34771.42857142857
2018-12-28,4.378189086914063,4.588823406342851,4.137463791715569,4.381950145015382,23600,2018-12-28,0.05722080633494597,0.4513596146272816,4.278781482151577,4.58208950360616,0.04057962183905701,2018,12,4,4.14122486114502,4.588446140289307,37000.0
2018-12-31,4.434608459472656,4.551209857922213,4.434608459472656,4.551209857922213,4000,2018-12-31,0.01288646320169784,0.11660139844955708,4.278781482151577,4.57306235631307,0.039090115508219635,2018,12,0,4.378189086914063,4.434608459472656,36428.57142857143
2019-01-02,4.573777198791504,4.758082281741836,4.513595976498202,4.758082281741836,8000,2019-01-02,0.03138241867138758,0.24448630524363413,4.2959762300763815,4.5686741669972735,0.04081206540936591,2019,1,2,4.434608459472656,4.453413963317871,35057.142857142855
2019-01-03,4.633956909179688,4.911919224568579,4.607627722693795,4.682854226016532,12200,2019-01-03,0.013157551794189981,0.3042915018747836,4.3674412454877585,4.5639097849528,0.023131403463168925,2019,1,3,4.573777198791504,4.133701801300049,14571.42857142857
2019-01-04,4.645243167877197,5.098483450467533,4.517357877423615,4.916058697264105,22400,2019-01-04,0.0024355553835968546,0.5811255730439182,4.431921345846994,4.555760256449383,0.02376177152286209,2019,1,4,4.633956909179688,4.193882465362549,15657.142857142857
2019-01-07,4.720468997955322,5.1071336577097854,4.513595786021019,4.543686395897824,16200,2019-01-07,0.016194164085602036,0.593537871688766,4.503924097333636,4.554130347569784,0.02338479852684479,2019,1,0,4.645243167877197,4.216449737548828,13400.0
2019-01-08,4.457176208496094,4.641481293026861,4.39925162012331,4.641481293026861,15600,2019-01-08,-0.05577682844083376,0.24222967290355157,4.549060004098075,4.5438494046529145,0.034446716916733844,2019,1,1,4.720468997955322,4.14122486114502,14571.42857142857
2019-01-09,4.532402515411377,4.85850967095219,4.475982352754785,4.85850967095219,17000,2019-01-09,0.016877570774942674,0.3825273181974058,4.571090493883405,4.536076005299887,0.028257431520872685,2019,1,2,4.457176208496094,4.378189086914063,13628.57142857143
2019-01-10,4.513595581054688,4.513595581054688,4.457175779774843,4.509834165313805,2400,2019-01-10,-0.004149440455197828,0.05641980127984514,4.582374368395124,4.537580537796021,0.028229561229881753,2019,1,3,4.532402515411377,4.434608459472656,13400.0
2019-01-11,4.378189086914063,4.430847487417034,4.276632985300988,4.430847487417034,12600,2019-01-11,-0.02999969574345085,0.15421450211604615,4.55443320955549,4.533192380269369,0.02742018470042248,2019,1,4,4.513595581054688,4.573777198791504,14057.142857142857
2019-01-14,4.363142490386963,4.459056079763312,4.299199858330501,4.427461048788358,9800,2019-01-14,-0.00343671692300207,0.1598562214328112,4.515745435442244,4.524290561676026,0.026188173053005526,2019,1,0,4.378189086914063,4.633956909179688,13714.285714285714
2019-01-15,4.40451717376709,4.521118554435644,4.40451717376709,4.521118554435644,1600,2019-01-15,0.009482771527926204,0.11660138066855374,4.481356007712228,4.520905367533367,0.026796486066153834,2019,1,1,4.363142490386963,4.645243167877197,10742.857142857143
2019-01-16,4.49478816986084,4.49478816986084,4.404516358211533,4.472220396302659,4200,2019-01-16,0.02049509458866372,0.09027181164930642,4.449115889413017,4.518899297714234,0.027464827061052438,2019,1,2,4.40451717376709,4.720468997955322,9028.57142857143
2019-01-17,4.7956953048706055,4.946148347422422,4.509834165313805,4.543686189565051,24400,2019-01-17,0.06694578779650961,0.4363141821086174,4.4974757603236615,4.525293525060019,0.02993255545867839,2019,1,3,4.49478816986084,4.457176208496094,10285.714285714286
2019-01-18,4.957432746887207,5.013852549899696,4.889728696305532,4.904774001022754,22600,2019-01-18,0.033725545877015595,0.12412385359416422,4.558194364820208,4.53632680575053,0.031147172737242722,2019,1,4,4.7956953048706055,4.532402515411377,11085.714285714286
2019-01-22,4.897251129150391,5.111646793585932,4.7900529382242905,5.111646793585932,8200,2019-01-22,-0.012139674063073258,0.321593855361642,4.613002300262451,4.545855474472047,0.032026988715312885,2019,1,1,4.957432746887207,4.513595581054688,11914.285714285714
2019-01-23,5.021375179290772,5.066511091623815,4.908535219103992,5.066511091623815,7800,2019-01-23,0.025345657567271918,0.15797587251982304,4.7048860277448386,4.559647019704184,0.026185059997315133,2019,1,2,4.897251129150391,4.378189086914063,11228.57142857143
2019-01-24,5.021375179290772,5.021375179290772,5.021375179290772,5.021375179290772,200,2019-01-24,0.0,0.0,4.798919269016811,4.569050343831381,0.025698788275869366,2019,1,3,5.021375179290772,4.363142490386963,9857.142857142857
2019-01-25,4.980000019073486,5.111646691016575,4.908534918598422,5.111646691016575,7000,2019-01-25,-0.008239806574885322,0.20311177241815326,4.881131104060581,4.576021321614585,0.027761159941992068,2019,1,4,5.021375179290772,4.40451717376709,10628.57142857143
2019-01-28,4.9499101638793945,5.100363577319397,4.852115498949649,5.002568912389652,102800,2019-01-28,-0.006042139574065741,0.24824807836974827,4.946148531777518,4.583042478561402,0.029144161408550206,2019,1,0,4.980000019073486,4.49478816986084,24714.285714285714
2019-01-29,4.870921611785889,5.051465613610995,4.799456509395915,5.0025682872564525,43200,2019-01-29,-0.01595757286059518,0.25200910421508027,4.95689514705113,4.587556060155234,0.019349544212776935,2019,1,1,4.9499101638793945,4.7956953048706055,27400.0
2019-01-30,4.927341938018799,5.096601698913845,4.870921778581554,4.908535218206384,20800,2019-01-30,0.011583090579079247,0.22567992033229078,4.952596460069929,4.5944518248240165,0.014598767749001224,2019,1,2,4.870921611785889,4.957432746887207,27142.85714285714
2019-01-31,4.878443717956543,5.021374260204075,4.878443717956543,4.961192696066999,35800,2019-01-31,-0.009923853606538469,0.142930542247532,4.949909687042236,4.599717648824057,0.014332972039113373,2019,1,3,4.927341938018799,4.897251129150391,31085.714285714286
2019-02-01,4.870921611785889,4.939001583641381,4.70166185668683,4.908535050122716,15800,2019-02-01,-0.0015419069288361564,0.2373397269545512,4.928416320255825,4.609133497873943,0.008798233098446368,2019,2,4,4.878443717956543,5.021375179290772,32228.571428571428
2019-02-04,4.976238250732422,4.976238250732422,4.701661397309528,4.844591946832733,33000,2019-02-04,0.02162150150224229,0.27457685342289384,4.921968187604632,4.627187824249268,0.013236569031711786,2019,2,0,4.870921611785889,5.021375179290772,36914.28571428572
2019-02-05,4.893489360809326,4.964954457566194,4.893489360809326,4.916433420077101,2600,2019-02-05,-0.01662880387829424,0.07146509675686818,4.909609522138323,4.64185700416565,0.014314530651751374,2019,2,1,4.976238250732422,4.980000019073486,36285.71428571428
2019-02-06,4.893489360809326,5.02137461062422,4.8145014334947325,4.964954457566194,19000,2019-02-06,0.0,0.20687317712948783,4.901549407414028,4.6671832561492925,0.014241190382249169,2019,2,2,4.893489360809326,4.9499101638793945,24314.285714285714
2019-02-07,4.938625812530518,5.002568444487851,4.893489900332696,5.002568444487851,17200,2019-02-07,0.009223776408441298,0.10907854415515494,4.911221436091831,4.692008034388225,0.013132413445535882,2019,2,3,4.893489360809326,4.870921611785889,20600.0
2019-02-08,4.946147918701172,4.98376135543305,4.795694889190293,4.946147918701172,23000,2019-02-08,0.001523117250869399,0.18806646624275736,4.913908004760742,4.716331307093303,0.012447592503502084,2019,2,4,4.938625812530518,4.927341938018799,20914.285714285714
2019-02-11,4.859637260437012,4.957431903822088,4.778768626818903,4.957431903822088,15400,2019-02-11,-0.01749051174492111,0.17866327700318507,4.911221367972238,4.740278387069703,0.013772865244230357,2019,2,0,4.946147918701172,4.878443717956543,18000.0
2019-02-12,4.878443717956543,4.919818207011772,4.745668565803274,4.852114171550235,11400,2019-02-12,0.003869930307893066,0.17414964120849863,4.912295954568045,4.756953541437785,0.01385434520996682,2019,2,1,4.859637260437012,4.870921611785889,17371.428571428572
2019-02-13,4.859637260437012,4.901011751696099,4.818262769177925,4.901011751696099,20000,2019-02-13,-0.0038550116813500512,0.08274898251817397,4.89563867024013,4.771121168136597,0.010179485399342362,2019,2,2,4.878443717956543,4.976238250732422,15514.285714285714
2019-02-14,4.810740470886231,4.885966990000459,4.810740470886231,4.852114966721972,23600,2019-02-14,-0.010061818800521594,0.07522651911422784,4.883817400251116,4.779019943873087,0.008982567480296515,2019,2,3,4.859637260437012,4.893489360809326,18514.285714285714
2019-02-15,4.77312707901001,4.870921734176358,4.772374867617706,4.788172382981114,18000,2019-02-15,-0.007818628359574031,0.09854686655865219,4.8666227885655,4.783658949534098,0.009119656727402288,2019,2,4,4.810740470886231,4.893489360809326,18371.428571428572
2019-02-19,4.769366264343262,4.889728702226785,4.769366264343262,4.889728702226785,14000,2019-02-19,-0.0007879142131552719,0.1203624378835233,4.842442853110177,4.7877963860829675,0.007414382515744043,2019,2,1,4.77312707901001,4.938625812530518,17914.285714285714
2019-02-20,4.761843204498291,4.791933812527637,4.739275427830453,4.767109042968009,6400,2019-02-20,-0.0015773709604176567,0.052658384697184424,4.816113608224051,4.789175526301066,0.007047036405249739,2019,2,2,4.769366264343262,4.946147918701172,15542.857142857143
2019-02-21,4.754320621490479,4.754320621490479,4.735513902231582,4.74303637471014,1400,2019-02-21,-0.0015797628533222863,0.01880671925889743,4.801068374088833,4.799080340067546,0.004652165443167014,2019,2,3,4.761843204498291,4.859637260437012,13542.857142857143
2019-02-22,4.746797561645508,4.780649582939167,4.743036146233253,4.776888167526912,4000,2019-02-22,-0.001582362748310584,0.03761343670591355,4.782261780330113,4.806226841608683,0.003632265422454801,2019,2,4,4.754320621490479,4.878443717956543,12485.714285714286
2019-02-25,4.735514163970947,4.754320884269321,4.656526225684464,4.738899294708816,27600,2019-02-25,-0.0023770547464950775,0.09779465858485636,4.76452990940639,4.813624127705892,0.0036776287822546387,2019,2,0,4.746797561645508,4.859637260437012,13571.42857142857
2019-02-26,4.682854175567627,4.739274321483055,4.682854175567627,4.739274321483055,1000,2019-02-26,-0.011120226142278589,0.05642014591542832,4.746260438646589,4.823779630661011,0.003991898225543272,2019,2,1,4.735514163970947,4.810740470886231,10342.857142857143
2019-02-27,4.712947368621826,4.773128603730439,4.667811442290367,4.6866181679389225,12800,2019-02-27,0.006426250300769043,0.10531716144007142,4.737663337162563,4.835439793268839,0.005099682226877923,2019,2,2,4.682854175567627,4.77312707901001,9600.0
2019-02-28,4.7956953048706055,4.7956953048706055,4.726110548497672,4.726110548497672,1800,2019-02-28,0.017557576984564616,0.06958475637293304,4.741424628666469,4.848479064305623,0.008959578432032158,2019,2,3,4.712947368621826,4.769366264343262,7857.142857142857
2019-03-01,4.7347612380981445,4.889727886904593,4.7204681471764784,4.735513449403237,15400,2019-03-01,-0.01270599212393142,0.1692597397281146,4.737555776323591,4.8564781665802,0.010337467852574594,2019,3,4,4.7956953048706055,4.761843204498291,9142.857142857143
2019-03-04,4.756200313568115,4.791932677949959,4.682854159992828,4.722348297873099,5800,2019-03-04,0.004528016174809801,0.10907851795713164,4.7378243037632535,4.855161666870117,0.01051386956801943,2019,3,0,4.7347612380981445,4.754320621490479,9771.42857142857
2019-03-05,4.791934490203857,4.791934490203857,4.677966376884696,4.677966376884696,2400,2019-03-05,0.007513177385275904,0.11396811331916101,4.744272436414446,4.849645058314006,0.010828104331454367,2019,3,1,4.756200313568115,4.746797561645508,9542.857142857143
2019-03-06,4.7392754554748535,4.7392754554748535,4.645242215157562,4.735514039772159,6400,2019-03-06,-0.010989097375319834,0.09403324031729188,4.744809763772147,4.844379202524821,0.01177687591986967,2019,3,2,4.791934490203857,4.735514163970947,6514.285714285715
2019-03-07,4.7392754554748535,4.7392754554748535,4.7392754554748535,4.7392754554748535,200,2019-03-07,0.0,0.0,4.752869946616037,4.834975878397624,0.010700469553154502,2019,3,3,4.7392754554748535,4.682854175567627,6400.0
2019-03-08,4.7392754554748535,4.7392754554748535,4.7392754554748535,4.7392754554748535,200,2019-03-08,0.0,0.0,4.756631101880755,4.825572554270426,0.01050747913931731,2019,3,4,4.7392754554748535,4.712947368621826,4600.0
2019-03-11,4.626434326171875,4.626434326171875,4.5248782801141765,4.618911496667636,3400,2019-03-11,-0.023809784926643873,0.10155604605769852,4.73245096206665,4.813787031173706,0.01115341201304682,2019,3,0,4.7392754554748535,4.7956953048706055,4828.571428571428
2019-03-12,4.5888214111328125,4.622673430285049,4.575656816731008,4.575656816731008,11800,2019-03-12,-0.008130000857525466,0.04701661355404152,4.7116024153573175,4.801750739415486,0.010758105713466673,2019,3,1,4.626434326171875,4.7347612380981445,4314.285714285715
2019-03-13,4.568134307861328,4.568510234150719,4.551208298423153,4.555345639856204,2000,2019-03-13,-0.00450815174922603,0.01730193572756633,4.684735843113491,4.791657829284668,0.010023574236589195,2019,3,2,4.5888214111328125,4.756200313568115,3771.4285714285716
2019-03-14,4.532402515411377,4.570015598474074,4.447772450780671,4.5549702935073215,8200,2019-03-14,-0.00782196626497167,0.1222431476934025,4.647659846714565,4.7784931818644205,0.008155235160023509,2019,3,3,4.568134307861328,4.791934490203857,4600.0
2019-03-15,4.705422878265381,4.735513482931949,4.517356419745181,4.521117835005578,15600,2019-03-15,0.0381740947026854,0.21815706318676753,4.642823764256069,4.772725820541382,0.019002028200357568,2019,3,4,4.532402515411377,4.7392754554748535,5914.285714285715
2019-03-18,4.573777198791504,4.739275918806464,4.524879866001101,4.705423891589387,32800,2019-03-18,-0.02797743855965762,0.21439605280536256,4.619181156158447,4.762821006774902,0.02155865163963657,2019,3,0,4.705422878265381,4.7392754554748535,10571.42857142857
2019-03-19,4.56700611114502,4.56700611114502,4.56700611114502,4.56700611114502,2000,2019-03-19,-0.0014804148414296892,0.0,4.594571249825614,4.749179935455322,0.021510149336098905,2019,3,1,4.573777198791504,4.7392754554748535,10828.57142857143
2019-03-20,4.624554634094238,4.7016618598999305,4.547447408288546,4.577538015495239,8800,2019-03-20,0.01260092970070259,0.15421445161138436,4.594302722385952,4.74021544456482,0.020609351439297714,2019,3,2,4.56700611114502,4.626434326171875,11600.0
2019-03-21,4.645243167877197,4.645243167877197,4.539925658851649,4.5425585786418665,5000,2019-03-21,0.004473627283032577,0.10531750902554826,4.602362973349435,4.7319405714670815,0.020316697928585245,2019,3,3,4.624554634094238,4.5888214111328125,10628.57142857143
2019-03-22,4.645243167877197,4.645243167877197,4.645243167877197,4.645243167877197,200,2019-03-22,0.0,0.0,4.613378524780273,4.722161149978637,0.02014962600511092,2019,3,4,4.645243167877197,4.568134307861328,10371.42857142857
2019-03-25,4.550456523895264,4.635838797298929,4.524879542122181,4.524879542122181,5800,2019-03-25,-0.02040509841064997,0.11095925517674754,4.6159576688494,4.708971436818441,0.02173020683258285,2019,3,0,4.645243167877197,4.532402515411377,10028.57142857143
2019-03-26,4.299200534820557,4.6226748029934175,4.137463221379926,4.524880131670785,54200,2019-03-26,-0.055215556451383874,0.4852115816134912,4.55792590550014,4.690290212631226,0.02353177326958429,2019,3,1,4.550456523895264,4.705422878265381,15542.857142857143
2019-03-27,4.333050727844238,4.474476476864552,4.160029597557926,4.160029597557926,41800,2019-03-27,0.007873601789337048,0.31444687930662685,4.52353640965053,4.672110446294149,0.023521432938705955,2019,3,2,4.299200534820557,4.573777198791504,16828.571428571428
2019-03-28,4.464698314666748,4.512467147373862,4.333051990279366,4.348097294743877,9800,2019-03-28,0.030382193768593746,0.1794151570944953,4.508921010153634,4.658945814768473,0.027598852700218352,2019,3,3,4.333050727844238,4.56700611114502,17942.85714285714
2019-03-29,4.475981712341309,4.62267368381005,4.201404846306847,4.62267368381005,54800,2019-03-29,0.0025272475046060894,0.4212688375032032,4.487696307046073,4.647787189483642,0.026909995409034555,2019,3,4,4.464698314666748,4.624554634094238,24514.285714285714
2019-04-01,4.285282135009766,4.509833529419786,4.246540562724678,4.509833529419786,24600,2019-04-01,-0.04260508411054065,0.2632929666951078,4.436273302350726,4.631525691350301,0.030041665188015983,2019,4,0,4.475981712341309,4.645243167877197,27314.285714285714
2019-04-02,4.295438766479492,4.318006544960682,4.22397329763619,4.257825324066347,7400,2019-04-02,0.002370119667675752,0.09403324732449203,4.386301245008196,4.615728108088176,0.03020007525302624,2019,4,1,4.285282135009766,4.645243167877197,28342.85714285714
2019-04-03,4.163791656494141,4.2803930292397245,4.081042665470395,4.2803930292397245,20800,2019-04-03,-0.030648117024200672,0.19935036376932924,4.331063406808036,4.595793056488037,0.03098524423473802,2019,4,2,4.295438766479492,4.550456523895264,30485.714285714286
2019-04-04,4.148745536804199,4.359380105955491,4.052455683771896,4.359380105955491,31000,2019-04-04,-0.003613562092251721,0.30692442218359517,4.309569835662842,4.575607220331828,0.02450258980311071,2019,4,3,4.163791656494141,4.299200534820557,27171.428571428572
2019-04-05,4.239018440246582,4.239018440246582,4.160030507859741,4.216450305832487,3000,2019-04-05,0.021759084195826617,0.07898793238684121,4.296136651720319,4.55868124961853,0.02620411257584677,2019,4,4,4.148745536804199,4.333050727844238,21628.571428571428
2019-04-08,4.18259859085083,4.240899100866974,4.1299398458214505,4.133701261618196,28000,2019-04-08,-0.013309649436785698,0.11095925504552362,4.255836691175189,4.5402507305145265,0.021808901601587622,2019,4,0,4.239018440246582,4.464698314666748,24228.571428571428
2019-04-09,4.167553424835205,4.182598729813701,4.099849373077793,4.148746703934995,5800,2019-04-09,-0.0035970858041541875,0.08274935673590722,4.211775507245745,4.523074038823446,0.0213846328766097,2019,4,1,4.18259859085083,4.475981712341309,17228.571428571428
2019-04-10,4.175075531005859,4.340573857003928,4.126178208647536,4.208927192292419,22800,2019-04-10,0.0018049213540560771,0.21439564835639224,4.196031706673758,4.50514497756958,0.015988624112893184,2019,4,2,4.167553424835205,4.285282135009766,16971.428571428572
2019-04-11,4.164168834686279,4.255945099359296,4.137463352107908,4.233753244731383,9800,2019-04-11,-0.002612335091564777,0.11848174725138882,4.177278859274728,4.484094095230103,0.015787941277815458,2019,4,3,4.175075531005859,4.295438766479492,17314.285714285714
2019-04-12,4.197644233703613,4.197644233703613,4.0735203720721485,4.195763525653636,8000,2019-04-12,0.0080389149302722,0.12412386163146483,4.182114941733224,4.466190195083618,0.011113491517995726,2019,4,4,4.164168834686279,4.163791656494141,15485.714285714286
2019-04-15,4.137462615966797,4.137462615966797,4.073519983205188,4.084803871719487,11000,2019-04-15,-0.014336998179504512,0.06394263276160927,4.18050309589931,4.445565605163575,0.012537104967506433,2019,4,0,4.197644233703613,4.148745536804199,12628.57142857143
2019-04-16,4.175075531005859,4.287915119377664,4.167552700469978,4.1901208333693205,4800,2019-04-16,0.00909081689195479,0.1203624189076864,4.171368394579206,4.425003639856974,0.009320027753981764,2019,4,1,4.137462615966797,4.239018440246582,12885.714285714286
2019-04-17,4.099849224090576,4.231495906899685,4.088565335443849,4.231495906899685,11200,2019-04-17,-0.01801795113803839,0.1429305714558362,4.159547056470599,4.403689432144165,0.01037173808540861,2019,4,2,4.175075531005859,4.18259859085083,10485.714285714286
2019-04-18,4.207046985626221,4.227734052882814,4.0622357212884905,4.103610214509993,13800,2019-04-18,0.026146757033345125,0.16549833159432303,4.165188993726458,4.38594848314921,0.015036535923344052,2019,4,3,4.099849224090576,4.167553424835205,11628.57142857143
2019-04-22,4.261587142944336,4.306723062882286,4.261587142944336,4.306723062882286,2800,2019-04-22,0.012964000046697066,0.045135919937949964,4.177547795431955,4.370025539398194,0.01565969236776274,2019,4,0,4.207046985626221,4.175075531005859,8771.42857142857
2019-04-23,4.21833086013794,4.24277934271452,4.163791413201108,4.24277934271452,7200,2019-04-23,-0.010150275321252678,0.0789879295134126,4.185285227639334,4.356422090530396,0.016356743795254668,2019,4,1,4.261587142944336,4.164168834686279,8400.0
2019-04-24,4.156269073486328,4.36314226296189,4.129939523671261,4.141223770181287,23000,2019-04-24,-0.014712403723017298,0.23320273929062907,4.179374490465436,4.342003679275512,0.017187337376899182,2019,4,2,4.21833086013794,4.197644233703613,10542.857142857143
2019-04-25,4.19237756729126,4.235632767779287,4.19237756729126,4.197643405308644,5600,2019-04-25,0.008687718039064096,0.043255200488027334,4.187219483511789,4.329478454589844,0.016461735503112924,2019,4,3,4.156269073486328,4.137462615966797,9771.42857142857
2019-04-26,4.193882465362549,4.340574452564812,4.13370124765137,4.156269383647238,43200,2019-04-26,0.00035896052946915447,0.20687320491344163,4.189906188419887,4.318194452921549,0.01616310182035808,2019,4,4,4.19237756729126,4.175075531005859,15257.142857142857
2019-04-29,4.190120697021484,4.239018017788673,4.144984791399838,4.1562686781281775,5000,2019-04-29,-0.0008969656093448242,0.09403322638883527,4.202802113124302,4.301017713546753,0.013999673178359732,2019,4,0,4.193882465362549,4.099849224090576,14371.42857142857
2019-04-30,4.235257148742676,4.239018564373221,4.235257148742676,4.239018564373221,1000,2019-04-30,0.010772112543983914,0.0037614156305449953,4.206832136426653,4.289733711878458,0.010590483884295902,2019,4,1,4.190120697021484,4.207046985626221,12542.857142857143
2019-05-01,4.163791656494141,4.257824894327944,4.152507768392418,4.152507768392418,10200,2019-05-01,-0.01687394406966558,0.10531712593552633,4.192861352648054,4.276293230056763,0.010971948094546166,2019,5,2,4.235257148742676,4.261587142944336,13600.0
2019-05-02,4.163791656494141,4.163791656494141,4.163791656494141,4.163791656494141,0,2019-05-02,0.0,0.0,4.185070037841797,4.26093446413676,0.010572922886264248,2019,5,3,4.163791656494141,4.21833086013794,12571.42857142857
2019-05-03,4.16868257522583,4.16868257522583,4.156270187703936,4.16341673559281,1400,2019-05-03,0.0011746309938589494,0.012412387521893997,4.186843395233154,4.24504911104838,0.008916973397736012,2019,5,4,4.163791656494141,4.156269073486328,9485.714285714286
2019-05-06,4.118654727935791,4.229238023623302,4.081041657318936,4.129938613250022,8600,2019-05-06,-0.012000877108597985,0.14819636630436595,4.176311561039516,4.227496163050334,0.009160804445190827,2019,5,0,4.16868257522583,4.19237756729126,9914.285714285714
2019-05-07,4.14122486114502,4.219460602424978,4.137463444650771,4.212689980993646,2400,2019-05-07,0.005479977007089687,0.08199715777420735,4.168789046151297,4.213855107625325,0.009619705286915916,2019,5,1,4.118654727935791,4.193882465362549,4085.714285714286
2019-05-08,4.156269073486328,4.231495590011535,4.113766082681878,4.231495590011535,2000,2019-05-08,0.003632792916525629,0.11772950732965715,4.163953099931989,4.209090725580851,0.009837606098195614,2019,5,2,4.14122486114502,4.190120697021484,3657.1428571428573
2019-05-09,4.355618953704834,4.517356215506394,4.1938816919032735,4.212688408646665,48200,2019-05-09,0.04796366084433723,0.3234745236031209,4.181147643498012,4.209842999776204,0.021018207940698787,2019,5,3,4.156269073486328,4.235257148742676,10400.0
2019-05-10,4.5888214111328125,4.5888214111328125,4.294685631700711,4.5135949011880045,18200,2019-05-10,0.053540601211136574,0.2941357794321018,4.2418661798749655,4.213980436325073,0.025603179316202127,2019,5,4,4.355618953704834,4.163791656494141,11542.857142857143
2019-05-13,4.645243167877197,4.682856256493392,4.40827931063234,4.40827931063234,15600,2019-05-13,0.012295478879936761,0.2745769458610523,4.310644967215402,4.219622484842936,0.024873527250686103,2019,5,0,4.5888214111328125,4.163791656494141,13771.42857142857
2019-05-14,4.701662540435791,4.705423956558152,4.600106457382353,4.679094402410009,28000,2019-05-14,0.012145623064201416,0.10531749917579969,4.386784962245396,4.233501831690471,0.024116915685938718,2019,5,1,4.645243167877197,4.16868257522583,17571.428571428572
2019-05-15,4.776888370513916,4.776888370513916,4.682855133461641,4.735513875345915,5400,2019-05-15,0.015999836107155385,0.09403323705227518,4.480818339756557,4.249550151824951,0.020433789829893682,2019,5,2,4.701662540435791,4.118654727935791,17114.285714285714
2019-05-16,4.712947368621826,4.727992677398979,4.712947368621826,4.727992677398979,3000,2019-05-16,-0.01338549217243079,0.015045308777152933,4.562492983681815,4.267855342229208,0.02386684889703798,2019,5,3,4.776888370513916,4.14122486114502,17200.0
2019-05-17,4.878443717956543,4.878443717956543,4.75055847706621,4.75055847706621,59800,2019-05-17,0.035115255145128366,0.1278852408903326,4.6656607900347025,4.2921786149342855,0.023476869803511123,2019,5,4,4.712947368621826,4.156269073486328,25457.14285714286
2019-05-20,4.780649185180664,4.852114278525898,4.776887770081365,4.852114278525898,31800,2019-05-20,-0.020046256230427995,0.07522650844453249,4.72637939453125,4.3102329730987545,0.025586423746283053,2019,5,0,4.878443717956543,4.355618953704834,23114.285714285714
2019-05-21,5.013852596282959,5.058988510852176,4.791934080619705,4.885967325649331,68200,2019-05-21,0.048780699455043264,0.2670544302324709,4.7870981352669855,4.337941439946492,0.024385160285537773,2019,5,1,4.780649185180664,4.5888214111328125,30257.14285714286
2019-05-22,5.077795028686523,5.224487014205806,5.058988308690459,5.074033612945641,49200,2019-05-22,0.012753153623018099,0.16549870551534696,4.848891258239746,4.368282826741536,0.0243836123794664,2019,5,2,5.013852596282959,4.645243167877197,35057.142857142855
2019-05-23,4.980000019073486,5.205679925630689,4.897251030883058,5.141737297396426,24000,2019-05-23,-0.019259345653094173,0.3084288947476317,4.888653755187988,4.395113643010458,0.027293644709582284,2019,5,3,5.077795028686523,4.701662540435791,34485.71428571428
2019-05-24,4.889729022979736,4.987523689529342,4.705423938203589,4.983762273421654,5200,2019-05-24,-0.018126705973496082,0.28209975132575327,4.904773848397391,4.419298982620239,0.028753208545128292,2019,5,4,4.980000019073486,4.776888370513916,34457.142857142855
2019-05-28,4.667809009552002,4.87092075154134,4.622673106744179,4.87092075154134,27800,2019-05-28,-0.045384930818211155,0.24824764479716155,4.898325511387417,4.434971141815185,0.03398771785559374,2019,5,1,4.889729022979736,4.712947368621826,38000.0
2019-05-29,4.7388997077941895,4.780650494186779,4.664049105139518,4.780650494186779,6600,2019-05-29,0.015229992936024228,0.11660138904726125,4.8783906527927945,4.4550190448760985,0.03119382413002443,2019,5,2,4.667809009552002,4.878443717956543,30400.0
2019-05-30,4.793814659118652,5.214331331014657,4.61515171361179,4.758081926533939,110600,2019-05-30,0.011588122710033844,0.599179617402867,4.8802714347839355,4.475643682479858,0.03072262743632016,2019,5,3,4.7388997077941895,4.780649185180664,41657.142857142855
2019-05-31,4.7392754554748535,4.976238905411086,4.697900600161904,4.7994566718845855,16600,2019-05-31,-0.011376994632042337,0.2783383052491821,4.841046128954206,4.496957890192667,0.022331186330137007,2019,5,4,4.793814659118652,5.013852596282959,34285.71428571428
2019-06-03,5.115407943725586,5.122930415727032,4.758081376594955,4.758081376594955,30400,2019-06-03,0.07936497715409652,0.36484903913207667,4.8464194025312155,4.52723658879598,0.039860324230606495,2019,6,0,4.7392754554748535,5.077795028686523,31600.0
2019-06-04,4.983762264251709,5.216964681873575,4.983762264251709,5.153022042994053,13400,2019-06-04,-0.02573512824824653,0.23320241762186633,4.846956866128104,4.551309092839559,0.040498403157444775,2019,6,1,5.115407943725586,4.980000019073486,30085.714285714286
2019-06-05,5.081556797027588,5.1342151862204215,5.0251366331245,5.062750075726559,14600,2019-06-05,0.019622631977723737,0.1090785530959213,4.8743608338492255,4.580083290735881,0.04007006493300397,2019,6,2,4.983762264251709,4.889729022979736,31428.571428571428
2019-06-06,4.844592094421387,5.0905831324003,4.837069263776528,5.0905831324003,16600,2019-06-06,-0.04663230424676379,0.2535138686237719,4.899615560259138,4.603027391433716,0.04033950313850746,2019,6,3,5.081556797027588,4.667809009552002,29828.571428571428
2019-06-07,4.885966777801514,4.919818799609798,4.668185987520979,4.810740261954395,9600,2019-06-07,0.008540385356234692,0.25163281208881916,4.920625141688755,4.626147031784058,0.04016349513680979,2019,6,4,4.844592094421387,4.7388997077941895,30257.14285714286
2019-06-10,4.889729022979736,4.889729022979736,4.889729022979736,4.889729022979736,800,2019-06-10,0.0007700103887966492,0.0,4.934327193668911,4.6493419170379635,0.040078168538242157,2019,6,0,4.885966777801514,4.793814659118652,14571.42857142857
2019-06-11,4.889729022979736,4.914177510262946,4.84835452192031,4.912297160917485,6400,2019-06-11,0.0,0.065822988342636,4.955820560455322,4.672662194569906,0.03960180461934702,2019,6,1,4.889729022979736,4.7392754554748535,13114.285714285714
2019-06-12,4.592582702636719,4.889727677948324,4.494788062987764,4.889727677948324,31000,2019-06-12,-0.06076948619167866,0.39493961496055974,4.88113124029977,4.684573046366373,0.030103074568314524,2019,6,2,4.889729022979736,5.115407943725586,13200.0
2019-06-13,4.5888214111328125,4.697899940229857,4.539924089991613,4.585059995958498,4200,2019-06-13,-0.0008189926556460003,0.1579758502382438,4.8247111184256415,4.6987407048543295,0.03007954309464298,2019,6,3,4.592582702636719,4.983762264251709,11885.714285714286
2019-06-14,4.667057514190674,4.690377859766381,4.539924468620679,4.539924468620679,2000,2019-06-14,0.01704928042482856,0.15045339114570222,4.765496935163226,4.715516233444214,0.029650918881901998,2019,6,4,4.5888214111328125,5.081556797027588,10085.714285714286
2019-06-17,4.761843204498291,4.77312709283221,4.761843204498291,4.77312709283221,2200,2019-06-17,0.020309518367710666,0.011283888333919023,4.753675665174212,4.735288254419962,0.027198311635288644,2019,6,0,4.667057514190674,4.844592094421387,8028.571428571428
2019-06-18,4.848354816436768,4.848354816436768,4.600106718875071,4.724230947010122,10800,2019-06-18,0.018167673361599412,0.24824809756169675,4.748302527836391,4.7596115907033285,0.02805771499743525,2019,6,1,4.761843204498291,4.885966777801514,8200.0
2019-06-19,4.7956953048706055,4.7956953048706055,4.7956953048706055,4.7956953048706055,1000,2019-06-19,-0.010861315551336514,0.0,4.734869139535086,4.781427272160848,0.02829568315657607,2019,6,2,4.848354816436768,4.889729022979736,8228.57142857143
2019-06-20,4.810740470886231,4.885966990000459,4.649003185759386,4.776888447607743,5400,2019-06-20,0.0031372230842825477,0.2369638042410731,4.723585060664585,4.803242985407511,0.028365117859201417,2019,6,3,4.7956953048706055,4.889729022979736,8085.714285714285
2019-06-21,4.626434326171875,4.867159130975449,4.626434326171875,4.814500759278794,27400,2019-06-21,-0.038311387993126056,0.24072480480357417,4.728421006883893,4.812270164489746,0.020891461697156763,2019,6,4,4.810740470886231,4.592582702636719,7571.428571428572
2019-06-24,4.885966777801514,4.995045315456918,4.769365767915559,4.773126824676674,64400,2019-06-24,0.056097727392660834,0.22567954754135844,4.770870344979422,4.8221750100453695,0.029329144695894566,2019,6,0,4.626434326171875,4.5888214111328125,16171.42857142857
2019-06-25,5.024760246276856,5.1605442666093895,4.964954956936023,5.040181476537956,62000,2019-06-25,0.02840655182223606,0.19558930967336607,4.821970735277448,4.834825579325358,0.030128028709525755,2019,6,1,4.885966777801514,4.667057514190674,24742.85714285714
2019-06-26,4.927341938018799,5.036420482480792,4.8897284983939695,5.036420482480792,7800,2019-06-26,-0.019387653038817287,0.14669198408682238,4.845613411494663,4.842348225911459,0.03177314064538533,2019,6,2,5.024760246276856,4.761843204498291,25542.85714285714
2019-06-27,4.964954853057861,5.021375010610129,4.889728335029838,4.889728335029838,11800,2019-06-27,0.007633510219545725,0.1316466755802903,4.862270559583392,4.848617108662923,0.031309365757217114,2019,6,3,4.927341938018799,4.848354816436768,25685.714285714286
2019-06-28,4.908535003662109,5.077794757159079,4.891608992441579,5.077794757159079,20800,2019-06-28,-0.011363617810341897,0.18618576471750004,4.878390516553607,4.855136696497599,0.031349162261584906,2019,6,4,4.964954853057861,4.7956953048706055,28514.285714285714
2019-07-01,4.889729022979736,4.889729022979736,4.825786383982561,4.8445931058126215,3400,2019-07-01,-0.0038312817711073643,0.06394263899717512,4.889674595424107,4.855512873331706,0.031482026828716224,2019,7,0,4.908535003662109,4.810740470886231,28228.571428571428
2019-07-02,4.825785160064697,4.904773084751289,4.780649254344971,4.825785160064697,5400,2019-07-02,-0.013077179249510351,0.12412383040631791,4.918153285980225,4.857017405827841,0.02714236533851598,2019,7,1,4.889729022979736,4.626434326171875,25085.714285714286
2019-07-03,4.931103706359863,5.115409156658831,4.814502672377419,4.908535926296085,12000,2019-07-03,0.02182412660362898,0.30090648428141265,4.9246014186314175,4.85425910949707,0.01833631894920142,2019,7,2,4.825785160064697,4.885966777801514,17600.0
2019-07-05,4.818264007568359,4.953671761798304,4.818264007568359,4.953671761798304,9400,2019-07-05,-0.022883254036204836,0.135407754229945,4.895101955958775,4.845608075459798,0.01585227024473588,2019,7,4,4.931103706359863,5.024760246276856,10085.714285714286
2019-07-08,4.701662540435791,4.828795607446191,4.664049096628951,4.814502513147927,9400,2019-07-08,-0.02419989169323533,0.16474651081723923,4.862862042018345,4.836330159505208,0.01662188806731953,2019,7,0,4.818264007568359,4.927341938018799,10314.285714285714
2019-07-09,4.671572208404541,4.7016628217671785,4.630197704708015,4.7016628217671785,5000,2019-07-09,-0.006399934442862243,0.07146511705916314,4.8209502356393,4.829058265686035,0.015428592455446206,2019,7,1,4.701662540435791,4.964954853057861,9342.857142857143
2019-07-10,4.66404914855957,4.701662592785207,4.554970590755289,4.697901176620966,9200,2019-07-10,-0.0016103914291287769,0.14669200202991828,4.786023684910366,4.828932936986288,0.01557309097062614,2019,7,2,4.671572208404541,4.908535003662109,7685.714285714285
2019-07-11,4.694138526916504,4.694138526916504,4.694138526916504,4.694138526916504,600,2019-07-11,0.00645134247057122,0.0,4.758082185472761,4.827440897623698,0.01640315243032096,2019,7,3,4.66404914855957,4.889729022979736,7285.714285714285
2019-07-12,4.438369274139404,4.701662290675563,4.374426638289548,4.701662290675563,19000,2019-07-12,-0.0544869418127526,0.3272356523860154,4.702737058912005,4.81559271812439,0.024816706276382956,2019,7,4,4.694138526916504,4.825785160064697,9228.57142857143
2019-07-15,4.532402515411377,4.588822319359604,4.532402515411377,4.588822319359604,1400,2019-07-15,0.02118643931226427,0.0564198039482271,4.645779745919364,4.808696953455607,0.024674259912503837,2019,7,0,4.438369274139404,4.931103706359863,7714.285714285715
2019-07-16,4.60386848449707,4.60386848449707,4.530898580356118,4.530898580356118,3800,2019-07-16,0.015767789564737456,0.07296990414095195,4.6151518140520364,4.7916456381479895,0.026042865161953154,2019,7,1,4.532402515411377,4.818264007568359,6914.285714285715
2019-07-17,4.63771915435791,4.641480569874554,4.607628547641408,4.626435266516304,3000,2019-07-17,0.007352657873444413,0.03385202223314643,4.606017044612339,4.7801108678181965,0.02511925792923725,2019,7,2,4.60386848449707,4.701662540435791,6000.0
2019-07-18,4.60386848449707,4.60386848449707,4.513596637830484,4.600107067875521,1000,2019-07-18,-0.007298990890604373,0.09027184666658616,4.596345084054129,4.764187924067179,0.02514971140871626,2019,7,3,4.63771915435791,4.671572208404541,5428.571428571428
2019-07-19,4.544062614440918,4.553465795374106,4.544062614440918,4.553465795374106,600,2019-07-19,-0.012990351539697742,0.00940318093318826,4.579204150608608,4.754170274734497,0.025500364567651177,2019,7,4,4.60386848449707,4.66404914855957,4200.0
2019-07-22,4.551208972930908,4.551208972930908,4.551208972930908,4.551208972930908,1800,2019-07-22,0.0015726804615938672,0.0,4.55878564289638,4.74301168123881,0.025250696430986895,2019,7,0,4.544062614440918,4.694138526916504,4371.428571428572
2019-07-23,4.556850433349609,4.582427412733487,4.542181415286915,4.566629898294179,2400,2019-07-23,0.001239552051389925,0.04024599744657209,4.575711522783552,4.731915728251139,0.012074425066685046,2019,7,1,4.551208972930908,4.438369274139404,2000.0
2019-07-24,4.547447204589844,4.547447204589844,4.547447204589844,4.547447204589844,200,2019-07-24,-0.0020635368435504287,0.0,4.577860764094761,4.72050633430481,0.009408741978625727,2019,7,2,4.556850433349609,4.532402515411377,1828.5714285714287
2019-07-25,4.536163330078125,4.547447217630459,4.472220702767704,4.532401914657908,6200,2019-07-25,-0.002481364599533964,0.07522651486275489,4.568188599177769,4.718625688552857,0.006579891435717271,2019,7,3,4.547447204589844,4.60386848449707,2171.4285714285716
2019-07-26,4.551208972930908,4.588822053817038,4.498550229240313,4.536163668834787,13000,2019-07-26,0.0033168212337106873,0.09027182457672556,4.555830001831055,4.717371940612793,0.005736833094224594,2019,7,4,4.536163330078125,4.63771915435791,3600.0
2019-07-29,4.539925575256348,4.622674942621751,4.537668940638464,4.622674942621751,4400,2019-07-29,-0.0024792088743168517,0.08500600198328723,4.546695300510952,4.713134209314982,0.00536623195275962,2019,7,0,4.551208972930908,4.60386848449707,4085.714285714286
2019-07-30,4.66404914855957,4.701662592785207,4.615152173257986,4.615152173257986,6400,2019-07-30,0.027340442314677027,0.0865104195272215,4.563836233956473,4.709874407450358,0.010639269920665018,2019,7,1,4.539925575256348,4.544062614440918,4914.285714285715
2019-07-31,4.769366264343262,5.070272359052068,4.671195319139281,4.694139381957701,77200,2019-07-31,0.022580618777616746,0.399077039912787,4.595001561301095,4.707241455713908,0.012680664239498216,2019,7,2,4.66404914855957,4.551208972930908,15685.714285714286
2019-08-01,5.017612934112549,5.247053873553183,4.795694466129692,4.803217296295755,34800,2019-08-01,0.05205024231945221,0.45135940742349057,4.660824775695801,4.714638710021973,0.020875714084942314,2019,8,3,4.769366264343262,4.556850433349609,20314.285714285714
2019-08-02,5.126691818237305,5.247054239625373,5.058987776852361,5.134214290219903,8200,2019-08-02,0.021739198610394306,0.18806646277301198,4.743574006216867,4.725170421600342,0.019722645633110165,2019,8,4,5.017612934112549,4.547447204589844,21457.14285714286
2019-08-05,5.077417850494385,5.205679378513401,5.077417850494385,5.1831112467462646,13600,2019-08-05,-0.009611259948888784,0.12826152801901625,4.820896080562046,4.740203205744425,0.021061486211568312,2019,8,0,5.126691818237305,4.536163330078125,22514.285714285714
2019-08-06,5.074033260345459,5.228247707921626,5.072152552605711,5.19063462925162,10400,2019-08-06,-0.0006665967325490962,0.15609515531591445,4.895585264478411,4.74647208849589,0.02152326384813289,2019,8,1,5.077417850494385,4.551208972930908,22142.85714285714
2019-08-07,5.333565711975098,5.453928149452196,5.171828417583979,5.228248220474279,51800,2019-08-07,0.05114914276536853,0.28209973186821724,5.008962426866804,4.756765604019165,0.023376145569505544,2019,8,2,5.074033260345459,4.539925575256348,28914.285714285714
2019-08-08,5.277145385742188,5.6984142624778125,5.232009473096408,5.42007595514133,40600,2019-08-08,-0.010578350259420777,0.4664047893814045,5.096547603607178,4.768425718943278,0.026522729752333198,2019,8,3,5.333565711975098,4.66404914855957,33800.0
2019-08-09,5.269621849060059,5.3899842584811495,5.269621849060059,5.322280223827648,5400,2019-08-09,-0.001425683041148873,0.12036240942109089,5.168012687138149,4.778581285476685,0.027384073140858944,2019,8,4,5.277145385742188,4.769366264343262,23542.85714285714
2019-08-12,5.201918601989746,5.280906534808372,5.141737388167618,5.280906534808372,2400,2019-08-12,-0.012847837854321309,0.13916914664075364,5.194342068263462,4.788360738754273,0.02329869797442807,2019,8,0,5.269621849060059,5.017612934112549,18914.285714285714
2019-08-13,5.442644119262695,5.442644119262695,5.442644119262695,5.442644119262695,600,2019-08-13,0.04627629451581017,0.0,5.23947811126709,4.806791241963705,0.02761388021111414,2019,8,1,5.201918601989746,5.126691818237305,17828.571428571428
2019-08-14,5.260219097137451,5.341087737558927,5.224486725697338,5.341087737558927,4600,2019-08-14,-0.0335177200874851,0.11660101186158833,5.265592575073242,4.821272373199463,0.031490950181691534,2019,8,2,5.442644119262695,5.077417850494385,16542.85714285714
2019-08-15,5.27037525177002,5.273384456169138,5.186873685809302,5.186873685809302,10400,2019-08-15,0.0019307474546252923,0.08651077035983601,5.293641430991037,4.832581424713135,0.03142162406700077,2019,8,3,5.260219097137451,5.074033260345459,16542.85714285714
2019-08-16,5.265861988067627,5.4012697386257775,5.25833915590465,5.269623404149115,9000,2019-08-16,-0.0008563457983143952,0.14293058272112713,5.283969470432827,4.847501357396443,0.024259190567415028,2019,8,4,5.27037525177002,5.333565711975098,10428.57142857143
2019-08-19,5.307236671447754,5.431360536740616,5.284668891599084,5.371179312199639,12600,2019-08-19,0.00785715301196288,0.14669164514153188,5.2882682255336215,4.867687161763509,0.024119046622690495,2019,8,0,5.265861988067627,5.277145385742188,6428.571428571428
2019-08-20,5.416313648223877,5.604380099324821,5.299712649417932,5.397507290080413,42000,2019-08-20,0.020552499074130814,0.3046674499068889,5.309224196842739,4.8925118764241535,0.025150098987473224,2019,8,1,5.307236671447754,5.269621849060059,11657.142857142857
2019-08-21,5.378701686859131,5.600620202498574,5.322281524622392,5.600620202498574,24800,2019-08-21,-0.006944199285261132,0.2783386778761816,5.334478923252651,4.916333627700806,0.024575594504550564,2019,8,2,5.416313648223877,5.201918601989746,14857.142857142857
2019-08-22,5.333565711975098,5.491541590517968,5.273384493236549,5.491541590517968,69400,2019-08-22,-0.00839161149135792,0.21815709728141908,5.318896293640137,4.937647867202759,0.016718667855023978,2019,8,3,5.378701686859131,5.442644119262695,24685.714285714286
2019-08-23,5.337326049804688,5.45016599908623,5.337326049804688,5.337326049804688,14600,2019-08-23,0.0007050326240751748,0.11283994928154151,5.329911572592599,4.967613093058268,0.009799848552939886,2019,8,4,5.333565711975098,5.260219097137451,26114.285714285714
2019-08-26,5.382462978363037,5.442644196391434,5.314758928726913,5.442644196391434,4400,2019-08-26,0.008456843021610094,0.12788526766452168,5.34592410496303,4.995948441823324,0.010084913852761317,2019,8,0,5.337326049804688,5.27037525177002,25257.14285714286
2019-08-27,5.28053092956543,5.363656573663713,5.277522083711975,5.363656573663713,6800,2019-08-27,-0.018937807692754105,0.08613448995173734,5.348019668034145,5.018503856658936,0.013114134869409988,2019,8,1,5.382462978363037,5.265861988067627,24942.85714285714
2019-08-28,5.374939441680908,5.374939441680908,5.307235400926071,5.314758231546968,2200,2019-08-28,0.01787860224184845,0.06770404075483683,5.357691492353167,5.043077866236369,0.01452585564171682,2019,8,2,5.28053092956543,5.307236671447754,23457.14285714286
2019-08-29,5.416313648223877,5.5133560776056125,5.326041837785413,5.5133560776056125,16800,2019-08-29,0.0076976135251172195,0.1873142398201999,5.357691492353167,5.070159371693929,0.012437602428645876,2019,8,3,5.374939441680908,5.416313648223877,19857.14285714286
2019-08-30,5.333565711975098,5.3824630418772585,5.31852040729046,5.3824630418772585,3400,2019-08-30,-0.015277537754098458,0.06394263458679816,5.351243495941162,5.096476141611735,0.013567916952910772,2019,8,4,5.416313648223877,5.378701686859131,16800.0
2019-09-03,5.329803943634033,5.453927788750304,5.190634794828164,5.190634794828164,2400,2019-09-03,-0.0007053008332902344,0.26329299392214,5.350706100463867,5.122429307301839,0.01318742674798888,2019,9,1,5.333565711975098,5.333565711975098,7228.571428571428
2019-09-04,5.326042175292969,5.326042175292969,5.265860964520352,5.303474400607393,4400,2019-09-04,-0.0007057986336547195,0.06018121077261718,5.349094118390765,5.148069032033285,0.013185171531937155,2019,9,2,5.329803943634033,5.337326049804688,5771.428571428572
2019-09-05,5.247054100036621,5.359894046440179,5.247054100036621,5.337325913676147,6400,2019-09-05,-0.014830538823512596,0.11283994640355832,5.329749992915562,5.171389261881511,0.013561254778993325,2019,9,3,5.326042175292969,5.382462978363037,6057.142857142857
2019-09-06,5.258338451385498,5.258338451385498,5.2019186525558965,5.2019186525558965,1000,2019-09-06,0.0021506070137142785,0.056419798829601575,5.326579638889858,5.1954617659250895,0.011802625851243248,2019,9,4,5.247054100036621,5.28053092956543,5228.571428571428
2019-09-09,5.247054100036621,5.42947879364667,5.243292684791232,5.416313840287808,8400,2019-09-09,-0.0021459918286361734,0.18618610885543774,5.308310304369245,5.21865660349528,0.008580909092615937,2019,9,0,5.258338451385498,5.374939441680908,6114.285714285715
2019-09-10,5.228248119354248,5.341088081660758,5.228248119354248,5.341088081660758,2000,2019-09-10,-0.003584102683873991,0.11283996230651017,5.281443800245013,5.2416006882985435,0.007076154794204342,2019,9,1,5.247054100036621,5.416313648223877,4000.0
2019-09-11,5.28466796875,5.337326351673548,5.28466796875,5.337326351673548,4400,2019-09-11,0.010791348862517314,0.052658382923548075,5.274458408355713,5.262287982304891,0.007613822431072733,2019,9,2,5.228248119354248,5.333565711975098,4142.857142857143
2019-09-12,5.17935037612915,5.453927230011832,5.17935037612915,5.453927230011832,64200,2019-09-12,-0.019928894917074724,0.2745768538826816,5.252965041569301,5.27595411936442,0.010344862983098162,2019,9,3,5.28466796875,5.329803943634033,12971.42857142857
2019-09-13,4.716707229614258,5.077794879864034,4.607628687284031,5.077794879864034,60400,2019-09-13,-0.08932455094120406,0.47016619258000336,5.165917192186628,5.265923929214478,0.03362343304700168,2019,9,4,5.17935037612915,5.326042175292969,20971.428571428572
2019-09-16,4.60762882232666,5.081556444427406,4.60762882232666,4.823905205510528,9800,2019-09-16,-0.023125965207833832,0.4739276221007458,5.074570723942348,5.24862182935079,0.03369284080368443,2019,9,0,4.716707229614258,5.247054100036621,21457.14285714286
2019-09-17,4.570015907287598,4.630197489929669,4.570015907287598,4.618913241410812,4000,2019-09-17,-0.008163182515224743,0.06018158264207152,4.976238931928362,5.231708431243897,0.03288671941611284,2019,9,1,4.60762882232666,5.258338451385498,21885.714285714286
2019-09-18,4.325529098510742,4.570015382334532,4.257072838601744,4.570015382334532,14400,2019-09-18,-0.053498021393532436,0.3129425437327882,4.8445925031389505,5.2067582925160725,0.03411292237167247,2019,9,2,4.570015907287598,5.247054100036621,22742.85714285714
2019-09-19,4.2871623039245605,4.445890347039234,4.267227451488612,4.400754446309342,12000,2019-09-19,-0.008869850072073526,0.1786628955506222,4.710151672363281,5.171878178914388,0.033570392952340405,2019,9,3,4.325529098510742,5.228248119354248,24171.428571428572
2019-09-20,4.528639793395996,4.528639793395996,4.16002974866654,4.400754558707568,17400,2019-09-20,0.05632571672184694,0.368610044729456,4.60214764731271,5.146927992502849,0.0447608439440695,2019,9,4,4.2871623039245605,5.28466796875,26028.571428571428
2019-09-23,4.570015907287598,4.649003853377653,4.425957183205733,4.425957183205733,19800,2019-09-23,0.009136543372678885,0.2230466701719207,4.51509986604963,5.123607794443767,0.046195470180998656,2019,9,0,4.528639793395996,5.17935037612915,19685.714285714286
2019-09-24,4.513595581054688,4.585060686589713,4.344335818506806,4.524879469568987,9400,2019-09-24,-0.012345761454120585,0.24072486808290705,4.486083916255406,5.100663693745931,0.033456066764357334,2019,9,1,4.570015907287598,4.716707229614258,12400.0
2019-09-25,4.457176208496094,4.482753192319234,4.457176208496094,4.474102222249774,4400,2019-09-25,-0.012499873226438085,0.02557698382314033,4.464590685708182,5.0678147633870445,0.0327725457318539,2019,9,2,4.513595581054688,4.60762882232666,11628.57142857143
2019-09-26,4.543686389923096,4.5485763023435375,4.463194026543906,4.5485763023435375,5200,2019-09-26,0.019409190343899763,0.0853822757996312,4.460829326084682,5.043930339813232,0.03386584573764721,2019,9,3,4.457176208496094,4.570015907287598,11800.0
2019-09-27,4.513595581054688,4.60762882232666,4.476734711177414,4.487266388285207,13800,2019-09-27,-0.006622554086290422,0.13089411114924587,4.487695966448102,5.018704350789388,0.025101987826600343,2019,9,4,4.543686389923096,4.325529098510742,11714.285714285714
2019-09-30,4.532402515411377,4.570015598474074,4.475982352754785,4.547447820378128,5600,2019-09-30,0.004166730053447587,0.09403324571928895,4.52273028237479,4.994255701700847,0.02425280734574735,2019,9,0,4.513595581054688,4.2871623039245605,10800.0
2019-10-01,4.690377235412598,4.71670642290728,4.494787960571308,4.71670642290728,14000,2019-10-01,0.03485452129727329,0.2219184623359718,4.545835631234305,4.973693720499674,0.01760092244714787,2019,10,1,4.532402515411377,4.528639793395996,10314.285714285714
2019-10-02,4.641480445861816,4.806978778380735,4.532401909751814,4.57753781862061,16400,2019-10-02,-0.010424916184056165,0.2745768686289214,4.556044851030622,4.947865947087606,0.01839858983848014,2019,10,2,4.690377235412598,4.570015907287598,9828.57142857143
2019-10-03,4.570015907287598,4.848354606043464,4.570015907287598,4.848354606043464,3000,2019-10-03,-0.01539692764146705,0.27833869875586625,4.564104897635324,4.920909754435221,0.0188360597263255,2019,10,3,4.641480445861816,4.513595581054688,8914.285714285714
2019-10-04,4.848354816436768,5.137977058862807,4.562493631638502,4.562493631638502,33800,2019-10-04,0.06090545739793063,0.575483427224305,4.619987555912563,4.904736057917277,0.027777097161676718,2019,10,4,4.570015907287598,4.457176208496094,13114.285714285714
2019-10-07,4.897251129150391,5.062749467560429,4.719340047683562,5.002568253593142,38400,2019-10-07,0.010085134971528076,0.3434094198768669,4.670496804373605,4.890066893895467,0.0276087445575946,2019,10,0,4.848354816436768,4.543686389923096,17857.14285714286
2019-10-08,4.923581123352051,4.923581123352051,4.769366647739811,4.912297233570479,3000,2019-10-08,0.005376484380172686,0.1542144756122399,4.729066167558942,4.874770832061768,0.026683367688097558,2019,10,1,4.897251129150391,4.513595581054688,16314.285714285714
2019-10-09,4.983762264251709,5.047704903131232,4.814502485509365,5.043943487030464,26400,2019-10-09,0.012223042414031715,0.23320241762186722,4.79354613167899,4.864878543217977,0.026421636713270188,2019,10,2,4.923581123352051,4.532402515411377,19285.714285714286
2019-10-10,4.987523555755615,5.168067219581591,4.897251723842627,5.010091334379675,34200,2019-10-10,0.0007547092546700274,0.27081549573896346,4.835995606013706,4.851964680353801,0.025031164198358182,2019,10,3,4.983762264251709,4.690377235412598,22171.428571428572
2019-10-11,4.852114677429199,5.002568065395663,4.837069374503384,4.9687160441355,9000,2019-10-11,-0.027149521563693435,0.16549869089227887,4.866086210523333,4.833158047993978,0.02784287990873137,2019,10,4,4.987523555755615,4.641480445861816,21114.285714285714
2019-10-14,4.712947368621826,4.893491432656121,4.671196573991247,4.81074205502755,9000,2019-10-14,-0.028681784759693296,0.22229485866487408,4.886504990713937,4.812470769882202,0.029970413305264045,2019,10,0,4.852114677429199,4.570015907287598,21971.428571428572
2019-10-15,4.682854175567627,4.88220449690232,4.592582372552852,4.592582372552852,8400,2019-10-15,-0.006385217296198897,0.2896221243494681,4.862862042018345,4.790905777613322,0.01692195828606974,2019,10,1,4.712947368621826,4.848354816436768,18342.85714285714
2019-10-16,4.254063129425049,4.637718489406496,4.254063129425049,4.553088445957799,33800,2019-10-16,-0.09156617525691002,0.3836553599814474,4.770978042057583,4.755173142751058,0.035458030608380306,2019,10,2,4.682854175567627,4.897251129150391,17685.714285714286
2019-10-17,4.254063129425049,4.399626230223565,4.195762273401158,4.272869486895181,17400,2019-10-17,0.0,0.2038639568224072,4.675332614353725,4.722073443730673,0.034886861543141655,2019,10,3,4.254063129425049,4.923581123352051,19742.85714285714
2019-10-18,4.220211982727051,4.404517050141634,4.086684593149467,4.400755634388272,11000,2019-10-18,-0.007957368207315074,0.3178324569921669,4.566254002707345,4.687469228108724,0.0325229138539673,2019,10,4,4.254063129425049,4.983762264251709,17542.85714285714
2019-10-21,4.193882465362549,4.220212017142454,4.149498763494302,4.149498763494302,41600,2019-10-21,-0.006238908725975434,0.07071325364815184,4.452876704079764,4.652363506952922,0.031770346598939674,2019,10,0,4.220211982727051,4.987523555755615,18600.0
2019-10-22,4.062235355377197,4.219082704401135,4.062235355377197,4.137461862962125,27400,2019-10-22,-0.03139027168086628,0.1568473490239377,4.340036800929478,4.613496414820353,0.03188072171909644,2019,10,1,4.193882465362549,4.852114677429199,21228.571428571428
2019-10-23,4.062235355377197,4.062235355377197,4.062235355377197,4.062235355377197,3200,2019-10-23,0.0,0.0,4.247077941894531,4.57274866104126,0.033089329862938,2019,10,2,4.062235355377197,4.712947368621826,20400.0
2019-10-24,3.998292922973633,4.058474131882147,3.987009035980362,4.058474131882147,4200,2019-10-24,-0.015740701069652085,0.07146509590178551,4.149283477238247,4.533380079269409,0.03260940902373151,2019,10,3,4.062235355377197,4.682854175567627,19800.0
2019-10-25,4.137462615966797,4.137462615966797,4.009577350443578,4.009577350443578,6600,2019-10-25,0.03480727792441485,0.12788526552321855,4.132626261029925,4.5140719254811605,0.020192558090566037,2019,10,4,3.998292922973633,4.254063129425049,15914.285714285714
2019-10-28,4.0321455001831055,4.129939798827226,4.0321455001831055,4.129939798827226,600,2019-10-28,-0.02545451779485919,0.09779429864412048,4.10092374256679,4.494889148076376,0.021636908262653687,2019,10,0,4.137462615966797,4.254063129425049,13514.285714285714
2019-10-29,4.013338565826416,4.164543812236115,3.900498610191692,4.164543812236115,9000,2019-10-29,-0.004664249927448183,0.26404520204442283,4.07137039729527,4.476333236694336,0.02165919130226217,2019,10,1,4.0321455001831055,4.220211982727051,13228.57142857143
2019-10-30,4.077280521392822,4.137461725460746,4.017099317324899,4.08856440747849,5200,2019-10-30,0.015932360182834282,0.12036240813584698,4.054712976728167,4.468058284123739,0.023337363800458744,2019,10,2,4.013338565826416,4.193882465362549,8028.571428571428
2019-10-31,4.167553424835205,4.167553424835205,4.062236289985738,4.099849373077793,8000,2019-10-31,0.022140469111393113,0.10531713484946703,4.069758415222168,4.464071321487427,0.02148155144529831,2019,10,3,4.077280521392822,4.062235355377197,5257.142857142857
2019-11-01,4.167553424835205,4.167553424835205,4.017100375050252,4.114894678056289,4400,2019-11-01,0.0,0.15045304978495277,4.084803853716169,4.452035109202067,0.02148155144529831,2019,11,4,4.167553424835205,4.062235355377197,5428.571428571428
2019-11-04,4.129939556121826,4.1675529940341365,4.069758342428794,4.1675529940341365,2600,2019-11-04,-0.009025407686253262,0.09779465160534251,4.103610515594482,4.437365897496542,0.020591847789920983,2019,11,0,4.167553424835205,3.998292922973633,5200.0
2019-11-05,4.046814918518066,4.11489490031993,3.9757257320746167,4.09608853711227,17800,2019-11-05,-0.020127325466675172,0.13916916824531356,4.090660844530378,4.421806542078654,0.017493321217219582,2019,11,1,4.129939556121826,4.137462615966797,6800.0
2019-11-06,3.765091180801392,4.0020549990380205,3.704909961955586,4.0020549990380205,29400,2019-11-06,-0.06961616564857409,0.29714503708243445,4.052510227475848,4.398737041155497,0.03024481171053789,2019,11,2,4.046814918518066,4.0321455001831055,10914.285714285714
2019-11-07,3.926828622817993,4.190122027261229,3.911783316167672,4.190122027261229,17400,2019-11-07,0.04295711159435345,0.27833871109355757,4.04015166418893,4.378175115585327,0.036233912975549856,2019,11,3,3.765091180801392,4.013338565826416,12114.285714285714
2019-11-08,3.904260873794556,4.306723098979157,3.904260873794556,4.306723098979157,3800,2019-11-08,-0.005747067466173705,0.40246222518460106,4.015434571674892,4.357863958676656,0.035307099370958855,2019,11,4,3.926828622817993,4.077280521392822,11914.285714285714
2019-11-11,3.994533061981201,4.08480491046804,3.856492369304456,4.08480491046804,12200,2019-11-11,0.023121453997234864,0.22831254116358357,3.9907173769814626,4.33993497689565,0.035437408724499145,2019,11,0,3.904260873794556,4.167553424835205,12514.285714285714
2019-11-12,3.9117820262908936,4.0133380817246245,3.910653888727707,3.94074449210623,6600,2019-11-12,-0.020716072293382126,0.10268419299691756,3.954178605760847,4.31398180325826,0.035765907990357934,2019,11,1,3.994533061981201,4.167553424835205,12828.57142857143
2019-11-13,3.896736860275269,4.0979682705993605,3.808345754611858,4.0979682705993605,9600,2019-11-13,-0.0038461156359190785,0.28962251598750255,3.9208639349256247,4.289157017072042,0.03580558310856741,2019,11,2,3.9117820262908936,4.129939556121826,13828.57142857143
2019-11-14,3.885453462600708,3.996412714911386,3.83843684242528,3.908021598116585,22800,2019-11-14,-0.0028956016480322644,0.157975872486106,3.897812298366002,4.2663382689158125,0.035399691226329764,2019,11,3,3.896736860275269,4.046814918518066,14542.857142857143
2019-11-15,3.838436603546143,3.9569186798913454,3.8064652894682025,3.9569186798913454,17200,2019-11-15,-0.01210073920769461,0.15045339042314287,3.9082902159009665,4.232674328486125,0.02217378080694358,2019,11,4,3.885453462600708,3.765091180801392,12800.0
2019-11-18,3.81210732460022,3.975724947971413,3.81210732460022,3.975724947971413,1400,2019-11-18,-0.006859375747302554,0.1636176233711928,3.8919014590127134,4.196502868334452,0.013496532916907606,2019,11,0,3.838436603546143,3.926828622817993,10514.285714285714
2019-11-19,3.821511030197144,3.9042603864691374,3.783897947315956,3.825272446097771,3800,2019-11-19,0.0024667998028911065,0.12036243915318146,3.880080052784511,4.159767198562622,0.013690120385008555,2019,11,1,3.81210732460022,3.904260873794556,10514.285714285714
2019-11-20,3.8478405475616455,3.9080221309058913,3.795182155359472,3.8252727676773977,19400,2019-11-20,0.006889818492331612,0.11283997554641934,3.8591239792960033,4.12190314133962,0.009157388115363863,2019,11,2,3.821511030197144,3.994533061981201,11542.857142857143
2019-11-21,3.791420221328736,3.874169573255721,3.791420221328736,3.8553628534484505,46800,2019-11-21,-0.014662854537634828,0.08274935192698507,3.8419294357299805,4.082033030192057,0.007614162850056568,2019,11,3,3.8478405475616455,3.9117820262908936,17285.714285714286
2019-11-22,3.8546106815338135,3.9042602214569166,3.817749452940643,3.847840061457169,3000,2019-11-22,0.016666699156584697,0.08651076851627382,3.8359114101954868,4.048782896995545,0.011048835034573923,2019,11,4,3.791420221328736,3.896736860275269,16342.857142857143
2019-11-25,3.742522954940796,3.8440790283473634,3.723716234823837,3.83655619681724,31000,2019-11-25,-0.02907887095576045,0.12036279352352652,3.8154927662440707,4.01643541653951,0.015238136390068466,2019,11,0,3.8546106815338135,3.885453462600708,17514.285714285714
2019-11-26,3.625921726226807,3.735000266147833,3.5807858157810366,3.7331195583740513,17400,2019-11-26,-0.031155781839642294,0.15421445036679637,3.785133498055594,3.9812043348948163,0.018101105798361564,2019,11,1,3.742522954940796,3.838436603546143,17542.85714285714
2019-11-27,3.53564977645874,3.697387068434253,3.49051386307895,3.640967266386604,30800,2019-11-27,-0.024896276473680423,0.20687320535530285,3.7456395626068115,3.9572572231292726,0.019170205531422874,2019,11,2,3.625921726226807,3.81210732460022,21742.85714285714
2019-11-29,3.558217287063598,3.558217287063598,3.4905132495402915,3.531888098563775,7800,2019-11-29,0.006382846727387648,0.06770403752330667,3.708026170730591,3.934062361717224,0.019663778626557608,2019,11,4,3.53564977645874,3.821511030197144,22314.285714285714
2019-12-02,3.460423707962036,3.582666867568585,3.380307621592884,3.57326368556362,14400,2019-12-02,-0.02748386936826608,0.2023592459757011,3.652680907930647,3.9087360858917237,0.019030859572819095,2019,12,0,3.558217287063598,3.8478405475616455,21600.0
2019-12-03,3.422809839248657,3.561978981635876,3.422809839248657,3.561978981635876,51200,2019-12-03,-0.010869729226173686,0.13916914238721922,3.6000222819192067,3.8830336650212605,0.01909229874122685,2019,12,1,3.460423707962036,3.791420221328736,22228.571428571428
2019-12-04,3.3701512813568115,3.445377800396584,3.3701512813568115,3.388958000793839,18600,2019-12-04,-0.015384599310198421,0.07522651903977229,3.5308137961796353,3.859964195887248,0.013413379014165455,2019,12,2,3.422809839248657,3.8546106815338135,24457.14285714286
2019-12-05,3.528127431869507,3.6108767887621553,3.358867660863736,3.6108767887621553,19800,2019-12-05,0.046875091746354736,0.25200912789841956,3.500185864312308,3.8421605984369913,0.02733180291493888,2019,12,3,3.3701512813568115,3.742522954940796,22857.14285714286
2019-12-06,3.4416162967681885,3.516843172592808,3.4344697507390163,3.4453777123010854,4200,2019-12-06,-0.024520411116635166,0.08237342185379193,3.4738565172467912,3.82360471089681,0.02650037074625032,2019,12,4,3.528127431869507,3.625921726226807,20971.428571428572
2019-12-09,3.4378550052642822,3.499916922487212,3.321253642662379,3.452524022649564,8600,2019-12-09,-0.001092885196829818,0.17866327982483332,3.459885835647583,3.8002844572067263,0.02534229744357217,2019,12,0,3.4416162967681885,3.53564977645874,17800.0
2019-12-10,3.3983609676361084,3.430332281057767,3.3983609676361084,3.430332281057767,6200,2019-12-10,-0.011487988169279317,0.03197131342165882,3.437049218586513,3.7791583061218263,0.025052508501882117,2019,12,1,3.4378550052642822,3.558217287063598,17571.428571428572
2019-12-11,3.422809839248657,3.422809839248657,3.351344380987888,3.351344380987888,1400,2019-12-11,0.007194312742343945,0.07146545826076878,3.431675808770316,3.759474015235901,0.023544174819037315,2019,12,2,3.3983609676361084,3.460423707962036,15714.285714285714
2019-12-12,3.419048547744751,3.452900570389088,3.3663898059970787,3.449515081157989,5200,2019-12-12,-0.0010988899998988222,0.08651076439200933,3.431138481412615,3.737532949447632,0.023170782954599282,2019,12,3,3.422809839248657,3.422809839248657,9142.857142857143
2019-12-13,3.3889591693878174,3.4303336794495256,3.3889591693878174,3.404004478383753,5600,2019-12-13,-0.008800512170785368,0.041374510061708225,3.4338253225599016,3.7115798075993855,0.022564609668909594,2019,12,4,3.419048547744751,3.3701512813568115,7285.714285714285
2019-12-16,3.3099703788757324,3.4303328207121098,3.276118352432158,3.4303328207121098,26800,2019-12-16,-0.02330768432549557,0.15421446827995178,3.4026600292750766,3.682993706067403,0.011825303258860947,2019,12,0,3.3889591693878174,3.528127431869507,8285.714285714286
2019-12-17,3.1595165729522705,3.3099699651503904,3.0880514717217005,3.3099699651503904,60800,2019-12-17,-0.04545472880472279,0.22191849342868997,3.3623600687299455,3.650646273295085,0.017624803273525492,2019,12,1,3.3099703788757324,3.4416162967681885,16371.42857142857
2019-12-18,3.076767683029175,3.200891529334956,3.065483436122585,3.200891529334956,15000,2019-12-18,-0.026190364257458132,0.13540809321237068,3.3107761655535017,3.618311365445455,0.017587273744696343,2019,12,2,3.1595165729522705,3.4378550052642822,17285.714285714286
2019-12-19,3.020347595214844,3.264834236613521,2.903746398100671,3.133187555959745,62000,2019-12-19,-0.018337454636413564,0.36108783851284976,3.2567742552076067,3.5934865792592365,0.01751124398000909,2019,12,3,3.076767683029175,3.3983609676361084,25257.14285714286
2019-12-20,3.0993356704711914,3.1425908771001816,3.024485431252336,3.1219038071127825,23800,2019-12-20,0.026151981772392308,0.11810544584784566,3.2105636596679688,3.5659034808476764,0.022542456596640052,2019,12,4,3.020347595214844,3.422809839248657,28457.14285714286
2019-12-23,3.084290027618408,3.2817600357902363,3.027870230259785,3.2027721042631696,32600,2019-12-23,-0.004854473491248457,0.25388980553045126,3.162741013935634,3.5385711193084717,0.02223058635801144,2019,12,0,3.0993356704711914,3.419048547744751,32371.428571428572
2019-12-24,3.009063482284546,3.174561815978535,2.948882270032186,3.174561815978535,26200,2019-12-24,-0.024390230704714244,0.22567954594634898,3.1084702014923096,3.5057221333185833,0.022356783048681664,2019,12,1,3.084290027618408,3.3889591693878174,35314.28571428572
2019-12-26,3.0880517959594727,3.103097100888172,3.046677297082641,3.084290380050207,13000,2019-12-26,0.026250132022790362,0.05641980380553102,3.076767546789987,3.4782644589742024,0.027208552318880558,2019,12,3,3.009063482284546,3.3099703788757324,33342.857142857145
2019-12-27,3.065484046936035,3.088052186537694,2.9564056620837755,2.9902575127778546,27400,2019-12-27,-0.0073080862999014284,0.13164652445391845,3.0633343287876675,3.4505560318628947,0.02217189161398363,2019,12,4,3.0880517959594727,3.1595165729522705,28571.428571428572
2019-12-30,3.084290027618408,3.0918128585773306,2.9571571616917067,3.039154117989845,21400,2019-12-30,0.006134750791206844,0.13465569688562384,3.0644089494432722,3.423850584030151,0.020070088412160098,2019,12,0,3.065484046936035,3.076767683029175,29485.714285714286
2019-12-31,3.1106200218200684,3.1331878005054588,3.063227112647349,3.063227112647349,34800,2019-12-31,0.008536808784481043,0.0699606878581096,3.0773050103868758,3.399590031305949,0.01835887771906854,2019,12,1,3.084290027618408,3.020347595214844,25600.0
2020-01-02,3.0812811851501465,3.151994074431732,3.0812811851501465,3.151994074431732,5400,2020-01-02,-0.00943182917364338,0.07071288928158559,3.074725798198155,3.3752291599909463,0.016107641068858983,2020,1,3,3.1106200218200684,3.0993356704711914,22971.428571428572
2020-01-03,3.0993356704711914,3.321254186161994,3.070373557263815,3.321254186161994,29200,2020-01-03,0.005859408549942158,0.25088062889817886,3.0768751757485524,3.351156648000081,0.016158606348555975,2020,1,4,3.0812811851501465,3.084290027618408,22485.714285714286
2020-01-06,3.121903896331787,3.2874022545024704,3.0794008999247886,3.1933690067738527,87200,2020-01-06,0.0072816333111684894,0.20800135457768176,3.0929952348981584,3.326958759625753,0.01176368082039796,2020,1,0,3.0993356704711914,3.009063482284546,31200.0
2020-01-07,3.095573902130127,3.366389717453425,3.095573902130127,3.287401786263643,69400,2020-01-07,-0.008433954111334963,0.270815815323298,3.0940698214939664,3.3037638823191324,0.00827014239880955,2020,1,1,3.121903896331787,3.0880517959594727,39257.142857142855
2020-01-08,3.148232936859131,3.193368850515262,3.125665159385243,3.148232936859131,9000,2020-01-08,0.017011073356306694,0.06770369113001928,3.10589109148298,3.2802179574966432,0.009517671725653704,2020,1,2,3.095573902130127,3.065484046936035,36628.57142857143
2020-01-09,3.167039632797241,3.2422661549771994,3.159516801225069,3.1719291863524712,21000,2020-01-09,0.005973730761127616,0.08274935375213044,3.1177124636513844,3.261035180091858,0.009511425197841298,2020,1,3,3.148232936859131,3.084290027618408,36571.42857142857
2020-01-10,3.283640623092652,3.3024473431463064,3.2121755173387805,3.2121755173387805,15600,2020-01-10,0.03681702909174667,0.09027182580752591,3.142429692404611,3.249625809987386,0.015783147100229843,2020,1,4,3.167039632797241,3.1106200218200684,33828.57142857143
2020-01-13,3.2347428798675537,3.366389171355908,3.2347428798675537,3.366389171355908,13800,2020-01-13,-0.014891319982222817,0.13164629148835427,3.1643527916499545,3.239595580101013,0.01687746351533486,2020,1,0,3.283640623092652,3.0812811851501465,35028.57142857143
2020-01-14,3.2422661781311035,3.345702960737025,3.1971302645008004,3.1971302645008004,9200,2020-01-14,0.002325779371947334,0.14857269623622438,3.1847714356013705,3.22906387646993,0.01697291853831216,2020,1,1,3.2347428798675537,3.0993356704711914,32171.428571428572
2020-01-15,3.2309818267822266,3.2535496010119016,3.208413693844248,3.2535496010119016,10000,2020-01-15,-0.0034803901743136745,0.04513590716765359,3.2003539970942905,3.221415813763936,0.01738163194736668,2020,1,2,3.2422661781311035,3.121903896331787,21142.85714285714
2020-01-16,3.262953519821167,3.262953519821167,3.2046530111007345,3.212175483818688,19600,2020-01-16,0.009895349077460258,0.058300508720432465,3.2242653710501537,3.21608726978302,0.01636326833785042,2020,1,3,3.2309818267822266,3.095573902130127,14028.57142857143
2020-01-17,3.227220058441162,3.351343879249802,3.2008908718175912,3.283639846551175,9600,2020-01-17,-0.010951262763302605,0.15045300743221057,3.2355492455618724,3.2113228956858317,0.01709788786670658,2020,1,4,3.262953519821167,3.148232936859131,14114.285714285714
2020-01-21,3.136948823928833,3.309969993265935,3.095573970336449,3.309969993265935,8600,2020-01-21,-0.027971824938375134,0.21439602292948612,3.2312505585806712,3.1982836087544757,0.02075772793646552,2020,1,1,3.227220058441162,3.167039632797241,12342.857142857143
2020-01-22,3.1143810749053955,3.117766205832776,3.095574353554157,3.1143810749053955,13800,2020-01-22,-0.0071941718816990186,0.022191852278619084,3.207070623125349,3.187375768025716,0.012254425365035702,2020,1,2,3.136948823928833,3.283640623092652,12085.714285714286
2020-01-23,3.148232936859131,3.166663372161423,3.1407104639372867,3.166663372161423,4800,2020-01-23,0.010869531100899055,0.025952908224136095,3.194712059838431,3.177721699078878,0.013461809557165125,2020,1,3,3.1143810749053955,3.2347428798675537,10800.0
2020-01-24,3.091813087463379,3.1501135968777025,3.084290255947544,3.1501135968777025,10400,2020-01-24,-0.01792111655246187,0.06582334093015874,3.1732187611716136,3.1675034364064536,0.014090057401511527,2020,1,4,3.148232936859131,3.2422661781311035,10971.42857142857
2020-01-27,3.076767683029175,3.2023959521058325,3.076767683029175,3.103096875061208,7800,2020-01-27,-0.004866207629177111,0.1256282690766577,3.151188169206892,3.155968697865804,0.01404729339440648,2020,1,0,3.091813087463379,3.2309818267822266,10657.142857142857
2020-01-28,2.952644109725952,3.1392060134593627,2.8097135220533294,3.1188948681074278,22600,2020-01-28,-0.04034219872623568,0.3294924914060333,3.106858253479004,3.1404218832651773,0.016643376986031733,2020,1,1,3.076767683029175,3.262953519821167,11085.714285714286
2020-01-29,3.039154291152954,3.039154291152954,2.911269027231293,3.0090636830194275,10000,2020-01-29,0.02929922408936414,0.127885263921661,3.079991715294974,3.128761720657349,0.02345362565298824,2020,1,2,2.952644109725952,3.227220058441162,11142.857142857143
2020-01-30,2.982734203338623,3.0429155967830592,2.922552989248352,2.9977795068611908,7000,2020-01-30,-0.018564403912815886,0.12036260753470707,3.0579610552106584,3.117853848139445,0.022383929398073685,2020,1,3,3.039154291152954,3.136948823928833,10914.285714285714
2020-01-31,2.994018316268921,3.0199715818209336,2.933837101261841,2.971826466331935,8200,2020-01-31,0.003783143974970038,0.08613448055909245,3.0407663754054477,3.1123372395833333,0.02274637525708872,2020,1,4,2.982734203338623,3.1143810749053955,10114.285714285714
2020-02-03,3.039154291152954,3.57326312358557,2.952643703091979,3.57326312358557,9000,2020-02-03,0.015075383687124688,0.6206194204935911,3.025183711733137,3.111083459854126,0.023296396456533766,2020,2,0,2.994018316268921,3.148232936859131,10714.285714285714
2020-02-04,3.095573902130127,3.3720318406485243,3.054199408157697,3.054199408157697,8800,2020-02-04,0.018564247014839497,0.31783243249082727,3.0257209709712436,3.1135910034179686,0.023941674642458517,2020,2,1,3.039154291152954,3.091813087463379,10485.714285714286
2020-02-05,3.306208372116089,3.306208372116089,3.125664741622252,3.185845951786864,3000,2020-02-05,0.06804375429093135,0.18054363049383682,3.0584982122693742,3.1204867601394652,0.03470026540882934,2020,2,2,3.095573902130127,3.076767683029175,9800.0
2020-02-06,3.2953007221221924,3.340060707662736,3.189607309346842,3.2460274682309302,4200,2020-02-06,-0.0032991417255758826,0.15045339831589422,3.1074491568974087,3.127520449956258,0.027716247274471036,2020,2,3,3.306208372116089,2.952644109725952,7171.428571428572
2020-02-07,3.325015068054199,3.385196277822153,3.234743253402268,3.3663895600925917,29200,2020-02-07,0.009017187940550286,0.15045302441988495,3.1482864107404436,3.1380521694819135,0.027164605639866186,2020,2,4,3.2953007221221924,3.039154291152954,9914.285714285714
2020-02-10,3.2723567485809326,3.396480599275812,3.2723567485809326,3.3927195422156267,8200,2020-02-10,-0.015837016794056913,0.12412385069487941,3.1896610600607738,3.1441956679026286,0.026647174814684326,2020,2,0,3.325015068054199,2.982734203338623,10085.714285714286
2020-02-11,3.249788999557495,3.2527978452317257,3.204653086068852,3.2193221055016106,3400,2020-02-11,-0.006896481880596883,0.04814475916287364,3.2261997291019986,3.1503391663233438,0.027593246221025616,2020,2,1,3.2723567485809326,2.994018316268921,9400.0
2020-02-12,3.3362996578216557,3.360748503631419,3.1971304912476457,3.360748503631419,5400,2020-02-12,0.026620392362685763,0.16361801238377316,3.268649067197527,3.1587394873301187,0.028140649877257663,2020,2,2,3.249788999557495,3.039154291152954,8885.714285714286
2020-02-13,3.2723567485809326,3.3062087730810545,3.212175531117761,3.3062087730810545,10200,2020-02-13,-0.01916581716238064,0.09403324196329343,3.2939037595476424,3.164130711555481,0.030572008471677344,2020,2,3,3.3362996578216557,3.095573902130127,9085.714285714286
2020-02-14,3.279879331588745,3.3438219599752697,3.2309820064279715,3.289282511589218,5000,2020-02-14,0.0022988272935322573,0.11283995354729814,3.290142468043736,3.170750649770101,0.015622052317999286,2020,2,4,3.2723567485809326,3.306208372116089,9371.42857142857
2020-02-18,3.4416162967681885,3.4566616001914467,3.291163262535606,3.291163262535606,31600,2020-02-18,0.04931186450115521,0.16549833765584054,3.311044692993164,3.182160003980001,0.024490851950630374,2020,2,1,3.279879331588745,3.2953007221221924,13285.714285714286
2020-02-19,3.3964805603027344,3.522861402491912,3.2309822141780318,3.4228101116720158,25800,2020-02-19,-0.01311469163713519,0.29187918831388027,3.3212540490286693,3.191312559445699,0.02551562090271979,2020,2,2,3.4416162967681885,3.325015068054199,12800.0
2020-02-20,3.347583055496216,3.347583055496216,3.292291753823494,3.325015279750545,4000,2020-02-20,-0.014396521322106448,0.05529130167272189,3.332000664302281,3.199712864557902,0.025340607391140375,2020,2,3,3.3964805603027344,3.2723567485809326,12200.0
2020-02-21,3.361500740051269,3.508568666259037,3.3581156090377577,3.358867820517607,9400,2020-02-21,0.004157532262628383,0.15045305722127944,3.34795948437282,3.2068217913309733,0.024924119050161585,2020,2,4,3.347583055496216,3.249788999557495,13057.142857142857
2020-02-24,3.4416162967681885,3.5695015552200475,3.381435083075156,3.4529005433668787,12600,2020-02-24,0.023833270587260813,0.1880664721448917,3.3630047185080394,3.2159743467966715,0.024542405163666382,2020,2,0,3.361500740051269,3.3362996578216557,14085.714285714286
2020-02-25,3.449139356613159,3.519476325168753,3.385196723145956,3.4453779408307703,39600,2020-02-25,0.002185908944014159,0.13427960202279676,3.388259376798357,3.221490971247355,0.022306367017008995,2020,2,1,3.4416162967681885,3.2723567485809326,18285.714285714286
2020-02-26,3.422809839248657,3.4566615019577225,3.4115255929706505,3.4348459381618826,5800,2020-02-26,-0.007633648467702536,0.04513590898707198,3.408678020749773,3.227759869893392,0.02301581448743703,2020,2,2,3.449139356613159,3.279879331588745,18400.0
2020-02-27,3.558217287063598,3.558217287063598,3.313731042886775,3.41904815559436,31800,2020-02-27,0.039560318619589196,0.2444862441768234,3.425335305077689,3.2382915735244753,0.020090167452831174,2020,2,3,3.422809839248657,3.4416162967681885,18428.571428571428
2020-02-28,3.4641847610473637,3.573263310927337,3.230982356431846,3.573263310927337,46400,2020-02-28,-0.026426864474551115,0.34228095449549123,3.435007333755493,3.2460650046666464,0.022562237156626672,2020,2,4,3.558217287063598,3.3964805603027344,21371.428571428572
2020-03-02,3.3930954933166504,3.516843418562301,3.3930954933166504,3.516843418562301,3600,2020-03-02,-0.020521211377080295,0.12374792524565059,3.441509110586984,3.250403070449829,0.023452316301600048,2020,3,0,3.4641847610473637,3.347583055496216,21314.285714285714
2020-03-03,3.377673625946045,3.456661557622492,3.355105850443245,3.4115256479085687,22000,2020-03-03,-0.004545073193778837,0.101555707179247,3.443819522857666,3.2554181893666585,0.023559510335416815,2020,3,1,3.3930954933166504,3.361500740051269,23114.285714285714
2020-03-04,3.3701512813568115,3.382563665966082,3.302447234866848,3.381435169535693,7400,2020-03-04,-0.0022270785819712424,0.08011643109923394,3.433610234941755,3.2631916046142577,0.02128482874285548,2020,3,2,3.377673625946045,3.4416162967681885,22371.428571428572
2020-03-05,3.321253776550293,3.3851964039889726,3.2874017551170724,3.2874017551170724,4400,2020-03-05,-0.014508994025583477,0.09779464887190015,3.4153408663613454,3.2700873613357544,0.021566375314826792,2020,3,3,3.3701512813568115,3.449139356613159,17342.85714285714
2020-03-06,3.3851969242095947,3.415287534839232,3.2874022603090856,3.2874022603090856,10600,2020-03-06,0.01925271357183611,0.12788527453014664,3.4099675927843367,3.277986160914103,0.02337608169914105,2020,3,4,3.321253776550293,3.422809839248657,18028.571428571428
2020-03-09,3.490514039993286,3.6785805346286113,3.21593713000573,3.21593713000573,55200,2020-03-09,0.031111075113682496,0.46264340462288134,3.4002957003457204,3.2912761926651,0.021010304978627953,2020,3,0,3.3851969242095947,3.558217287063598,21371.428571428572
2020-03-10,3.4077649116516118,3.5770246786758304,3.396480664130534,3.5770246786758304,20200,2020-03-10,-0.02370686019123802,0.18054401454529634,3.392235721860613,3.302309433619181,0.020514469055645017,2020,3,1,3.490514039993286,3.4641847610473637,17628.571428571428
2020-03-11,3.4660661220550537,3.539411952206938,3.404004182993822,3.404004182993822,10600,2020-03-11,0.017108342833187296,0.13540776921311615,3.4026600973946706,3.3194235006968182,0.019820804103401368,2020,3,2,3.4077649116516118,3.3930954933166504,18628.571428571428
2020-03-12,3.257312059402466,3.385197350018743,3.054200232749678,3.385197350018743,30000,2020-03-12,-0.060227951603189944,0.3309971172690651,3.385465587888445,3.326695426305135,0.03130149757498799,2020,3,3,3.4660661220550537,3.377673625946045,19771.428571428572
2020-03-13,3.3400607109069824,3.3964805111375305,2.9131497173819185,3.3284005375521115,45200,2020-03-13,0.025403968055702997,0.48333079375561194,3.381166934967041,3.3386063098907472,0.033346980785827623,2020,3,4,3.257312059402466,3.3701512813568115,25171.428571428572
2020-03-16,3.4867520332336426,3.486752033233643,3.1783228220990707,3.2460268565178283,36000,2020-03-16,0.04391875927513511,0.30842921113457233,3.4048095430646623,3.3550307671229045,0.03650509673967692,2020,3,0,3.3400607109069824,3.321253776550293,29685.714285714286
2020-03-17,3.3099703788757324,3.4604234311712045,3.234743852727996,3.4604234311712045,34600,2020-03-17,-0.05070095397462526,0.2256795784432084,3.3940628937312534,3.3640579700469972,0.04193860554896358,2020,3,1,3.4867520332336426,3.3851969242095947,33114.28571428572
2020-03-18,3.3024473190307617,3.584547041650559,3.234743629523686,3.426571168286805,20800,2020-03-18,-0.002272848087397694,0.34980341212687316,3.3671962193080356,3.3709537506103517,0.03930244026006202,2020,3,2,3.3099703788757324,3.490514039993286,28200.0
2020-03-19,3.390838861465454,3.663535050116157,3.2385047499959017,3.4585425522991238,29600,2020-03-19,0.02676546630292176,0.42503030012025533,3.3647782121385847,3.373774766921997,0.04038659701961022,2020,3,3,3.3024473190307617,3.4077649116516118,29542.85714285714
2020-03-20,3.0316321849823,3.4555340280515203,2.922553448279956,3.4228104967179136,209600,2020-03-20,-0.10593445786094124,0.5329805797715643,3.302716221128191,3.3649858156840007,0.05560710949003694,2020,3,4,3.390838861465454,3.4660661220550537,57971.42857142857
2020-03-23,3.5544564723968506,3.5544564723968506,3.065483542731363,3.2272208336005286,123400,2020-03-23,0.17245637185290774,0.48897292966548767,3.345165422984532,3.372633862495422,0.08671073693103969,2020,3,0,3.0316321849823,3.257312059402466,71314.28571428571
2020-03-24,3.7237164974212646,4.359381458209955,3.629683248913573,3.648489970356786,110000,2020-03-24,0.047619101918634055,0.7296982092963824,3.3999733924865723,3.387679187456767,0.08752937168308862,2020,3,1,3.5544564723968506,3.3400607109069824,80571.42857142857
2020-03-25,3.7237164974212646,3.934351131910181,3.4468825908572827,3.648489970356786,113200,2020-03-25,0.0,0.4874685410528983,3.4338254587990895,3.403476770718892,0.08700425031083282,2020,3,2,3.7237164974212646,3.4867520332336426,91600.0
2020-03-26,4.513595581054688,4.848354049117916,3.761329650878906,3.761329650878906,90800,2020-03-26,0.21212116555608573,1.0870243982390098,3.605771916253226,3.4427199681599934,0.10906593721770062,2020,3,3,3.7237164974212646,3.3099703788757324,99628.57142857143
2020-03-27,4.60762882232666,4.773127169133659,4.272870354263432,4.272870354263432,59800,2020-03-27,0.020833333333333037,0.5002568148702267,3.792226416724069,3.487229037284851,0.10755561503281597,2020,3,4,4.513595581054688,3.3024473190307617,105200.0
2020-03-30,4.498549938201904,4.71670701283593,4.412039176214854,4.671571103467682,36600,2020-03-30,-0.02367353976001818,0.30466783662107577,3.9504708562578474,3.527851390838623,0.1112636740654336,2020,3,0,4.60762882232666,3.390838861465454,106200.0
2020-03-31,4.618911266326904,4.791932390505201,4.276630432534852,4.562491482691732,38200,2020-03-31,0.026755583416532946,0.5153019579703484,4.177225010735648,3.5670945564905803,0.09036477435740185,2020,3,1,4.498549938201904,3.0316321849823,81714.28571428571
2020-04-01,4.562492370605469,4.916809369508352,4.526759642704798,4.596344390857861,38600,2020-04-01,-0.012214760680237413,0.39004972680355365,4.321230139051165,3.6059616168340045,0.08020469378500042,2020,4,2,4.618911266326904,3.5544564723968506,69600.0
2020-04-02,4.570015907287598,4.882206275474868,4.34809773370924,4.716707909657241,82800,2020-04-02,0.0016489970987350056,0.5341085417656277,4.442130054746356,3.646709378560384,0.08123545518256386,2020,4,3,4.562492370605469,3.7237164974212646,65714.28571428571
2020-04-03,4.825785160064697,4.96495429237759,4.626434820125503,4.645241537185796,82800,2020-04-03,0.05596681892709299,0.338519472252087,4.599568435123989,3.6955188592274983,0.08028554841074222,2020,4,4,4.570015907287598,3.7237164974212646,61371.42857142857
2020-04-06,5.096601963043213,5.359142766498899,4.893490167701302,4.893490167701302,88800,2020-04-06,0.05611870275942521,0.4656525987975977,4.682855061122349,3.7506850481033327,0.03134785545948037,2020,4,0,4.825785160064697,4.513595581054688,61085.71428571428
2020-04-07,5.013852596282959,5.4953027103963,4.893490157431715,5.299713747263027,43000,2020-04-07,-0.01623618390454873,0.601812552964585,4.740887028830392,3.802842156092326,0.03380810331407897,2020,4,1,5.096601963043213,4.60762882232666,58685.71428571428
2020-04-08,5.025136470794678,5.2320096810065095,5.00256869292916,5.01385258186192,53600,2020-04-08,0.0022505397386600734,0.22944098807734914,4.816113676343646,3.8562530438105265,0.03041938459946576,2020,4,2,5.013852596282959,4.498549938201904,61114.28571428572
2020-04-09,4.998807430267334,5.262100451921518,4.716707687343199,5.262100451921518,59800,2020-04-09,-0.005239467759803995,0.5453927645783194,4.870384556906564,3.904272715250651,0.03098966720123792,2020,4,3,5.025136470794678,4.618911266326904,64200.0
2020-04-13,5.043942451477051,5.277144821220991,4.7994561944558445,4.7994561944558445,60400,2020-04-13,0.009029157822009415,0.4776886267651461,4.939163139888218,3.956931304931641,0.02924182811250802,2020,4,0,4.998807430267334,4.562492370605469,67314.28571428571
2020-04-14,4.927341938018799,5.310997372133679,4.769366065527865,5.021375178372529,79800,2020-04-14,-0.023116939691511962,0.5416313066058143,4.990209715706961,4.008072853088379,0.032422204661048296,2020,4,1,5.043942451477051,4.570015907287598,66885.71428571429
2020-04-15,5.107885837554932,5.186873777670044,4.848354239295771,4.848354239295771,58800,2020-04-15,0.036641236148657885,0.33851953837427295,5.030509812491281,4.065746593475342,0.0285747208483298,2020,4,2,4.927341938018799,4.825785160064697,63457.142857142855
2020-04-16,5.153021812438965,5.277145668543727,4.9047741002294405,5.277145668543727,223600,2020-04-16,0.008836527737597022,0.3723715683142865,5.038569790976388,4.12517561117808,0.019628096525641937,2020,4,3,5.107885837554932,5.096601963043213,82714.28571428571
2020-04-17,5.010090351104736,5.374939381866984,5.010090351104736,5.277144737133465,54000,2020-04-17,-0.027737406620170657,0.3648490307622474,5.038032327379499,4.181470163663229,0.021750098696734183,2020,4,4,5.153021812438965,5.013852596282959,84285.71428571429
2020-04-20,5.164303779602051,5.205678622044658,4.709183382399229,4.8370682481349965,24000,2020-04-20,0.030780568351089777,0.4964952396454292,5.0579133714948386,4.240773725509643,0.02469510470181072,2020,4,0,5.010090351104736,5.025136470794678,80057.14285714286
2020-04-21,5.149260520935059,5.168067242343522,4.995046051060731,4.995046051060731,7600,2020-04-21,-0.002912930630922572,0.1730211912827908,5.079406670161656,4.296065274874369,0.024562652215325595,2020,4,1,5.164303779602051,4.998807430267334,72600.0
2020-04-22,5.153021812438965,5.226367988288772,5.013852651312667,5.013852651312667,24800,2020-04-22,0.0007304527492082435,0.21251533697610547,5.094989436013358,4.3542405049006145,0.02450798879109301,2020,4,2,5.149260520935059,5.043942451477051,67514.28571428571
2020-04-23,5.243293285369873,5.341087940701797,5.100363076756557,5.250816116722333,32400,2020-04-23,0.017518162394150938,0.24072486394523995,5.1401253427777975,4.413481410344442,0.02187408075995109,2020,4,3,5.153021812438965,4.927341938018799,60742.857142857145
2020-04-24,5.322280406951904,5.341087123748103,5.232008596780094,5.292189803561301,32400,2020-04-24,0.015064410339666878,0.10907852696800902,5.170753138405936,4.48231368859609,0.0186295640515976,2020,4,4,5.243293285369873,5.107885837554932,56971.42857142857
2020-04-27,5.299713611602783,5.397508270020287,5.194396480303816,5.3222813889555285,41000,2020-04-27,-0.004240061331538425,0.2031117897164716,5.191709109715053,4.547635451952616,0.0189551842490042,2020,4,0,5.322280406951904,5.153021812438965,30885.714285714286
2020-04-28,5.457688808441162,5.641993854946073,5.322280726349139,5.444524213506284,62800,2020-04-28,0.029808251618072434,0.3197131285969341,5.255651746477399,4.613333344459534,0.014842184424875568,2020,4,1,5.299713611602783,5.010090351104736,32142.85714285714
2020-04-29,5.546080589294434,5.99932078860516,5.439259035498701,5.638233123728114,68600,2020-04-29,0.016195826467159558,0.5600617531064591,5.310191290719168,4.6878703514734905,0.012699768317703666,2020,4,2,5.457688808441162,5.164303779602051,38514.28571428572
2020-04-30,5.563006401062012,5.7172208555225135,5.418195127011701,5.472734577774157,43400,2020-04-30,0.0030518510315644676,0.2990257285108129,5.369297845023019,4.763222320874532,0.011835447456803483,2020,4,3,5.546080589294434,5.149260520935059,43628.57142857143
2020-05-01,5.623188018798828,6.270136849386311,5.382463139479478,5.52539335722116,41000,2020-05-01,0.010818182363645512,0.8876737099068333,5.436464445931571,4.837633959452311,0.01093347444303203,2020,5,4,5.563006401062012,5.153021812438965,45942.857142857145
2020-05-04,5.386222839355469,5.910928390098866,5.348609765794525,5.641993317886296,145400,2020-05-04,-0.04214071780121231,0.562318624304341,5.456882953643799,4.916120314598084,0.023026911135214205,2020,5,0,5.623188018798828,5.243293285369873,62085.71428571428
2020-05-05,5.171827793121338,5.60438051960816,4.987522743311009,5.393746279455875,135000,2020-05-05,-0.039804340189494636,0.6168577762971506,5.435389723096575,4.970032691955566,0.02755749035546295,2020,5,1,5.386222839355469,5.322280406951904,76742.85714285714
2020-05-06,5.288430213928223,5.489661314430446,5.100363711222087,5.20944226844331,39400,2020-05-06,0.022545688965508237,0.3892976032083588,5.433777809143066,5.022189815839131,0.029285050259773147,2020,5,2,5.171827793121338,5.299713611602783,76514.28571428571
2020-05-07,5.28466796875,5.698413994571917,5.224486754718327,5.611903589078469,57200,2020-05-07,-0.0007114105747890731,0.4739272398535901,5.409060546330044,5.07422153155009,0.026232088196315062,2020,5,3,5.288430213928223,5.457688808441162,75714.28571428571
2020-05-08,5.7435503005981445,6.603014031249046,5.7435503005981445,6.401782961025896,212200,2020-05-08,0.08683276500277182,0.8594637306509014,5.437270505087716,5.115220022201538,0.043397250884319935,2020,5,4,5.28466796875,5.546080589294434,96228.57142857143
2020-05-11,6.018126964569092,6.138489389073811,5.86391251849534,5.972991055379822,106400,2020-05-11,0.04780608675828124,0.27457687057847124,5.502287728445871,5.162236626942953,0.04613540731083718,2020,5,0,5.7435503005981445,5.563006401062012,105228.57142857143
2020-05-12,6.021888256072998,6.243054170677682,5.980513404469813,6.206193304479672,74800,2020-05-12,0.0006249937108422365,0.26254076620786826,5.559244905199323,5.213014570871989,0.04634638903301847,2020,5,1,6.018126964569092,5.623188018798828,110057.14285714286
2020-05-13,6.036932945251465,6.2513293075302725,5.9805131519850825,5.9805131519850825,52600,2020-05-13,0.002498334166744831,0.27081615554519,5.652203491755894,5.260281960169475,0.04056920291593295,2020,5,2,6.021888256072998,5.386222839355469,96800.0
2020-05-14,6.085829734802246,6.319031704149733,5.950421676847904,6.319031704149733,39000,2020-05-14,0.008099607862837477,0.3686100273018287,5.7827751977103095,5.311059872309367,0.032631724808823495,2020,5,3,6.036932945251465,5.171827793121338,83085.71428571429
2020-05-15,6.168580055236816,6.277658951891248,6.0030817199320845,6.0030817199320845,27000,2020-05-15,0.01359721254792201,0.2745772319591637,5.908510889325823,5.364345343907674,0.032870613423324556,2020,5,4,6.085829734802246,5.288430213928223,81314.28571428571
2020-05-18,6.0557403564453125,6.224999745612282,5.837583284302353,6.217477632199281,37400,2020-05-18,-0.01829265370329569,0.3874164613099289,6.018664087568011,5.405343850453694,0.03552052018317079,2020,5,0,6.168580055236816,5.28466796875,78485.71428571429
2020-05-19,6.040695190429688,6.146012678436047,6.021888829229159,6.106518889464922,30000,2020-05-19,-0.0024844470089625537,0.1241238492068879,6.061113357543945,5.43681362469991,0.020409508331126064,2020,5,1,6.0557403564453125,5.7435503005981445,52457.142857142855
2020-05-20,6.202432632446289,6.202432632446289,6.095234792642364,6.1873876865981,14800,2020-05-20,0.02677464048721445,0.10719783980392528,6.087442738669259,5.4764329592386884,0.014018555901426939,2020,5,2,6.040695190429688,6.018126964569092,39371.42857142857
2020-05-21,6.15353536605835,6.3190333495216064,6.097114848942077,6.221239412664535,34600,2020-05-21,-0.0078835626738043,0.22191850057952944,6.1062494686671664,5.514046255747477,0.014750454670913269,2020,5,3,6.202432632446289,6.021888256072998,33628.57142857143
2020-05-22,6.398021697998047,6.411938864227399,6.176103195512076,6.209955219105982,26600,2020-05-22,0.03973103547730217,0.2358356687153229,6.157833576202393,5.560686731338501,0.02017592292803341,2020,5,4,6.15353536605835,6.036932945251465,29914.285714285714
2020-05-26,6.3227949142456055,6.503339281924809,6.2385414977564455,6.484532203303697,48000,2020-05-26,-0.011757819417208326,0.26479778416836375,6.191685744694301,5.603315146764119,0.021589088337658224,2020,5,1,6.398021697998047,6.085829734802246,31200.0
2020-05-27,6.416828155517578,6.65379232424211,6.1930293005370265,6.386737547138541,66400,2020-05-27,0.014872100478873662,0.46076302370508326,6.227149759020124,5.652964687347412,0.021672333409104117,2020,5,2,6.3227949142456055,6.168580055236816,36828.57142857143
2020-05-28,6.349124908447266,6.525907882720311,6.349124908447266,6.525907882720311,36600,2020-05-28,-0.0105508898523482,0.17678297427304557,6.269061837877546,5.694339323043823,0.02039476642806789,2020,5,3,6.416828155517578,6.0557403564453125,36714.28571428572
2020-05-29,6.371692657470703,6.562015416362336,6.277659415785432,6.394260434598493,53800,2020-05-29,0.0035544660640416392,0.2843560005769046,6.316347190311977,5.734961684544881,0.020053686152866478,2020,5,4,6.349124908447266,6.040695190429688,40114.28571428572
2020-06-01,6.367931365966797,6.601133408143247,6.229890346384632,6.375454197628415,52800,2020-06-01,-0.0005903127639868,0.3712430617586149,6.3399898665291925,5.78022305170695,0.018336573046260605,2020,6,0,6.371692657470703,6.202432632446289,45542.857142857145
2020-06-02,6.379215240478516,6.492055569245287,6.209955823453488,6.413067267366872,57000,2020-06-02,0.001771984316920383,0.28209974579179864,6.372229848589216,5.820720100402832,0.017651865355055453,2020,6,1,6.367931365966797,6.15353536605835,48742.857142857145
2020-06-03,6.3829755783081055,6.544712853361625,6.277658816815865,6.53719002256457,31200,2020-06-03,0.0005894671503994253,0.2670540365457592,6.370080402919224,5.8618439356486,0.009005372888503616,2020,6,2,6.379215240478516,6.398021697998047,49400.0
2020-06-04,6.443157196044922,6.461964274223207,6.322794765370607,6.382975980707765,33000,2020-06-04,0.009428458091135017,0.13916950885259993,6.387275014604841,5.904848448435465,0.008019618693167427,2020,6,3,6.3829755783081055,6.3227949142456055,47257.142857142855
2020-06-05,6.469485759735107,6.576683572094054,6.416826669206544,6.443155855762562,37800,2020-06-05,0.00408628299591185,0.1598569028875101,6.39479752949306,5.945721530914307,0.006104212553094449,2020,6,4,6.443157196044922,6.416828155517578,43171.42857142857
2020-06-08,6.454440116882324,6.6932845800506895,6.398020328772311,6.477007888643024,84200,2020-06-08,-0.0023256319608003784,0.2952642512783781,6.409842559269497,5.983460187911987,0.003840788531167081,2020,6,0,6.469485759735107,6.349124908447266,49971.42857142857
2020-06-09,6.529666423797607,6.721494260985188,6.47700733761389,6.614295740054552,60000,2020-06-09,0.011654970152797706,0.24448692337129785,6.43241024017334,6.024458614985148,0.005230007500749328,2020,6,1,6.454440116882324,6.371692657470703,50857.142857142855
2020-06-10,6.612416744232178,6.693285379906491,6.461963718820647,6.4807700779658575,58800,2020-06-10,0.012672978229482545,0.2313216610858433,6.46733672278268,6.062949546178182,0.0058589450652044295,2020,6,2,6.529666423797607,6.367931365966797,51714.28571428572
2020-06-11,6.401782989501953,6.522145418871751,6.287062324816156,6.465725619781741,34600,2020-06-11,-0.03185427701814991,0.2350830940555948,6.470560686928885,6.091472959518432,0.015383455127242934,2020,6,3,6.612416744232178,6.379215240478516,48514.28571428572
2020-06-12,6.435635566711426,6.525907396513477,6.394260709020878,6.443157681132382,42600,2020-06-12,0.005287991996133945,0.13164668749259967,6.478083542415074,6.120560598373413,0.015484709851734783,2020,6,4,6.401782989501953,6.3829755783081055,50142.857142857145
2020-06-15,6.495816707611084,6.695166726969215,6.409306294779566,6.413066993235961,128400,2020-06-15,0.009351235052983409,0.28586043218964896,6.485606329781668,6.1496482213338215,0.015477961997975971,2020,6,0,6.435635566711426,6.443157196044922,63771.42857142857
2020-06-16,6.56351900100708,6.845618659203661,6.46948578160822,6.586086772786178,82600,2020-06-16,0.010422445158692728,0.3761328775954418,6.499039649963379,6.188891426722209,0.015851047023187376,2020,6,1,6.495816707611084,6.469485759735107,70171.42857142857
2020-06-17,6.680121421813965,6.713973445435631,6.586088182290824,6.680121421813965,88200,2020-06-17,0.017765229412605388,0.12788526314480642,6.5312798363821845,6.239167881011963,0.016697096704737614,2020,6,2,6.56351900100708,6.454440116882324,70742.85714285714
2020-06-18,6.695166110992432,6.864050296298891,6.63122348186582,6.800483593499987,95400,2020-06-18,0.0022521580415197917,0.2328268144330714,6.5549226488385886,6.28605907758077,0.01645294969377472,2020,6,3,6.680121421813965,6.529666423797607,75800.0
2020-06-19,6.819291591644287,6.917086266587037,6.574805262995827,6.864427871393567,81800,2020-06-19,0.01853956699417214,0.34228100359120983,6.58447619846889,6.337213198343913,0.017122026702257778,2020,6,4,6.695166110992432,6.612416744232178,79085.71428571429
2020-06-22,7.093867301940918,7.142764267264227,6.695165878894599,6.849380323074477,73000,2020-06-22,0.040264550445836544,0.4475983883696282,6.683345385960171,6.382223765055339,0.012701623783915428,2020,6,0,6.819291591644287,6.401782989501953,84571.42857142857
2020-06-23,7.263126850128174,7.374086095813261,7.076941447104313,7.165332199912788,111000,2020-06-23,0.023859982289342385,0.2971446487089473,6.801558426448277,6.423723761240641,0.0123072859710903,2020,6,1,7.093867301940918,6.435635566711426,94342.85714285714
2020-06-24,7.248082160949707,7.304501960295405,6.9772659762236815,7.259365690368844,80200,2020-06-24,-0.0020713791028172945,0.3272359840717236,6.909024919782366,6.464596891403199,0.014181363809123096,2020,6,2,7.263126850128174,6.495816707611084,87457.14285714286
2020-06-25,7.357158184051514,7.503850480183152,7.003593829332039,7.289454157747136,136200,2020-06-25,0.015048949595173333,0.5002566508511128,7.022401945931571,6.5086043993631995,0.013992157872191938,2020,6,3,7.248082160949707,6.56351900100708,95114.28571428571
2020-06-26,6.781677722930908,7.375967788197867,6.691405896013779,7.375967788197867,1054800,2020-06-26,-0.07822048224654243,0.6845618921840879,7.036909988948277,6.531799332300822,0.03836933317464733,2020,6,4,7.357158184051514,6.680121421813965,233200.0
2020-06-29,6.981028079986572,7.135242548194199,6.740303196426714,6.80800724928211,111400,2020-06-29,0.02939543357856711,0.3949393517674853,7.0777474130902975,6.558880933125814,0.03965356531529413,2020,6,0,6.781677722930908,6.695166110992432,235485.7142857143
2020-06-30,7.165332317352295,7.187900810598806,6.968991161057599,7.099509338924952,45400,2020-06-30,0.026400729986188143,0.21890964954120662,7.127181802477155,6.5958673318227135,0.04015331840054714,2020,6,1,6.981028079986572,6.819291591644287,230285.7142857143
2020-07-01,7.142765045166016,7.206707679039805,7.005852522966644,7.157810708391241,47800,2020-07-01,-0.0031495081018961812,0.2008551560731604,7.134167194366455,6.632602993647257,0.037575233532336154,2020,7,2,7.165332317352295,7.093867301940918,226685.7142857143
2020-07-02,7.165332317352295,7.360921620988768,7.02653945574455,7.225513531176339,59400,2020-07-02,0.0031594588431200776,0.33438216524421804,7.120196546827044,6.664699649810791,0.03632601249040172,2020,7,3,7.142765045166016,7.263126850128174,219314.2857142857
2020-07-06,7.582840442657471,7.601646803756397,7.270650113465142,7.270650113465142,49600,2020-07-06,0.058267796497602165,0.3309966902912551,7.168019158499582,6.712343152364095,0.04272175904580121,2020,7,0,7.165332317352295,7.248082160949707,214942.85714285713
2020-07-07,7.334592342376709,7.643021238910502,7.293217489333564,7.488806790643605,73400,2020-07-07,-0.03273814109080231,0.34980374957693794,7.164795466831753,6.743562173843384,0.045027715619258675,2020,7,1,7.582840442657471,7.357158184051514,205971.42857142858
2020-07-08,7.492567539215088,7.526419558252324,7.300739670476283,7.38348865178031,33800,2020-07-08,0.02153837452228302,0.22567988777604153,7.266351154872349,6.7825545946757,0.028867355473950286,2020,7,2,7.334592342376709,6.781677722930908,60114.28571428572
2020-07-09,7.210468292236328,7.673111623663734,7.169093440389175,7.515135764466982,47600,2020-07-09,-0.03765054442316207,0.5040181832745585,7.299128328050886,6.809009265899658,0.03386716095330894,2020,7,3,7.492567539215088,6.981028079986572,51000.0
2020-07-10,7.481285095214844,7.552750565659649,7.146526956811258,7.146526956811258,53400,2020-07-10,0.03755883695794204,0.40622360884839104,7.344264439174107,6.846747938791911,0.0352693628948344,2020,7,4,7.210468292236328,7.165332317352295,52142.857142857145
2020-07-13,7.624214649200439,8.075573733916942,7.398534748133875,7.398534748133875,75200,2020-07-13,0.019104946832866343,0.6770389857830672,7.413042954036167,6.888498671849569,0.035235251173228704,2020,7,0,7.481285095214844,7.142765045166016,56057.142857142855
2020-07-14,8.180892944335938,8.350153085323393,7.673113238790351,7.810025774568705,118600,2020-07-14,0.0730145097887398,0.6770398465330425,7.558123043605259,6.948930724461873,0.042212207879498774,2020,7,1,7.624214649200439,7.165332317352295,64514.28571428572
2020-07-15,8.071812629699707,8.241072741378712,7.921359595660956,8.241072741378712,58000,2020-07-15,-0.013333546274035046,0.3197131457177562,7.627976213182722,7.005350637435913,0.039972975695363025,2020,7,2,8.180892944335938,7.582840442657471,65714.28571428571
2020-07-16,7.887509346008301,8.105666473748512,7.840492717465869,8.105666473748512,36400,2020-07-16,-0.022832948700180933,0.2651737562826426,7.706964356558664,7.055501763025919,0.038365699297664084,2020,7,3,8.071812629699707,7.334592342376709,60428.57142857143
2020-07-17,8.177129745483398,8.237310956399718,7.84613308544365,7.84613308544365,47600,2020-07-17,0.03671886609195196,0.39117787095606715,7.804758957454136,7.113300848007202,0.03947005126641414,2020,7,4,7.887509346008301,7.492567539215088,62400.0
2020-07-20,8.805272102355957,8.820317764374643,8.04172197290736,8.04172197290736,106400,2020-07-20,0.07681697324412773,0.7785957914672821,8.032588073185511,7.191160392761231,0.03858093201833238,2020,7,0,8.177129745483398,7.210468292236328,70800.0
2020-07-21,9.030953407287598,9.079850381576565,8.782705684922904,8.805273464024214,133400,2020-07-21,0.025630247686639462,0.2971446966536604,8.253969260624476,7.2770441691080725,0.03843284000324764,2020,7,1,8.805272102355957,7.481285095214844,82228.57142857143
2020-07-22,8.921871185302734,9.1249832741622,8.74508899928603,9.012142985656997,64200,2020-07-22,-0.012078704989977984,0.37989427487617,8.439348765781947,7.3567843278249105,0.041317699329111425,2020,7,2,9.030953407287598,7.624214649200439,80657.14285714286
2020-07-23,8.869216918945312,9.245349953196456,8.820319940156068,8.993340791551518,50800,2020-07-23,-0.005901706633487436,0.4250300130403879,8.537680762154716,7.432011000315348,0.035947358827260786,2020,7,3,8.921871185302734,8.180892944335938,70971.42857142857
2020-07-24,8.692434310913086,8.805273929805384,8.54198052916762,8.703717842352235,57600,2020-07-24,-0.019932155188876477,0.26329340063776385,8.626341002328056,7.508366044362386,0.036803194725240296,2020,7,4,8.869216918945312,8.071812629699707,70914.28571428571
2020-07-27,9.320574760437012,9.42213011171306,8.790227358263943,8.805272303209158,91400,2020-07-27,0.07226289288551935,0.6319027534491166,8.831064632960729,7.6045306841532385,0.03959132642460932,2020,7,0,8.692434310913086,7.887509346008301,78771.42857142857
2020-07-28,9.1926908493042,9.305530463913932,9.106179712858848,9.29800763162881,42600,2020-07-28,-0.013720603548575183,0.19935075105508382,8.976144790649414,7.694426488876343,0.04159720166425966,2020,7,1,9.320574760437012,8.177129745483398,78057.14285714286
2020-07-29,9.16260051727295,9.444700279825277,9.117464239601189,9.444700279825277,28000,2020-07-29,-0.00327328880352018,0.32723604022408814,9.027191707066127,7.781062539418539,0.032639039706622595,2020,7,2,9.1926908493042,8.805272102355957,66857.14285714286
2020-07-30,9.140031814575195,9.320576203793022,9.004247775623758,9.027192199053736,32600,2020-07-30,-0.0024631328906251637,0.316328428169264,9.042774336678642,7.863059552510579,0.03155231359100374,2020,7,3,9.16260051727295,9.030953407287598,52457.142857142855
2020-07-31,9.061041831970217,9.249108286403107,8.955724359217822,9.249108286403107,25400,2020-07-31,-0.008642199962479058,0.2933839271852854,9.062655857631139,7.941922076543173,0.031320316269849845,2020,7,4,9.140031814575195,8.921871185302734,46914.28571428572
2020-08-03,9.102417945861816,9.164479511388514,8.797749730821591,9.106178644146244,29400,2020-08-03,0.004566374889211078,0.3667297805669225,9.095970290047783,8.018026288350423,0.03109479661206259,2020,8,0,9.061041831970217,8.869216918945312,43857.142857142855
2020-08-04,9.083611488342283,9.1249863464664,8.899306410888006,9.12122493050814,42000,2020-08-04,-0.002066094704878174,0.22567993557839472,9.15185274396624,8.084351094563802,0.029483598205402174,2020,8,1,9.102417945861816,8.692434310913086,41628.57142857143
2020-08-05,9.18892765045166,9.222779671750429,9.09865583279382,9.09865583279382,77000,2020-08-05,0.011594084824580797,0.12412383895660817,9.13304601396833,8.148544454574585,0.008278968442938508,2020,8,2,9.083611488342283,9.320574760437012,39571.42857142857
2020-08-06,9.72303867340088,10.116473632901,9.140032064174315,9.214506384632276,121600,2020-08-06,0.058125500957989074,0.9764415687266847,9.208809988839286,8.231043004989624,0.022918849718206843,2020,8,3,9.18892765045166,9.1926908493042,50857.142857142855
2020-08-07,9.54249382019043,9.967523763104753,9.354427334094114,9.926148906590216,87800,2020-08-07,-0.018568768393811275,0.6130964290106391,9.26308046068464,8.303887526194254,0.024849813101384243,2020,8,4,9.72303867340088,9.16260051727295,59400.0
2020-08-10,9.32809829711914,9.50111985359036,9.28672415414604,9.486074188933394,53200,2020-08-10,-0.022467452126367804,0.2143956994443208,9.28994710104806,8.38876821200053,0.027048728458047604,2020,8,0,9.54249382019043,9.140031814575195,62342.857142857145
2020-08-11,8.75261402130127,9.365710421326272,8.645039542932663,9.365710421326272,98200,2020-08-11,-0.06169363330954625,0.7206708783936087,9.245885985238212,8.44782107671102,0.03665339283671942,2020,8,1,9.32809829711914,9.061041831970217,72742.85714285714
2020-08-12,8.906827926635742,8.959486307436528,8.557024185792509,8.775181257217147,83600,2020-08-12,0.017619182676073875,0.4024621216440192,9.217944553920201,8.505870930353801,0.03750523253132064,2020,8,2,8.75261402130127,9.102417945861816,80485.71428571429
2020-08-13,8.861692428588867,9.01590688639421,8.745091410656784,8.925635061148402,33000,2020-08-13,-0.005067516563545316,0.27081547573742704,9.186241831098284,8.563168509801228,0.037516681751247755,2020,8,3,8.906827926635742,9.083611488342283,79200.0
2020-08-14,9.042237281799316,9.155076890058572,8.805273100071455,8.910590593885697,61000,2020-08-14,0.020373631184489094,0.34980378998711714,9.16528606414795,8.62573200861613,0.038222982232484076,2020,8,4,8.861692428588867,9.18892765045166,76914.28571428571
2020-08-17,8.406572341918945,9.29311791784813,8.286209901739207,9.04599798472799,82400,2020-08-17,-0.0702995199163674,1.0069080161089232,8.977219445364815,8.653189738591513,0.03546065430087277,2020,8,0,9.042237281799316,9.72303867340088,71314.28571428571
2020-08-18,8.432899475097656,8.538216943224542,7.938284520785815,8.462990077788687,72000,2020-08-18,0.0031317321861885627,0.5999324224387275,8.81870596749442,8.689799976348876,0.03654027188353698,2020,8,1,8.406572341918945,9.54249382019043,69057.14285714286
2020-08-19,8.447944641113281,8.45133012993987,8.27868526553193,8.361434245766151,55200,2020-08-19,0.0017841035648595849,0.1726448644079408,8.692969730922155,8.721645879745484,0.03707188060599246,2020,8,2,8.432899475097656,9.32809829711914,69342.85714285714
2020-08-20,8.33510684967041,8.391526653662677,8.049245696370635,8.308777655635135,52400,2020-08-20,-0.013356833672148793,0.3422809572920418,8.633325849260602,8.759133831659954,0.030508895932957355,2020,8,3,8.447944641113281,8.75261402130127,62800.0
2020-08-21,8.54573917388916,8.587114022192106,8.244833142822015,8.308775764100854,56200,2020-08-21,0.02527050078873061,0.3422808793700902,8.581741741725377,8.79461563428243,0.0316351913645651,2020,8,4,8.33510684967041,8.906827926635742,58885.71428571428
2020-08-24,8.741331100463867,8.854171434354823,8.620968651580275,8.75637676528271,39600,2020-08-24,0.022887654607143038,0.23320278277454776,8.564547266278948,8.831852849324545,0.03340673025003748,2020,8,0,8.54573917388916,8.861692428588867,59828.57142857143
2020-08-25,8.970771789550781,8.970771789550781,8.51377015773514,8.786466713939614,53400,2020-08-25,0.026247797555081664,0.4570016318156416,8.554337910243444,8.858182144165038,0.03411286178158134,2020,8,1,8.741331100463867,9.042237281799316,58742.857142857145
2020-08-26,8.865453720092773,9.0271910070898,8.760136950823403,8.967009791102537,28400,2020-08-26,-0.011740134731850316,0.2670540562663959,8.619892392839704,8.884636847178141,0.017129745357672702,2020,8,2,8.970771789550781,8.406572341918945,51028.57142857143
2020-08-27,8.888021469116211,8.950083751457116,8.801511061080417,8.806400973186069,24400,2020-08-27,0.0025455830841787375,0.1485726903766995,8.68490982055664,8.917987251281739,0.01715747317999318,2020,8,3,8.865453720092773,8.432899475097656,44228.57142857143
2020-08-28,9.087372779846191,9.087372779846191,8.933158314753262,8.954974240045695,18800,2020-08-28,0.02242921120551733,0.15421446509292913,8.776256697518486,8.948328685760497,0.017742970362903107,2020,8,4,8.888021469116211,8.447944641113281,39028.57142857143
2020-08-31,8.997099876403809,9.1061780550125,8.91058947312508,9.09489452605584,26200,2020-08-31,-0.009933883601934812,0.195588581887419,8.870827129908971,8.954722944895426,0.01700408160462188,2020,8,0,9.087372779846191,8.33510684967041,35285.71428571428
2020-09-01,9.102417945861816,9.158837746545183,9.049758843462875,9.06480450626734,27000,2020-09-01,0.011705779740671662,0.10907890308230783,8.950352668762207,8.957105096181234,0.015854214747498832,2020,9,1,8.997099876403809,8.54573917388916,31114.285714285714
2020-09-02,9.267913818359377,9.309288664218077,8.71499874990607,9.06480243874212,38400,2020-09-02,0.018181528631389554,0.5942899143120073,9.025578771318708,8.968639850616455,0.015264020196560356,2020,9,2,9.102417945861816,8.741331100463867,30942.85714285714
2020-09-03,9.015908241271973,9.173884138546352,8.71876352819445,9.173884138546352,37400,2020-09-03,-0.027191186930136446,0.45512061035190143,9.032026835850306,8.973529561360676,0.018017947927405863,2020,9,3,9.267913818359377,8.970771789550781,28657.14285714286
2020-09-04,9.25286865234375,9.271675008687838,8.898175061058831,9.038473033388502,48800,2020-09-04,0.02628247811873763,0.37349994762900707,9.087371826171875,8.992210706075033,0.019274929151427034,2020,9,4,9.015908241271973,8.865453720092773,31571.428571428572
2020-09-08,9.523686408996582,9.523686408996582,9.02719101780403,9.117462841892069,67800,2020-09-08,0.02926851842690259,0.4964953911925516,9.178181103297643,8.998981094360351,0.020980914488928862,2020,9,1,9.25286865234375,8.888021469116211,37771.42857142857
2020-09-09,9.651570320129396,9.723035773216845,9.501117301063642,9.670376678481391,45400,2020-09-09,0.01342798425324121,0.22191847215320237,9.258780751909528,9.014277076721191,0.020366611745161297,2020,9,2,9.523686408996582,9.087372779846191,41571.42857142857
2020-09-10,9.802023887634276,9.83587590849522,9.674138634918856,9.83587590849522,137800,2020-09-10,0.015588506586445616,0.1617372735763638,9.373769896371025,9.035591189066569,0.018662943816552462,2020,9,3,9.651570320129396,8.997099876403809,57514.28571428572
2020-09-11,12.4688081741333,12.4688081741333,11.09592229882047,11.287750194144316,783600,2020-09-11,0.2720646589999951,1.3728858753128304,9.854682786124092,9.146550401051838,0.09983050478590619,2020,9,4,9.802023887634276,9.102417945861816,165600.0
2020-09-14,12.720818519592283,13.137574545215356,12.355969033971627,12.788522577435987,252400,2020-09-14,0.020211261729230934,0.781605511243729,10.347954886300224,9.268542957305907,0.0997267284071673,2020,9,0,12.4688081741333,9.267913818359377,196171.42857142858
2020-09-15,12.149096488952637,12.820493884965362,11.848190354224766,12.709535330685622,158400,2020-09-15,-0.04494380843175261,0.9723035307405965,10.795553207397461,9.37009890874227,0.10221022727072845,2020,9,1,12.720818519592283,9.015908241271973,213457.14285714287
2020-09-16,12.461283683776855,13.035261435710652,12.100195000465044,12.100195000465044,132200,2020-09-16,0.02569633018456119,0.9350664352456075,11.253898211887904,9.482687981923421,0.1022306628040687,2020,9,2,12.149096488952637,9.25286865234375,225371.42857142858
2020-09-17,12.50266170501709,12.78099932493181,11.30279650197416,12.71705740286589,241600,2020-09-17,0.003320526383177036,1.47820282295765,11.679466111319405,9.59314578374227,0.10345780724179511,2020,9,3,12.461283683776855,9.523686408996582,250200.0
2020-09-18,13.45197868347168,13.45197868347168,12.57710745792196,12.884749363400791,208400,2020-09-18,0.07592919018784983,0.87487122554972,12.222381591796875,9.717443784077963,0.10311395099276091,2020,9,4,12.50266170501709,9.651570320129396,273485.71428571426
2020-09-21,13.29441738128662,13.585910453179666,12.967472469604454,13.420468033282992,136800,2020-09-21,-0.011712871830421134,0.6184379835752125,12.721294948032924,9.842507902781168,0.10523951672509282,2020,9,0,13.45197868347168,9.802023887634276,273342.85714285716
2020-09-22,12.108749389648438,13.310170982712044,11.888160800125926,13.306231055520188,182200,2020-09-22,-0.08918540449220003,1.4220101825861189,12.6698579788208,9.935196272532146,0.053064607018596624,2020,9,1,13.29441738128662,12.4688081741333,187428.57142857142
2020-09-23,11.963005065917969,13.05807129504472,11.963005065917969,12.195410459452296,114800,2020-09-23,-0.01203628211638963,1.0950662291267506,12.561598914010185,10.042209307352701,0.052109425643961926,2020,9,2,12.108749389648438,12.720818519592283,167771.42857142858
2020-09-24,12.368732452392578,12.601138634650104,11.911798441826877,11.911798441826877,100600,2020-09-24,0.03391517300536018,0.6893401928232272,12.59297548021589,10.15760612487793,0.051197136306293446,2020,9,3,11.963005065917969,12.149096488952637,159514.2857142857
2020-09-25,12.612953186035156,12.800059164544749,12.270252383405982,12.289948263626629,63000,2020-09-25,0.019745009004163316,0.5298067811387668,12.614642551967076,10.282648150126139,0.050819074431099794,2020,9,4,12.368732452392578,12.461283683776855,149628.57142857142
2020-09-28,13.593785285949709,13.767106033694803,13.037193136800084,13.144729717050277,272800,2020-09-28,0.07776387380875338,0.729912896894719,12.770517349243164,10.434366416931152,0.05818807244928656,2020,9,0,12.612953186035156,12.50266170501709,154085.7142857143
2020-09-29,13.19593906402588,13.806497138101628,13.006863102530032,13.806497138101628,356200,2020-09-29,-0.02926677254017207,0.7996340355715965,12.733940260750908,10.594011974334716,0.05269942347060061,2020,9,1,13.593785285949709,13.45197868347168,175200.0
2020-09-30,13.282598495483398,13.841947987168526,13.1289743816443,13.255025013647767,294000,2020-09-30,0.006567128799022992,0.7129736055242262,12.732251848493304,10.755668608347575,0.05256402837154716,2020,9,2,13.19593906402588,13.29441738128662,197657.14285714287
2020-10-01,13.156548500061035,13.589847380707912,12.83354355209326,13.589847380707912,140400,2020-10-01,-0.009489859643444398,0.7563038286146515,12.881937435695104,10.9126220703125,0.035673765630033404,2020,10,3,13.282598495483398,12.108749389648438,191685.7142857143
2020-10-02,13.463796615600586,13.564243733424178,12.946201018727708,13.018679458763955,82200,2020-10-02,0.023353246144923512,0.61804271469647,13.096336228506905,11.083578395843507,0.03409692815089079,2020,10,4,13.156548500061035,11.963005065917969,187028.57142857142
2020-10-05,13.845888137817385,14.051901870464624,13.451979530797168,13.4834914379849,255200,2020-10-05,0.028379181082850424,0.5999223396674562,13.307358469281878,11.260250027974447,0.03371513614559598,2020,10,0,13.463796615600586,12.368732452392578,209114.2857142857
2020-10-06,13.715899467468262,14.038904449551458,13.617422302134548,13.940427284217744,106400,2020-10-06,-0.009388250797295106,0.4214821474169099,13.464922223772321,11.426068973541259,0.03505139379434726,2020,10,1,13.845888137817385,12.612953186035156,215314.2857142857
2020-10-07,14.082234382629396,14.141321281795236,13.045073124892188,13.790741317462722,185600,2020-10-07,0.026708778088525564,1.096248156903048,13.534700666155134,11.596451059977214,0.022165469092105722,2020,10,2,13.715899467468262,13.593785285949709,202857.14285714287
2020-10-08,14.20040512084961,14.220100250864014,13.860068706168676,14.220100250864014,114200,2020-10-08,0.00839147645248528,0.3600315446953388,13.678195817129952,11.774282773335775,0.01613741393523689,2020,10,3,14.082234382629396,13.19593906402588,168285.7142857143
2020-10-09,14.574621200561523,14.751880407583313,14.184650945113583,14.27918968973933,126600,2020-10-09,0.026352493223061213,0.5672294624697294,13.862770489283971,11.963836097717286,0.01701289832266158,2020,10,4,14.20040512084961,13.282598495483398,144371.42857142858
2020-10-12,14.574621200561523,14.751880407583313,14.027088374260504,14.574621200561523,136200,2020-10-12,0.0,0.7247920333228084,14.065352303641182,12.146744378407796,0.015154792336321011,2020,10,0,14.574621200561523,13.156548500061035,143771.42857142858
2020-10-13,14.716424942016602,14.77157190336645,14.056628364194632,14.574617611321562,60600,2020-10-13,0.009729497563176093,0.7149435391718182,14.2442992074149,12.337388547261556,0.014746805695465113,2020,10,1,14.574621200561523,13.463796615600586,140685.7142857143
2020-10-14,14.649462699890137,14.791270059611184,14.58643737364104,14.645524274405576,83400,2020-10-14,-0.0045501704653337915,0.20483268597014437,14.359095573425293,12.5222900390625,0.014222129652746895,2020,10,2,14.716424942016602,13.845888137817385,116142.85714285714
2020-10-15,14.73218059539795,14.810961104484122,14.07238256198707,14.464322657107669,98200,2020-10-15,0.005646479819934491,0.7385785424970521,14.504278591700963,12.704432264963787,0.012104866311896214,2020,10,3,14.649462699890137,13.715899467468262,114971.42857142857
2020-10-16,14.263427734375,14.808991898461086,14.180707302411632,14.771570106678784,137400,2020-10-16,-0.03181829451434903,0.6282845960494541,14.530163356236049,12.879349581400554,0.01778346516214798,2020,10,4,14.73218059539795,14.082234382629396,108085.71428571429
2020-10-19,14.259495735168455,14.767638336429329,14.220103962216552,14.34615463037766,121400,2020-10-19,-0.0002756700058197392,0.547534374212777,14.538604872567314,13.046237150828043,0.017561751731045606,2020,10,0,14.263427734375,14.20040512084961,109114.28571428571
2020-10-20,13.369257926940918,14.610464364426022,13.176243545990715,14.428873068909713,184200,2020-10-20,-0.062431226514688576,1.434220818435307,14.36641011919294,13.174422868092854,0.026001889942648862,2020,10,1,14.259495735168455,14.574621200561523,117342.85714285714
2020-10-21,13.203818321228027,13.786802951428504,12.88711542540906,13.34956410311758,118000,2020-10-21,-0.012374628914855967,0.8996875260194432,14.170581136431013,13.292831134796142,0.02546866365506594,2020,10,2,13.369257926940918,14.574621200561523,114742.85714285714
2020-10-22,12.987168312072754,13.278659863529368,12.89656950539612,13.05807198732268,51200,2020-10-22,-0.016408133153949955,0.3820903581332491,13.923544475010463,13.399002615610758,0.023278794191955186,2020,10,3,13.203818321228027,14.716424942016602,113400.0
2020-10-23,13.27078342437744,13.29441848708353,12.951718342378587,13.085647359094905,51600,2020-10-23,0.02183810246310891,0.34270014470494203,13.726590292794365,13.42573512395223,0.027475899841073,2020,10,4,12.987168312072754,14.649462699890137,108857.14285714286
2020-10-26,12.341156959533691,13.050192922016588,11.968519743870536,13.01867951133991,103200,2020-10-26,-0.07005060930586005,1.081673178146053,13.385015487670898,13.413079738616943,0.032948783903699944,2020,10,0,13.27078342437744,14.73218059539795,109571.42857142857
2020-10-27,12.59325885772705,12.837482543312577,12.301766556428904,12.301766556428904,38800,2020-10-27,0.020427736153100895,0.5357159868836732,13.146419933864049,13.427885150909423,0.03671746620218234,2020,10,1,12.341156959533691,14.263427734375,95485.71428571429
2020-10-28,12.309642791748049,12.55780485984846,12.049663196092006,12.3175211434518,73800,2020-10-28,-0.02252126071441618,0.5081416637564544,12.86786951337542,13.422830454508464,0.035980030630429184,2020,10,2,12.59325885772705,14.259495735168455,88685.71428571429
2020-10-29,12.368732452392578,12.518023728523188,12.03745540743062,12.191473996459315,82000,2020-10-29,0.0048002741951327366,0.48056832109256753,12.724937302725655,13.418366146087646,0.031531712477221654,2020,10,3,12.309642791748049,13.369257926940918,74085.71428571429
2020-10-30,12.242680549621582,12.52629450106894,12.077238890113676,12.404183032555355,63000,2020-10-30,-0.01019117385359991,0.4490556109552628,12.587631906781878,13.378056208292643,0.0315221756222401,2020,10,4,12.368732452392578,13.203818321228027,66228.57142857143
2020-11-02,11.809380531311035,12.435695312280254,11.651817229785683,12.435695312280254,110600,2020-11-02,-0.035392577348915655,0.7838780824945708,12.419376509530204,13.328554979960124,0.03292086217189747,2020,11,0,12.242680549621582,12.987168312072754,74714.28571428571
2020-11-03,12.057544708251951,12.266315823876496,11.320935159936548,11.320935159936548,116000,2020-11-03,0.02101415703244891,0.9453806639399485,12.246056692940849,13.326848157246907,0.032776644217790904,2020,11,1,11.809380531311035,13.27078342437744,83914.28571428571
2020-11-04,11.742416381835938,12.049665392396092,11.450924077555278,11.817259234021316,105400,2020-11-04,-0.026135364540705086,0.5987413148408134,12.160522324698311,13.31949520111084,0.02272872835516904,2020,11,2,12.057544708251951,12.341156959533691,84228.57142857143
2020-11-05,11.82119846343994,12.163898562018842,11.661665192591832,11.793624978648664,92800,2020-11-05,0.006709188214945927,0.5022333694270102,12.050227982657296,13.301244068145753,0.020462456611515082,2020,11,3,11.742416381835938,12.59325885772705,91942.85714285714
2020-11-06,11.38395881652832,11.872405408682,11.277603310223933,11.856649454778232,76600,2020-11-06,-0.036987759596786574,0.594802098458068,11.917987414768763,13.260277589162191,0.022686890137343606,2020,11,4,11.82119846343994,12.309642791748049,92342.85714285714
2020-11-09,10.56462860107422,11.833014782238084,10.351918346366146,11.482435615040597,139000,2020-11-09,-0.07197234535533614,1.4810964358719385,11.660258293151855,13.15930569966634,0.030908624556390298,2020,11,0,11.38395881652832,12.368732452392578,100485.71428571429
2020-11-10,11.628183364868164,11.785746672389186,10.682802768420917,10.899452222347184,157400,2020-11-10,0.10067128755343102,1.102943903968269,11.572472981044225,13.107047176361084,0.05605354373554654,2020,11,1,10.56462860107422,12.242680549621582,113971.42857142857
2020-11-11,12.463268280029297,13.589847154095928,11.817258394866023,13.511065130935066,291400,2020-11-11,0.07181559569176965,1.7725887592299046,11.665885516575404,13.07973616917928,0.06110682110263459,2020,11,2,11.628183364868164,11.809380531311035,139800.0
2020-11-12,11.82119846343994,12.656285116958804,11.423350643957376,12.36873123664135,134400,2020-11-12,-0.051516969880058494,1.2329344730014284,11.632121767316546,13.03522450129191,0.06482606465009419,2020,11,3,12.463268280029297,12.057544708251951,142428.57142857142
2020-11-13,12.065421104431152,12.597986045346172,11.978761475602054,12.05754350277112,150800,2020-11-13,0.020659719210918803,0.6192245697441177,11.678265299115862,12.98861198425293,0.06421916898144879,2020,11,4,11.82119846343994,11.742416381835938,148914.2857142857
2020-11-16,12.246617317199709,12.49477938198578,12.140261824582408,12.24267814140044,190400,2020-11-16,0.015017810916024388,0.354517557403371,11.739039421081543,12.935302956899006,0.06431924117570673,2020,11,0,12.065421104431152,11.82119846343994,162857.14285714287
2020-11-17,12.35297393798828,12.61689197875354,12.29388704692397,12.329338881034143,171600,2020-11-17,0.008684571260277663,0.32300493182956913,11.877470152718681,12.889872105916341,0.061385174901053996,2020,11,1,12.246617317199709,11.38395881652832,176428.57142857142
2020-11-18,12.246617317199709,12.408119768364813,12.219043837925806,12.352972809817008,105000,2020-11-18,-0.008609798848639993,0.1890759304390066,12.117754255022321,12.828684870402018,0.05039718746748964,2020,11,2,12.35297393798828,10.56462860107422,171571.42857142858
2020-11-19,12.191473007202148,12.715370729862943,12.010274637676073,12.715370729862943,164600,2020-11-19,-0.004502819723133933,0.7050960921868707,12.198224203927177,12.76172046661377,0.03709011849661014,2020,11,3,12.246617317199709,11.628183364868164,172600.0
2020-11-20,12.638559341430664,12.725493040450026,12.241146002744664,12.241146002744664,116600,2020-11-20,0.03667205217650049,0.484347037705362,12.223265784127372,12.697185071309407,0.028232893899847216,2020,11,4,12.191473007202148,12.463268280029297,147628.57142857142
2020-11-23,12.419157028198242,12.737915581423294,12.344641959694854,12.737915581423294,69400,2020-11-23,-0.01735975654386457,0.39327362172844005,12.3086884362357,12.625336265563964,0.018722409263509286,2020,11,0,12.638559341430664,11.82119846343994,138342.85714285713
2020-11-24,12.270126342773438,12.361200662246416,11.63261005440611,12.361200662246416,129000,2020-11-24,-0.012000064504090302,0.7285906078403066,12.33793204171317,12.543792978922527,0.018884647605977817,2020,11,1,12.419157028198242,12.065421104431152,135228.57142857142
2020-11-25,12.510229110717772,12.564045893765842,12.22044928743328,12.22044928743328,67400,2020-11-25,0.01956807625585233,0.3435966063325626,12.375590869358607,12.47248519261678,0.01945474517770848,2020,11,2,12.270126342773438,12.246617317199709,117657.14285714286
2020-11-27,12.60958480834961,12.678304301418176,12.51023163832796,12.51023163832796,36000,2020-11-27,0.007941956678212847,0.16807266309021607,12.412249565124512,12.40173199971517,0.019421897421781045,2020,11,4,12.510229110717772,12.35297393798828,98285.71428571429
2020-11-30,12.663400650024414,12.98629902050548,12.25812211671607,12.25812211671607,141200,2020-11-30,0.004267851994553373,0.7281769037894108,12.471790041242327,12.34839776357015,0.018725112554868768,2020,11,0,12.60958480834961,12.246617317199709,103457.14285714286
2020-12-01,12.265984535217283,13.135325504931698,11.941016723498462,12.841405895183902,217000,2020-12-01,-0.03138304834462968,1.1943087814332358,12.48243454524449,12.281947390238445,0.02320492447153951,2020,12,1,12.663400650024414,12.191473007202148,110942.85714285714
2020-12-02,12.166632652282717,12.559906233164233,12.038301597405145,12.27840524342866,71400,2020-12-02,-0.008099788700149935,0.521604635759088,12.415016446794782,12.24185988108317,0.01714549050439863,2020,12,2,12.265984535217283,12.638559341430664,104485.71428571429
2020-12-03,11.785778045654297,12.237007416148318,11.59535137752804,12.154213521584628,62600,2020-12-03,-0.03130320586748081,0.6416560386202779,12.32453373500279,12.19459187189738,0.019437515870651387,2020,12,3,12.166632652282717,12.419157028198242,103514.28571428571
2020-12-04,11.810619354248049,11.996906247529411,11.595353762840045,11.880994613378018,133200,2020-12-04,0.0021077359931203077,0.40155248468936655,12.258889879499163,12.155373573303223,0.0195981046301717,2020,12,4,11.785778045654297,12.270126342773438,104114.28571428571
2020-12-07,12.460553169250488,12.622001942310348,11.98862471097075,11.98862471097075,182800,2020-12-07,0.0550296132241932,0.6333772313395976,12.251793316432408,12.128365898132325,0.029280503601947706,2020,12,0,11.810619354248049,12.510229110717772,120600.0
2020-12-08,12.402597427368164,12.522649654296233,12.116957392187269,12.47297268014941,101600,2020-12-08,-0.004651137160214036,0.40569226210896403,12.222223690577916,12.130413913726807,0.029082679428905536,2020,12,1,12.460553169250488,12.60958480834961,129971.42857142857
2020-12-09,12.410877227783203,12.617863175369669,12.270126720257307,12.328083322501854,75600,2020-12-09,0.0006675860007170353,0.3477364551123614,12.186148915972028,12.124334526062011,0.028984935471967253,2020,12,2,12.402597427368164,12.663400650024414,120600.0
2020-12-10,12.593027114868164,12.659262565617084,12.253570232382744,12.427438487995868,83600,2020-12-10,0.014676632742542717,0.40569233323433984,12.232869284493583,12.133780670166015,0.02645825285139935,2020,12,3,12.410877227783203,12.265984535217283,101542.85714285714
2020-12-11,12.522648811340332,12.642701030187144,12.162492944388555,12.55162671531338,78600,2020-12-11,-0.005588672436410369,0.48020808579858887,12.283728735787529,12.138911215464274,0.026282329716773623,2020,12,4,12.593027114868164,12.166632652282717,102571.42857142857
2020-12-14,12.265984535217283,12.820706830673693,12.22872779827606,12.555765121651614,108400,2020-12-14,-0.020496005277303442,0.5919790323976333,12.352329662867955,12.13968801498413,0.024057377245597453,2020,12,0,12.522648811340332,11.785778045654297,109114.28571428571
2020-12-15,12.605443000793455,12.679957269666836,12.050720665119185,12.39845707821615,114000,2020-12-15,0.027674783430676975,0.6292366045476516,12.465875898088727,12.166223430633545,0.025283941446122983,2020,12,1,12.265984535217283,11.810619354248049,106371.42857142857
2020-12-16,12.886944770812988,13.19328466859009,12.446065270222205,12.634422451256563,94800,2020-12-16,0.022331763350309286,0.7472193983678856,12.526788984026227,12.19387009938558,0.017234811641349514,2020,12,2,12.605443000793455,12.460553169250488,93800.0
2020-12-17,13.093932151794434,13.226403836223504,12.853000968420089,13.040116146861386,83600,2020-12-17,0.01606178847373041,0.37340286780341536,12.625551087515694,12.238920625050863,0.017090155531751312,2020,12,3,12.886944770812988,12.402597427368164,91228.57142857143
2020-12-18,12.75861358642578,13.151887199701957,12.551627640404368,13.089791573813278,148200,2020-12-18,-0.02560869886000605,0.600259559297589,12.67522771017892,12.270167795817057,0.021309388110867356,2020,12,4,13.093932151794434,12.410877227783203,101600.0
2020-12-21,13.06081199645996,13.135327058331807,12.700656916864258,12.800010069497164,123600,2020-12-21,0.023685834513845316,0.43467014146754934,12.742054121834892,12.326062901814778,0.02230014859603834,2020,12,0,12.75861358642578,12.593027114868164,107314.28571428571
2020-12-22,11.835456848144531,13.690050796338191,11.744383313134676,13.048394658283694,906200,2020-12-22,-0.09381921649645919,1.9456674832035148,12.643883841378349,12.36842384338379,0.04397341277317086,2020,12,1,13.06081199645996,12.522648811340332,225542.85714285713
2020-12-23,11.632608413696287,12.174911282115753,11.210356963664989,12.009322710413846,169400,2020-12-23,-0.01713904558572621,0.9645543184507641,12.55340153830392,12.368571345011393,0.04382186732396159,2020,12,2,11.835456848144531,12.265984535217283,234257.14285714287
2020-12-24,11.570513725280762,11.769220027247597,11.45874113432867,11.624329719301034,39600,2020-12-24,-0.005337984930569362,0.31047889291892616,12.405554498944964,12.338812859853109,0.04120577713788968,2020,12,3,11.632608413696287,12.605443000793455,223628.57142857142
2020-12-28,10.746709823608398,11.682286384379877,10.593540667358738,11.682286384379877,220400,2020-12-28,-0.07119855878761971,1.0887457170211388,12.099806649344307,12.302996571858724,0.04354144795992613,2020,12,0,11.570513725280762,12.886944770812988,241571.42857142858
2020-12-29,10.382413864135742,10.812944962896982,10.382413864135742,10.763267993967364,168200,2020-12-29,-0.033898371264512006,0.4305310987612394,11.712446893964495,12.246896330515543,0.03965507835001053,2020,12,1,10.746709823608398,13.093932151794434,253657.14285714287
2020-12-30,10.585261344909668,10.870902176677278,10.42381255675737,10.568702879514202,160400,2020-12-30,0.019537603049578633,0.4470896199199075,11.401968002319336,12.191517798105876,0.04425387947549652,2020,12,2,10.382413864135742,12.75861358642578,255400.0
2020-12-31,10.618378639221191,10.90070792449884,10.490047576597917,10.58112110659045,238200,2020-12-31,0.003128623208481285,0.4106603479009241,11.053048951285225,12.13369795481364,0.041012915336721696,2020,12,3,10.585261344909668,13.06081199645996,271771.4285714286
2021-01-04,11.040631294250488,11.111006553230116,10.701174441380086,10.701174441380086,174200,2021-01-04,0.03976620813554521,0.40983211185002943,10.939502443586077,12.093498420715331,0.03630250268442155,2021,1,0,10.618378639221191,11.835456848144531,167200.0
2021-01-05,11.144124031066896,11.231057754586258,11.009582842280714,11.177241752825047,158000,2021-01-05,0.00937380608573557,0.22147491230554373,10.869718960353307,12.05858678817749,0.036729612059424425,2021,1,1,11.040631294250488,11.632608413696287,165571.42857142858
2021-01-06,11.491860389709473,12.021744722143966,11.139984106045503,11.139984106045503,175800,2021-01-06,0.031203561417046277,0.8817606160984628,10.858482769557408,12.020363489786783,0.0392685201709155,2021,1,2,11.144124031066896,11.570513725280762,185028.57142857142
2021-01-07,11.818896293640137,11.926529072049748,11.283630981568908,11.675248007607756,142000,2021-01-07,0.028458047073345316,0.6428980904808395,11.011652265276227,12.000354798634847,0.02460818351213109,2021,1,3,11.491860389709473,10.746709823608398,173828.57142857142
2021-01-08,11.690566062927246,11.96378744678803,11.280733987136069,11.856154660783975,174800,2021-01-08,-0.010858055399127764,0.683053459651962,11.198531150817871,11.981036122639974,0.017720245648473826,2021,1,4,11.818896293640137,10.382413864135742,174771.42857142858
2021-01-11,11.417344093322754,11.858224354038663,11.214497972656275,11.698845090031716,144200,2021-01-11,-0.02337114970599452,0.6437263813823879,11.317400114876884,11.94460662206014,0.023324327146105432,2021,1,0,11.690566062927246,10.585261344909668,172457.14285714287
2021-01-12,11.719542503356934,11.756800031914336,11.487718495346469,11.756800031914336,45600,2021-01-12,0.026468363181846755,0.2690815365678674,11.474709238324847,11.91493854522705,0.02366066258793671,2021,1,1,11.417344093322754,10.618378639221191,144942.85714285713
2021-01-13,11.694706916809082,11.839597248917396,11.504280209732686,11.661589194291937,122800,2021-01-13,-0.002119160073077775,0.33531703918471045,11.568148612976074,11.882648754119874,0.021372314828057945,2021,1,2,11.719542503356934,11.040631294250488,137600.0
2021-01-14,11.963786125183104,12.166632233848366,11.715402861041833,11.715402861041833,117600,2021-01-14,0.023008632049364763,0.45122937280653375,11.685243197849818,11.8725754737854,0.02208006626037795,2021,1,3,11.694706916809082,11.144124031066896,131828.57142857142
2021-01-15,11.806478500366213,11.893412218323007,11.52083767498625,11.893412218323007,111000,2021-01-15,-0.013148649028902892,0.3725745433367571,11.730188642229352,11.860570335388184,0.02147008004676662,2021,1,4,11.963786125183104,11.491860389709473,122571.42857142857
2021-01-19,11.64089012145996,11.95550806916352,11.425624544956486,11.95550806916352,83600,2021-01-19,-0.01402521326753925,0.5298835242070332,11.704759189060756,11.855740737915038,0.019321760619342914,2021,1,1,11.806478500366213,11.818896293640137,114228.57142857143
2021-01-20,11.690566062927246,11.835456382147656,11.495999559144176,11.781639594351269,74400,2021-01-20,0.004267366236514025,0.3394568230034807,11.704759189060756,11.851738961537679,0.01901012967853677,2021,1,2,11.64089012145996,11.690566062927246,99885.71428571429
2021-01-21,11.6243314743042,12.056932162000738,11.388367606394956,12.056932162000738,87600,2021-01-21,-0.005665644269620795,0.6685645556057818,11.734328814915248,11.82386490503947,0.01635008224850466,2021,1,3,11.690566062927246,11.417344093322754,91800.0
2021-01-22,11.843735694885254,11.885132251058469,11.33454968431456,11.582932969297316,56400,2021-01-22,0.01887456677109145,0.550582566743909,11.752070699419294,11.805236180623373,0.014675073496424919,2021,1,4,11.6243314743042,11.719542503356934,93342.85714285714
2021-01-25,11.545677185058594,11.910386679950005,11.450463828103214,11.876855211704733,88400,2021-01-25,-0.025165920407644427,0.45992285184679105,11.730780737740654,11.776396179199219,0.017882937240259127,2021,1,0,11.843735694885254,11.694706916809082,88428.57142857143
2021-01-26,11.85201358795166,11.856153401156844,11.429762905675137,11.798197595461536,98200,2021-01-26,0.0265325626191506,0.4263904954817068,11.714813232421875,11.751695728302002,0.018724041146973826,2021,1,1,11.545677185058594,11.963786125183104,85657.14285714286
2021-01-27,11.334551811218262,11.75266358165277,11.185522443934532,11.68642813184026,155000,2021-01-27,-0.04366024160311732,0.567141137718238,11.647395133972168,11.7120924949646,0.02460097701318285,2021,1,2,11.85201358795166,11.806478500366213,91942.85714285714
2021-01-28,11.582932472229004,11.997732611412514,11.4090642591613,11.520836851045251,120200,2021-01-28,0.021913584687566656,0.588668352251215,11.639115469796318,11.68932409286499,0.02623317560013105,2021,1,3,11.334551811218262,11.64089012145996,97171.42857142857
2021-01-29,11.831315994262695,12.054861182710924,11.60694331687886,12.054861182710924,85600,2021-01-29,0.02144392386204541,0.44791786583206417,11.659222602844238,11.663519859313965,0.02751608931056175,2021,1,4,11.582932472229004,11.690566062927246,98771.42857142857
2021-02-01,13.830801010131836,14.871526333511316,12.626142853505463,12.626142853505463,614000,2021-02-01,0.168999375626409,2.2453834800058523,11.9744325365339,11.694981733957926,0.06831417359956102,2021,2,0,11.831315994262695,11.6243314743042,173971.42857142858
2021-02-02,12.79173183441162,14.439340632863829,12.746195461326918,14.439340632863829,196200,2021-02-02,-0.07512718713536837,1.6931451715369104,12.10986055646624,11.684908390045166,0.07863512318946445,2021,2,1,13.830801010131836,11.843735694885254,193942.85714285713
2021-02-03,13.582419395446776,13.61967693177526,12.79587210814663,12.79587210814663,105800,2021-02-03,0.0618123934484065,0.8238048236286293,12.400823729378834,11.712368583679199,0.07836702685494523,2021,2,2,12.79173183441162,11.545677185058594,196428.57142857142
2021-02-04,14.108161926269531,14.108161926269531,13.582417467880465,13.582417467880465,123800,2021-02-04,0.038707575985983844,0.5257444583890667,12.723130634852817,11.747280248006184,0.07851609827390964,2021,2,3,13.582419395446776,11.85201358795166,200085.7142857143
2021-02-05,13.86805820465088,14.428989921636212,13.520321756650745,14.360684181327144,142000,2021-02-05,-0.017018781246873504,0.9086681649854675,13.085060119628906,11.815033626556396,0.07504811148668533,2021,2,4,14.108161926269531,11.334551811218262,198228.57142857142
2021-02-08,14.869872093200684,14.9029906081129,14.294451319611424,14.476599993273204,190400,2021-02-08,0.0722389446140217,0.6085392885014755,13.55462292262486,11.92294241587321,0.07637184327761445,2021,2,0,13.86805820465088,11.582932472229004,208257.14285714287
2021-02-09,15.296263694763184,15.544646230273628,14.091605397099991,14.733261596483349,290600,2021-02-09,0.028674866797103737,1.4530408331736364,14.049615451267787,12.047134081522623,0.07614776151309774,2021,2,1,14.869872093200684,11.831315994262695,237542.85714285713
2021-02-10,12.626140594482422,14.215792457085984,12.228728023625823,13.975688041874388,755800,2021-02-10,-0.17456047787636553,1.9870644334601604,13.877521106175013,12.109781773885091,0.08865307786535535,2021,2,2,15.296263694763184,13.830801010131836,257800.0
2021-02-11,12.561976432800291,13.14360720930658,12.481252042415909,13.14360720930658,225200,2021-02-11,-0.00508185072089018,0.6623551668906718,13.844698905944822,12.182433859507244,0.08380864318008006,2021,2,3,12.626140594482422,12.79173183441162,261942.85714285713
2021-02-12,12.522648811340332,12.736258601409554,12.249427445896362,12.53092843807225,152000,2021-02-12,-0.0031306874097670745,0.4868311555131921,13.693303108215332,12.247013441721599,0.07939185950170631,2021,2,4,12.561976432800291,13.582419395446776,268542.85714285716
2021-02-16,12.456415176391602,13.07737305840678,12.452275362427514,12.733776395275266,181000,2021-02-16,-0.005289107436179941,0.6250976959792656,13.4573392868042,12.308281326293946,0.07671940391348475,2021,2,1,12.522648811340332,14.108161926269531,276714.28571428574
2021-02-17,12.30324363708496,12.638561418788097,12.265986105784611,12.489531293586705,122000,2021-02-17,-0.01229659875153688,0.3725753130034857,13.233794348580497,12.350368404388428,0.07671823468114217,2021,2,2,12.456415176391602,13.86805820465088,273857.14285714284
2021-02-18,11.947227478027344,12.396386542528427,11.934808038655524,12.315662160583154,171000,2021-02-18,-0.028936772249595788,0.46157850387290367,12.81627368927002,12.37713851928711,0.06657820895060304,2021,2,3,12.30324363708496,14.869872093200684,271085.71428571426
2021-02-19,11.972065925598145,12.306969158341472,11.860293336671424,12.01346326848826,143200,2021-02-19,0.0020790135298320855,0.4466758216700484,12.341388293675013,12.3931453704834,0.06344616377673205,2021,2,4,11.947227478027344,15.296263694763184,250028.57142857142
2021-02-22,12.00932502746582,12.36120130371545,11.876854144545664,12.059001213766509,148200,2021-02-22,0.0031121697875058363,0.4843471591697863,12.253271784101214,12.399492994944255,0.010920135674040054,2021,2,0,11.972065925598145,12.626140594482422,163228.57142857142
2021-02-23,11.578791618347168,12.009322693763814,11.322129529962206,12.009322693763814,232800,2021-02-23,-0.03584992563145761,0.6871931638016076,12.11281681060791,12.395767180124919,0.015297685632420637,2021,2,1,12.00932502746582,12.561976432800291,164314.2857142857
2021-02-24,11.442182540893556,11.545675511168174,10.999232754452375,11.409064821989224,343200,2021-02-24,-0.011798215388654887,0.5464427567157983,11.95846448625837,12.396595128377278,0.014854248322355533,2021,2,2,11.578791618347168,12.522648811340332,191628.57142857142
2021-02-25,11.268315315246582,11.504279971583964,10.862623025412525,11.375948108596411,211600,2021-02-25,-0.01519528508006096,0.6416569461714392,11.788735934666224,12.381554222106933,0.014496859081866098,2021,2,3,11.442182540893556,12.456415176391602,196000.0
2021-02-26,11.773359298706056,12.54334638078634,11.765079672441338,12.54334638078634,442800,2021-02-26,0.04481983058959349,0.7782667083450026,11.713038172040667,12.384175968170165,0.026665320233732668,2021,2,4,11.268315315246582,12.30324363708496,241828.57142857142
2021-03-01,12.336359977722168,12.398456382682758,11.7981969250467,11.802336738016647,254200,2021-03-01,0.04781988426005035,0.6002594576360583,11.768628529139928,12.396595096588134,0.03106445836879882,2021,3,0,11.773359298706056,11.947227478027344,253714.2857142857
2021-03-02,11.951369285583496,12.468834168600662,11.909971937024372,12.398458912926776,245800,2021-03-02,-0.031207803017576863,0.5588622315762901,11.765671866280693,12.401424789428711,0.033995268498958474,2021,3,1,12.336359977722168,11.972065925598145,268371.4285714286
2021-03-03,11.8602933883667,12.087978380460424,11.23105598454248,12.001043881053397,650000,2021-03-03,-0.007620540796664854,0.8569223959179428,11.744381632123675,12.408738231658935,0.03408620418897256,2021,3,2,11.951369285583496,12.00932502746582,340057.14285714284
2021-03-04,11.736102104187012,12.787590192490653,11.545674642620888,12.067279268316826,2739600,2021-03-04,-0.01047118145504744,1.2419155498697645,11.766854558672224,12.410256099700927,0.03100839915374803,2021,3,3,11.8602933883667,11.578791618347168,698171.4285714285
2021-03-05,11.719542503356934,12.15835321979109,11.566373365588609,11.87271243071388,1377800,2021-03-05,-0.0014109966565619692,0.5919798542024814,11.806477410452706,12.413429800669352,0.03046306817554518,2021,3,4,11.736102104187012,11.442182540893556,845971.4285714285
2021-03-08,12.949041366577148,13.29884733918469,11.64502924483824,11.719544313462034,646000,2021-03-08,0.10491014157489831,1.65381809434645,12.046581132071358,12.450273323059083,0.04719653373088334,2021,3,0,11.719542503356934,11.268315315246582,908028.5714285715
2021-03-09,12.882805824279783,13.168445865642026,12.634422527348017,13.16430605190781,227000,2021-03-09,-0.005115092339447291,0.5340233382940092,12.205073492867607,12.494844277699789,0.0467639185555447,2021,3,1,12.949041366577148,11.773359298706056,877200.0
2021-03-10,13.926011085510254,13.977757560458896,13.00285416192773,13.027692248818283,363400,2021-03-10,0.08097655708389073,0.9749033985311666,12.432166508265905,12.563977527618409,0.0521481636616344,2021,3,2,12.882805824279783,12.336359977722168,892800.0
2021-03-11,15.221746444702148,15.523945732119447,13.897036093059135,14.075044130454968,426000,2021-03-11,0.09304425734229693,1.6269096390603117,12.899363245282855,12.69355068206787,0.05350566479653842,2021,3,3,13.926011085510254,11.951369285583496,918542.8571428572
2021-03-12,15.184491157531738,15.519809003442182,14.513857044888503,15.213469067516606,199800,2021-03-12,-0.0024475041221946325,1.0059519585536787,13.37424864087786,12.813602638244628,0.05282889713083365,2021,3,4,15.221746444702148,11.8602933883667,854228.5714285715
2021-03-15,14.911266326904297,15.511525829281522,14.244771391248175,15.511525829281522,310800,2021-03-15,-0.017993677087553728,1.266754438033347,13.827843529837471,12.916267649332683,0.05402022250034111,2021,3,0,15.184491157531738,11.736102104187012,507257.14285714284
2021-03-16,14.890567779541016,14.985781114450836,14.604926195634288,14.90298642956226,126600,2021-03-16,-0.0013881146583730741,0.38085491881654754,14.280847140720912,12.951593208312989,0.05401758238975284,2021,3,1,14.911266326904297,11.719542503356934,328514.28571428574
2021-03-17,15.275562286376951,15.316958840762137,14.55111153039496,14.592508084780144,139600,2021-03-17,0.025854924576140137,0.7658473103671763,14.613207272120885,13.034387556711833,0.04466278950873945,2021,3,2,14.890567779541016,12.949041366577148,256171.42857142858
2021-03-18,15.842702865600586,16.538175698907512,15.730930276764408,16.053827813950736,333000,2021-03-18,0.037127312801403134,0.8072454221431045,15.036049706595284,13.109730339050293,0.04277614470629698,2021,3,3,15.275562286376951,12.882805824279783,271314.28571428574
2021-03-19,16.451244354248047,16.59613389068961,16.14904347107991,16.231838168694022,529200,2021-03-19,0.03841146891473879,0.447090419609701,15.39679731641497,13.187833086649578,0.037092291406111574,2021,3,4,15.842702865600586,13.926011085510254,295000.0
2021-03-22,16.413982391357422,16.538173614687352,16.173877990966083,16.50919571521627,195200,2021-03-22,-0.002264993582750008,0.36429562372126867,15.567116737365723,13.272697226206462,0.022381447663022153,2021,3,0,16.451244354248047,15.221746444702148,262028.57142857142
2021-03-23,15.30453872680664,16.385005432221448,15.163788244507831,16.385005432221448,325800,2021-03-23,-0.06759137655313585,1.2212171877136164,15.58426639011928,13.287186113993327,0.03741806805676649,2021,3,1,16.413982391357422,15.184491157531738,280028.5714285714
2021-03-24,14.356544494628906,15.710232691175278,14.219933020316477,15.46598922612543,232400,2021-03-24,-0.06194203230165163,1.4902996708588017,15.505020414079938,13.255862140655518,0.0443291185106325,2021,3,2,15.30453872680664,14.911266326904297,268828.5714285714
2021-03-25,15.027177810668944,15.250722988247592,13.988109163977306,14.3027270745427,150000,2021-03-25,0.04671272507746793,1.2626138242702858,15.5245361328125,13.3358967145284,0.048437211486623895,2021,3,3,14.356544494628906,14.890567779541016,272171.4285714286
2021-03-26,15.292119979858398,15.428731452020514,14.6090673565798,15.151369483923489,120600,2021-03-26,0.017630866722116778,0.8196640954407144,15.526901517595563,13.426901499430338,0.0478678883197842,2021,3,4,15.027177810668944,15.275562286376951,269457.14285714284
2021-03-29,14.948524475097656,15.499106240904965,14.799494349261888,15.279701655189724,114000,2021-03-29,-0.022468794726519303,0.6996118916430767,15.399161747523717,13.507764021555582,0.04565209399131176,2021,3,0,15.292119979858398,15.842702865600586,238171.42857142858
2021-03-30,14.869872093200684,15.0809986778218,14.75810105331622,14.944387172575464,109400,2021-03-30,-0.005261548190123921,0.322897624505579,15.17325142451695,13.588212585449218,0.04111301559749458,2021,3,1,14.948524475097656,16.451244354248047,178200.0
2021-03-31,14.902990341186523,15.179523303204205,14.791217724126303,14.86573280216645,288200,2021-03-31,0.0022272046308309257,0.3883055790779011,14.957395417349678,13.674870808919271,0.04135375125044698,2021,3,2,14.869872093200684,16.413982391357422,191485.7142857143
2021-04-01,14.64632797241211,15.072718573806451,14.348267664311704,14.832615664974862,161400,2021-04-01,-0.017222205939776525,0.7244509094947471,14.863365309579033,13.764840825398762,0.033989091761929546,2021,4,3,14.902990341186523,15.30453872680664,168000.0
2021-04-05,14.534551620483398,14.870696869777037,14.452998169596336,14.696000386141666,99000,2021-04-05,-0.007631698002342535,0.41769870018070065,14.888794898986816,13.850257015228271,0.023654873280583338,2021,4,0,14.64632797241211,14.356544494628906,148942.85714285713
2021-04-06,14.613205909729004,14.625626139002044,14.339984553381292,14.534551827160382,179400,2021-04-06,0.005411538745698774,0.2856415856207519,14.829656055995397,13.937053044637045,0.013698456566060276,2021,4,1,14.534551620483398,15.027177810668944,153142.85714285713
2021-04-07,15.325239181518556,15.557064002737969,14.4558972863288,14.69186271068605,232800,2021-04-07,0.04872532941696961,1.1011667164091676,14.834387370518275,14.06193463007609,0.02342982331876982,2021,4,2,14.613205909729004,15.292119979858398,169171.42857142858
2021-04-08,16.06210708618164,16.144901770068724,15.420451049616922,15.503245733504006,135600,2021-04-08,0.04808198397005836,0.7244507204518023,14.993470600673131,14.215932114919026,0.026812683340667352,2021,4,3,15.325239181518556,14.948524475097656,172257.14285714287
2021-04-09,16.020709991455078,16.14490122349266,15.73920902327539,16.14490122349266,81800,2021-04-09,-0.002577314078685,0.4056922002172705,15.157876014709473,14.374345270792643,0.026565777977340485,2021,4,4,16.06210708618164,14.869872093200684,168314.2857142857
2021-04-12,15.784748077392578,16.09936600838116,15.780607474292363,16.057969452443345,67600,2021-04-12,-0.014728555362924278,0.31875853408879706,15.283841405596052,14.508058230082193,0.02822068021918565,2021,4,0,16.020709991455078,14.902990341186523,136800.0
2021-04-13,15.685395240783691,16.08280789091052,15.437012729248798,15.830286355160291,92400,2021-04-13,-0.006294230108821464,0.6457951616617219,15.432279586791992,14.619692738850912,0.026823100817811724,2021,4,1,15.784748077392578,14.64632797241211,126942.85714285714
2021-04-14,15.784748077392578,15.908939324383402,15.548784234356797,15.598460417317648,55200,2021-04-14,0.006334098381566955,0.3601550900266055,15.610879080636161,14.747472031911213,0.025779942332803594,2021,4,2,15.685395240783691,14.534551620483398,120685.71428571429
2021-04-15,15.63572120666504,15.91101294061643,15.536367240867902,15.830288534296503,95200,2021-04-15,-0.0094411941195931,0.37464569974852857,15.756952694484166,14.873319625854492,0.027007647952888444,2021,4,3,15.784748077392578,14.613205909729004,108657.14285714286
2021-04-16,15.432870864868164,15.677114332231096,15.213466278300183,15.677114332231096,123200,2021-04-16,-0.012973520000497785,0.46364805393091224,15.772328649248395,14.99654525121053,0.021842441602487935,2021,4,4,15.63572120666504,15.325239181518556,93000.0
2021-04-19,14.898846626281738,15.474267208420471,14.816051945725858,15.424589452580634,101400,2021-04-19,-0.03460303939962939,0.658215262694613,15.606148583548409,15.102522055308023,0.012713727015116468,2021,4,0,15.432870864868164,16.06210708618164,88114.28571428571
2021-04-20,14.625624656677246,14.952661183079233,14.145415845947154,14.824330933956707,125000,2021-04-20,-0.018338464477010263,0.8072453371320787,15.406850678580147,15.158408164978027,0.012446476163145807,2021,4,1,14.898846626281738,16.020709991455078,94285.71428571429
2021-04-21,14.938175201416016,15.11618323961331,14.50557533640504,14.638046214248035,95800,2021-04-21,0.02137006466907221,0.6106079032082707,15.285911696297783,15.226920477549235,0.017850269305695284,2021,4,2,14.625624656677246,15.784748077392578,98314.28571428571
2021-04-22,15.275562286376951,15.403892552477418,14.820192292253305,14.994061294861192,114200,2021-04-22,0.022585562186267172,0.5837002602241128,15.227364131382533,15.271905517578125,0.021245645726551545,2021,4,3,14.938175201416016,15.685395240783691,101428.57142857143
2021-04-23,15.341796875,15.509454963946364,15.23002428931001,15.509454963946364,57600,2021-04-23,0.004335983669951027,0.2794306746363535,15.164085388183594,15.275907198588053,0.021103175773445847,2021,4,4,15.275562286376951,15.784748077392578,101771.42857142857
2021-04-26,15.610875129699709,15.720992720064242,15.34179442563718,15.50738218678866,47600,2021-04-26,0.01753890087921728,0.3791982944270611,15.160535948617119,15.29011999766032,0.022342716552232647,2021,4,0,15.341796875,15.63572120666504,94971.42857142857
2021-04-27,15.561203956604004,15.766119607205024,15.341799352509527,15.341799352509527,124400,2021-04-27,-0.003181831427323756,0.4243202546954965,15.178869247436523,15.311784585316977,0.021693061194722207,2021,4,1,15.610875129699709,15.432870864868164,95142.85714285714
2021-04-28,15.577760696411133,15.615018224975026,15.21760406056775,15.523943915335012,84400,2021-04-28,0.0010639755030075193,0.3974141644072766,15.275856971740723,15.334691015879313,0.014981320101903325,2021,4,2,15.561203956604004,14.898846626281738,92714.28571428571
2021-04-29,15.615015983581545,15.799647042976783,15.391470844286053,15.730927576174608,54600,2021-04-29,0.0023915688458993056,0.40817619869073063,15.417198589869908,15.346006139119465,0.010692085384424808,2021,4,3,15.577760696411133,14.625624656677246,82657.14285714286
2021-04-30,15.428732872009276,15.557064729259544,15.23002654990328,15.494968312711276,60800,2021-04-30,-0.011929741971967056,0.3270381793562631,15.487278257097516,15.33220713933309,0.011846821138268633,2021,4,4,15.615015983581545,14.938175201416016,77657.14285714286
2021-05-03,16.02484893798828,16.405703837476914,15.457707980925722,15.523943409639765,182400,2021-05-03,0.03863674813247142,0.9479958565511915,15.594319207327706,15.317993958791098,0.01652031635795207,2021,5,0,15.428732872009276,15.275562286376951,87400.0
2021-05-04,15.867538452148438,16.300138186978874,15.482544585778973,16.19871554709611,113000,2021-05-04,-0.009816659517265403,0.817593601199901,15.669425146920341,15.299779160817463,0.0177201880420012,2021,5,1,16.02484893798828,15.341796875,95314.28571428571
2021-05-05,16.538179397583008,16.546459025923745,15.952408720691196,16.248398722367675,108000,2021-05-05,0.04226496425119852,0.5940503052325496,15.801897185189384,15.34090051651001,0.022473104774070666,2021,5,2,15.867538452148438,15.610875129699709,103942.85714285714
2021-05-06,15.735072135925291,16.70293901217822,15.6502087126802,16.600273520226192,129400,2021-05-06,-0.04856080239249838,1.0527302994980197,15.826735496520996,15.386851437886556,0.03123730051855749,2021,5,3,16.538179397583008,15.561203956604004,104657.14285714286
2021-05-07,16.322912216186523,16.48932909759715,15.77646943208184,15.77646943208184,69000,2021-05-07,0.037358588202409004,0.7128596655153103,15.933185713631767,15.430042584737143,0.03394913518459102,2021,5,4,15.735072135925291,15.577760696411133,102457.14285714286
2021-05-10,16.60027503967285,17.52343390433919,15.77233111591505,15.77233111591505,169200,2021-05-10,0.0169922388733601,1.7511027884241397,16.073937007359095,15.473647753397623,0.03405340467894875,2021,5,0,16.322912216186523,15.615015983581545,118828.57142857143
2021-05-11,16.488502502441406,17.349563283790467,16.217763562713998,16.240118400361386,271200,2021-05-11,-0.006733173815754334,1.1317997210764688,16.2253326688494,15.524980354309083,0.03356719334703265,2021,5,1,16.60027503967285,15.428732872009276,148885.7142857143
2021-05-12,16.256671905517578,17.01838003992148,16.028987743537623,16.455378169382463,181000,2021-05-12,-0.014060136564221115,0.9893922963838584,16.258450235639298,15.571207014719645,0.031949943592674716,2021,5,2,16.488502502441406,16.02484893798828,148685.7142857143
2021-05-13,18.80259895324707,19.042703362342504,17.088755903304587,18.67012809966929,803800,2021-05-13,0.15660813372664517,1.9539474590379164,16.677744592939103,15.701193968454996,0.06553406232674439,2021,5,3,16.256671905517578,15.867538452148438,247371.42857142858
2021-05-14,19.92032623291016,20.51644674508233,19.233132981849643,19.2538312598162,753400,2021-05-14,0.05944536084837715,1.2833137632326874,17.16090842655727,15.8769939104716,0.06654694853525679,2021,5,4,18.80259895324707,16.538179397583008,339571.4285714286
2021-05-17,22.50351333618164,23.07893403984296,20.475050340470624,20.499889223636245,896400,2021-05-17,0.12967594371039093,2.6038836993723358,18.127828598022464,16.14262596766154,0.06614618214178068,2021,5,0,19.92032623291016,15.735072135925291,449142.85714285716
2021-05-18,22.222013473510746,23.604679791885925,22.05642406876089,22.934045703086465,599000,2021-05-18,-0.012509151725135004,1.5482557231250347,18.970557349068777,16.396252886454263,0.07078313789388414,2021,5,1,22.50351333618164,16.322912216186523,524857.1428571428
2021-05-19,21.46030044555664,22.28410510954886,20.636495781564417,21.857713036598348,738600,2021-05-19,-0.034277408249350994,1.6476093279844441,19.664846692766464,16.600754928588866,0.07680895881392594,2021,5,2,22.222013473510746,16.60027503967285,606200.0
2021-05-20,23.32731056213379,23.513598190075903,21.382471832278608,21.82459404814733,672000,2021-05-20,0.08699832145004827,2.131126357797296,20.64181927272252,16.84292837778727,0.07551712854988117,2021,5,3,21.46030044555664,16.488502502441406,663457.1428571428
2021-05-21,22.822269439697266,23.8563700377214,22.56146672166252,23.64193354577198,390000,2021-05-21,-0.021650207857923154,1.2949033160588819,21.57976177760533,17.06964702606201,0.07668799626514716,2021,5,4,23.32731056213379,16.256671905517578,693314.2857142857
2021-05-24,22.16819190979004,22.86159443201103,21.910702320033703,22.822268180708072,359400,2021-05-24,-0.028659618257311337,0.9508921119773284,22.06056077139718,17.282428487141928,0.06577912498596733,2021,5,0,22.822269439697266,18.80259895324707,629828.5714285715
2021-05-25,21.91981315612793,22.66082326098745,21.861857340852215,22.04814343875914,213600,2021-05-25,-0.011204285612144038,0.7989659201352346,22.346201760428293,17.490242417653402,0.06513292237242135,2021,5,1,22.16819190979004,19.92032623291016,552714.2857142857
2021-05-26,21.965351104736328,22.267550423177905,21.559658804122527,22.12679990425658,196800,2021-05-26,0.0020774788673629807,0.7078916190553777,22.26932144165039,17.69626251856486,0.04136682507144408,2021,5,2,21.91981315612793,22.50351333618164,452771.4285714286
2021-05-27,21.38164520263672,22.350753072102798,21.145681390820837,22.22614651794649,284400,2021-05-27,-0.02657393907870409,1.2050716812819608,22.14926883152553,17.88779331843058,0.04225215095184913,2021,5,3,21.965351104736328,22.222013473510746,407828.5714285714
2021-05-28,22.072980880737305,22.12803890165396,21.39820626299511,21.48514155940936,222000,2021-05-28,0.032333137677138746,0.7298326386588485,22.23679460797991,18.109130318959554,0.04199535583977449,2021,5,4,21.38164520263672,21.46030044555664,334028.5714285714
2021-06-01,22.557329177856445,23.148066299404803,21.721105763255185,22.50765141361502,387800,2021-06-01,0.021943039761422645,1.4269605361496183,22.12679726736886,18.36441307067871,0.02418399187638822,2021,6,1,22.072980880737305,23.32731056213379,293428.5714285714
2021-06-02,21.890830993652344,22.94645885304914,21.671424848096898,22.768450838342467,326200,2021-06-02,-0.029546857207650934,1.2750340049522428,21.99373463221959,18.60658661524455,0.02527505758121142,2021,6,2,22.557329177856445,22.822269439697266,284314.28571428574
2021-06-03,20.988374710083008,21.89911316531385,20.897300390806706,21.89911316531385,237800,2021-06-03,-0.041225309529410725,1.001812774507144,21.825189317975724,18.808259932200112,0.02752660443402782,2021,6,3,21.890830993652344,22.16819190979004,266942.85714285716
2021-06-04,21.01735115051269,21.158101643593987,20.63649622486679,21.158101643593987,221600,2021-06-04,0.001380594773532584,0.5216054187271979,21.696266174316406,18.999652894337974,0.027651735617931925,2021,6,4,20.988374710083008,21.91981315612793,268085.71428571426
2021-06-07,21.302993774414062,21.57621516754807,20.84762531224988,21.19950079854243,209400,2021-06-07,0.013590800375165468,0.7285898552981926,21.60164369855608,19.198359457651772,0.028517457182081582,2021,6,0,21.01735115051269,21.965351104736328,269885.71428571426
2021-06-08,20.946971893310547,21.356804659289388,20.89315669774396,21.30298788454575,147000,2021-06-08,-0.016712293345882423,0.4636479615454263,21.539547511509486,19.376229349772135,0.02744046992718628,2021,6,1,21.302993774414062,21.38164520263672,250257.14285714287
2021-06-09,20.75655174255371,21.199501569049332,20.375698335508982,20.876603977930763,269800,2021-06-09,-0.009090581289109667,0.8238032335403496,21.351486206054688,19.549407609303792,0.022708703286270455,2021,6,2,20.946971893310547,22.072980880737305,257085.7142857143
2021-06-10,20.342575073242188,20.980092057900027,20.326015821365505,20.768965544415217,300600,2021-06-10,-0.019944385485900162,0.6540762365345216,21.035092762538365,19.70823475519816,0.018464982596471544,2021,6,3,20.75655174255371,22.557329177856445,244628.57142857142
2021-06-11,19.7878532409668,20.671683986054425,19.63054350273892,20.491605670747088,272000,2021-06-11,-0.027269007501663167,1.0411404833155053,20.734667369297572,19.847329330444335,0.018173530044763738,2021,6,4,20.342575073242188,21.890830993652344,236885.7142857143
2021-06-14,19.95344352722168,20.28462069207313,19.7063022817254,19.903767347288284,279800,2021-06-14,0.008368279481275831,0.5783184103477303,20.58682005746024,19.998153018951417,0.01531569455965222,2021,6,0,19.7878532409668,20.988374710083008,242885.7142857143
2021-06-15,20.37569808959961,20.446072556895587,19.66366589298015,19.883070501817645,167400,2021-06-15,0.021161989498297062,0.7824066639154381,20.495155334472656,20.143181324005127,0.018610972383523387,2021,6,1,19.95344352722168,21.01735115051269,235142.85714285713
2021-06-16,20.905580520629883,21.017353120835534,19.767157819011423,19.965864137428987,427000,2021-06-16,0.026005608676580305,1.2501953018241103,20.43838201250349,20.311116059621174,0.021030986180961175,2021,6,2,20.37569808959961,21.302993774414062,266228.5714285714
2021-06-17,20.00726318359375,21.19577586854069,19.93274811340261,20.810368121103537,287800,2021-06-17,-0.042970217265656085,1.2630277551380793,20.304137911115372,20.426752185821535,0.025791838706340282,2021,6,3,20.905580520629883,20.946971893310547,286342.85714285716
2021-06-18,20.081775665283203,20.36741727971853,19.5452690818852,20.36120795404428,577800,2021-06-18,0.0037242715810603677,0.8221481978333323,20.207741328648158,20.571642303466795,0.026010344103795165,2021,6,4,20.00726318359375,20.75655174255371,330342.85714285716
2021-06-21,21.10842514038086,21.11256416400639,19.78826768428595,20.07763454812373,230200,2021-06-21,0.05112344108457001,1.324296479720438,20.31714848109654,20.73115940093994,0.03209735205795913,2021,6,0,20.081775665283203,20.342575073242188,320285.71428571426
2021-06-22,20.92627716064453,21.017351474978813,20.632357519700484,21.017351474978813,139200,2021-06-22,-0.00862916008773551,0.384993955278329,20.479780469621932,20.875359471638998,0.029577224269650818,2021,6,1,21.10842514038086,19.7878532409668,301314.28571428574
2021-06-23,20.284624099731445,21.25745748100673,20.135593955718072,21.050471520805388,179200,2021-06-23,-0.030662551966951113,1.1218635252886564,20.52709197998047,21.001896858215332,0.03305790294002185,2021,6,2,20.92627716064453,19.95344352722168,286942.85714285716
2021-06-24,20.421232223510746,20.568605785965733,19.86236927563071,20.52058458368233,268800,2021-06-24,0.006734565210952503,0.7062365103350245,20.53359685625349,21.14071553548177,0.03216147873646551,2021,6,3,20.284624099731445,20.37569808959961,301428.5714285714
2021-06-25,20.1687126159668,20.727574080957314,19.903770837625288,20.533006771597588,1152800,2021-06-25,-0.012365542136738572,0.8238032433320264,20.42833001273019,21.186252657572428,0.030361251801167086,2021,6,4,20.421232223510746,20.905580520629883,405114.28571428574
2021-06-28,19.61812400817871,20.508164039740286,19.115148191119893,20.346715284986598,180600,2021-06-28,-0.02729914488206897,1.3930158486203936,20.372738701956614,21.17617925008138,0.027515184797572523,2021,6,0,20.1687126159668,20.00726318359375,389800.0
2021-06-29,18.98474884033203,20.00104888664164,18.83571872522235,20.00104888664164,202200,2021-06-29,-0.03228520563855286,1.1653301614192912,20.216020584106445,21.058887100219728,0.029458965893796787,2021,6,1,19.61812400817871,20.081775665283203,336142.85714285716
2021-06-30,19.24969291687012,19.386304398801464,18.59561657158205,18.86883953544474,181800,2021-06-30,0.013955627159798478,0.7906878272194149,19.950487409319198,20.959809748331704,0.018366125401390362,2021,6,2,18.98474884033203,21.10842514038086,329228.5714285714
2021-07-01,19.373878479003903,19.514628943671955,19.00130483430164,19.26210591184013,104200,2021-07-01,0.006451300946465954,0.5133241093703163,19.728716169084823,20.890262349446616,0.019785157713418454,2021,7,3,19.24969291687012,20.92627716064453,324228.5714285714
2021-07-02,19.034425735473636,19.760946784392537,18.86469733780472,19.373882530811468,88800,2021-07-02,-0.017521155812871503,0.8962494465878166,19.550116402762278,20.747166188557944,0.018139332600574452,2021,7,4,19.373878479003903,20.284624099731445,311314.28571428574
2021-07-06,19.373878479003903,19.495587227698845,18.860554369633597,19.038562356689567,150800,2021-07-06,0.01783362147341494,0.635032858065248,19.4004944392613,20.6322198232015,0.020111996831488767,2021,7,1,19.034425735473636,20.421232223510746,294457.14285714284
2021-07-07,19.204158782958984,19.54568596243739,18.9516356371728,19.378027825622297,167200,2021-07-07,-0.00876023333318876,0.5940503252645897,19.2627010345459,20.533418718973795,0.02000710122197041,2021,7,2,19.373878479003903,20.1687126159668,153657.14285714287
2021-07-08,18.59147834777832,19.05926704655832,18.4217499284585,18.997170628611613,159200,2021-07-08,-0.031903528923346136,0.6375171180998187,19.116037368774414,20.42247422536214,0.020851119310685718,2021,7,3,19.204158782958984,19.61812400817871,150600.0
2021-07-09,18.97233009338379,19.108939978750463,18.586507089662696,19.108939978750463,90200,2021-07-09,0.02048528570354291,0.5224328890877672,19.11426326206752,20.32270685831706,0.01989803066719413,2021,7,4,18.59147834777832,18.98474884033203,134600.0
2021-07-12,19.224853515625,19.50635452002137,18.703249642289016,18.947493114363,145600,2021-07-12,0.013310090062647273,0.8031048777323555,19.110714776175364,20.250813802083332,0.019824349294940945,2021,7,0,18.97233009338379,19.24969291687012,129428.57142857143
2021-07-13,18.81916046142578,19.601567027684148,18.69083019492081,18.875047547117,138800,2021-07-13,-0.02110253031938536,0.9107368327633374,19.031469345092773,20.142353121439616,0.021025554852453148,2021,7,1,19.224853515625,19.373878479003903,134371.42857142858
2021-07-14,18.39276885986328,19.251760738203185,18.388628257150515,19.04270451817103,100800,2021-07-14,-0.022657312606292335,0.8631324810526699,18.939804077148438,20.003534444173177,0.021658139453328496,2021,7,2,18.81916046142578,19.034425735473636,136085.7142857143
2021-07-15,18.467283248901367,18.773621513121046,17.804927385592038,18.63701163290881,150600,2021-07-15,0.0040512871991063015,0.9686941275290089,18.810290472848074,19.88941618601481,0.019818130869034927,2021,7,3,18.39276885986328,19.373878479003903,136057.14285714287
2021-07-16,18.28927993774414,18.943354763969435,18.109201580241493,18.800535522397418,110000,2021-07-16,-0.009638846643445276,0.8341531837279419,18.67959349496024,19.79944636027018,0.019836468699633816,2021,7,4,18.467283248901367,19.204158782958984,127885.71428571429
2021-07-19,18.17336845397949,18.21476501552556,17.469615853453213,17.742837265518993,145600,2021-07-19,-0.006337673443635228,0.745149162072348,18.619863510131836,19.70464693705241,0.016515200797791393,2021,7,0,18.28927993774414,18.59147834777832,125942.85714285714
2021-07-20,19.03028678894043,19.13791877702033,18.05745197659896,18.11954838687638,131200,2021-07-20,0.04715242180506718,1.080466800421373,18.628143038068497,19.62889003753662,0.02417093923419149,2021,7,1,18.17336845397949,18.97233009338379,131800.0
2021-07-21,19.593286514282227,19.70091848998374,18.42174553463629,18.42174553463629,108400,2021-07-21,0.02958440572051635,1.2791729553474482,18.68077632359096,19.58376719156901,0.026278743148298023,2021,7,2,19.03028678894043,19.224853515625,126485.71428571429
2021-07-22,19.53947257995605,19.75887716572065,19.220714050552804,19.52705235001537,82200,2021-07-22,-0.002746549655513353,0.5381631151678476,18.78367805480957,19.543197886149088,0.024314326789796396,2021,7,3,19.593286514282227,18.81916046142578,118400.0
2021-07-23,19.593286514282227,19.858228219864834,19.153648338608804,19.78785219103232,77000,2021-07-23,0.0027541139662785596,0.7045798812560307,18.95518057686942,19.518221600850424,0.021067294542755317,2021,7,4,19.53947257995605,18.39276885986328,115000.0
2021-07-26,20.292903900146484,20.84762634136876,19.59329191722262,19.59329191722262,178400,2021-07-26,0.035706995115611706,1.2543344241461405,19.215983527047293,19.53505662282308,0.023065670847162916,2021,7,0,19.593286514282227,18.467283248901367,118971.42857142857
2021-07-27,20.185266494750977,20.512304631747277,19.61812550850107,20.24322387963852,116600,2021-07-27,-0.005304189381921343,0.8941791232462073,19.486838749476842,19.542784055074055,0.022380096606633322,2021,7,1,20.292903900146484,18.28927993774414,119914.28571428571
2021-07-28,20.342575073242188,20.52886270891197,19.81269164660564,20.32187679798492,78200,2021-07-28,0.007793237633603622,0.71617106230633,19.79672540937151,19.54167995452881,0.020777576087989948,2021,7,2,20.185266494750977,18.17336845397949,110285.71428571429
2021-07-29,21.091869354248047,21.485142988758565,20.45021320277169,20.561984229982045,98200,2021-07-29,0.03683379701478651,1.0349297859868756,20.091237204415457,19.54788958231608,0.018471952054534477,2021,7,3,20.342575073242188,19.03028678894043,105571.42857142857
2021-07-30,21.087730407714844,21.696269675027384,20.77104212098776,20.99251704942405,167400,2021-07-30,-0.00019623422010095481,0.9252275540396226,20.304729189191544,19.58390515645345,0.017960988858317244,2021,7,4,21.091869354248047,19.593286514282227,114000.0
2021-08-02,20.802085876464844,21.647416335186545,20.68617426149492,21.46858082089657,138600,2021-08-02,-0.013545532199401467,0.9612420736916256,20.48510251726423,19.607915496826173,0.019688311366912147,2021,8,0,21.087730407714844,19.53947257995605,122057.14285714286
2021-08-03,21.340251922607425,21.44374490145535,20.549565627376342,20.9718171705772,70600,2021-08-03,0.02587077321661546,0.8941792740790078,20.73466900416783,19.615643056233726,0.020364045651760435,2021,8,1,20.802085876464844,19.593286514282227,121142.85714285714
2021-08-04,21.265737533569336,21.57621648007127,21.133680387256483,21.34025260706401,88200,2021-08-04,-0.003491729587275838,0.44253609281478745,20.87364523751395,19.626958401997886,0.018175122285451872,2021,8,2,21.340251922607425,20.292903900146484,108257.14285714286
2021-08-05,21.153961181640625,21.650727724011777,20.98009376035824,21.31955055549011,95800,2021-08-05,-0.005256170953500394,0.6706339636535361,21.0120301927839,19.65593630472819,0.018169778057253363,2021,8,3,21.265737533569336,20.185266494750977,105285.71428571429
2021-08-06,21.2119197845459,21.394066842885746,20.79877539431095,21.28229424600309,91400,2021-08-06,0.002739846329848472,0.5952914485747947,21.136222294398717,19.682292556762697,0.018226740932474693,2021,8,4,21.153961181640625,20.342575073242188,107171.42857142857
2021-08-09,20.533002853393555,21.4809987562025,20.450623492286905,21.4809987562025,270000,2021-08-09,-0.03200638782572496,1.0303752639155945,21.056384222848074,19.69443556467692,0.017458664202182853,2021,8,0,21.2119197845459,21.091869354248047,131714.2857142857
2021-08-10,20.760692596435547,20.89730251002637,20.288763277108217,20.45021365379201,105800,2021-08-10,0.011088964661803535,0.6085392329181545,21.00966453552246,19.73252118428548,0.018334967504279324,2021,8,1,20.533002853393555,21.087730407714844,122914.28571428571
2021-08-11,20.872461318969727,20.946976383301845,20.52472645765636,20.946976383301845,136400,2021-08-11,0.005383670222705916,0.4222499256454846,21.019718170166016,19.795444933573403,0.01774966639130448,2021,8,2,20.760692596435547,20.802085876464844,122600.0
2021-08-12,20.748273849487305,21.07945109616824,20.441935488499063,20.781392363744235,163400,2021-08-12,-0.005949823913174779,0.6375156076691759,20.935149874005997,19.845397631327312,0.013851080624054848,2021,8,3,20.872461318969727,21.340251922607425,135857.14285714287
2021-08-13,20.748273849487305,20.95401859240542,20.47919302744928,20.893164980594868,92000,2021-08-13,0.0,0.4748255649561379,20.86122649056571,19.891210810343424,0.013932021634121178,2021,8,4,20.748273849487305,21.265737533569336,136400.0
2021-08-16,20.764827728271484,21.062887962671923,20.16042921222817,20.50816562596959,111000,2021-08-16,0.0007978436618036877,0.9024587504437527,20.80563599722726,19.94889087677002,0.013987457384718613,2021,8,0,20.748273849487305,21.153961181640625,138571.42857142858
2021-08-17,20.21838760375977,20.62822047847473,19.385061969208728,20.62822047847473,245000,2021-08-17,-0.02631565894321064,1.243158509266003,20.663702828543528,19.97704118092855,0.016275332282664572,2021,8,1,20.764827728271484,21.2119197845459,160514.2857142857
2021-08-18,19.601566314697266,20.19354618196717,19.56844938812479,20.131451352452306,124600,2021-08-18,-0.03050793669361651,0.6250967938423813,20.53064046587263,19.990288098653156,0.015892586710358307,2021,8,2,20.21838760375977,20.533002853393555,139742.85714285713
2021-08-19,19.00544548034668,19.42769691041391,18.6287312014402,18.99302683154906,133800,2021-08-19,-0.030411897946319377,0.7989657089737108,20.279890877859934,20.004087003072105,0.0159779652673773,2021,8,3,19.601566314697266,20.760692596435547,143742.85714285713
2021-08-20,19.551891326904297,19.62640639020552,19.013314464618475,19.233132795932924,144000,2021-08-20,0.02875206724949919,0.613091925587046,20.091238021850586,20.02340571085612,0.021726922538443404,2021,8,4,19.00544548034668,20.872461318969727,144828.57142857142
2021-08-23,19.866512298583984,20.156291367032413,19.49642100079451,19.74231946447468,82000,2021-08-23,0.01609158758195206,0.6598703662379037,19.965272086007253,20.04479433695475,0.023760040931860803,2021,8,0,19.551891326904297,20.748273849487305,133200.0
2021-08-24,20.09005355834961,20.21424637782386,19.680222307451945,19.84995070433248,72400,2021-08-24,0.011252164265468823,0.5340240703719132,19.871240615844727,20.087157440185546,0.02459499224478097,2021,8,1,19.866512298583984,20.748273849487305,130400.0
2021-08-25,19.978281021118164,20.239083731854997,19.941023491012903,20.04451645473004,48800,2021-08-25,-0.005563575871354143,0.29806024084209426,19.75887680053711,20.14000784556071,0.024491052249757707,2021,8,2,20.09005355834961,20.764827728271484,121514.28571428571
2021-08-26,19.57672882080078,19.95758215808972,19.394580199334545,19.93688388178963,61200,2021-08-26,-0.020099436978232466,0.5630019587551764,19.667211260114396,20.176989364624024,0.02369954430333499,2021,8,3,19.978281021118164,20.21838760375977,95257.14285714286
2021-08-27,20.015539169311523,20.017609470819444,19.597428277820864,19.597428277820864,75400,2021-08-27,0.022414896407233043,0.42018119299858014,19.726350239345006,20.234531339009603,0.022370271531561185,2021,8,4,19.57672882080078,19.601566314697266,88228.57142857143
2021-08-30,20.110754013061523,20.5288649029828,19.899627477012068,20.03623895082964,209200,2021-08-30,0.004757046160214662,0.6292374259707323,19.88425145830427,20.29911085764567,0.016823523737560263,2021,8,0,20.015539169311523,19.00544548034668,99000.0
2021-08-31,20.081775665283203,20.487469506678966,19.998982550723188,20.081775665283203,57200,2021-08-31,-0.0014409379061322003,0.4884869559557785,19.959949220929825,20.334160486857098,0.014377535264559182,2021,8,1,20.110754013061523,19.551891326904297,86600.0
2021-09-01,20.26806259155273,20.34671825836199,19.88927794747545,20.197688130910112,77800,2021-09-01,0.00927641705467197,0.4574403108865397,20.01731354849679,20.356653022766114,0.013626778411523037,2021,9,2,20.081775665283203,19.866512298583984,86000.0
2021-09-02,20.45435333251953,20.533007432001437,20.102477817938126,20.32602146361764,94800,2021-09-02,0.00919134427009527,0.43052961406331036,20.06935637337821,20.387149047851562,0.013438283724301824,2021,9,3,20.26806259155273,20.09005355834961,89200.0
2021-09-03,20.51644515991211,20.65553909311081,20.12110129083368,20.363274440603814,151800,2021-09-03,0.0030356289628508115,0.5344378022771323,20.146236964634486,20.417921002705892,0.012946569305119462,2021,9,4,20.45435333251953,19.978281021118164,103914.28571428571
2021-09-07,20.470911026000977,20.843484793138543,20.12731358671292,20.58268362989549,195200,2021-09-07,-0.002219396857312428,0.7161712064256243,20.273977279663086,20.42385457356771,0.00838975844520908,2021,9,1,20.51644515991211,19.57672882080078,123057.14285714286
2021-09-08,20.37569808959961,20.67375679350512,19.920328037203024,20.61166195398117,285800,2021-09-08,-0.004651133321835754,0.753428756302096,20.325428553989955,20.430202293395997,0.005552607225050059,2021,9,2,20.470911026000977,20.015539169311523,153114.2857142857
2021-09-09,21.54309844970703,22.155776683430997,20.425373983393012,20.46263151824273,431600,2021-09-09,0.0572937601928496,1.7304027000379847,20.530049187796457,20.470219739278157,0.02152986469470707,2021,9,3,20.37569808959961,20.110754013061523,184885.7142857143
2021-09-10,24.13042259216309,25.252286069699604,22.77259367719757,24.01037036135372,1027800,2021-09-10,0.12009990802837578,2.4796923925020344,21.10842732020787,20.571504847208658,0.04590774864137482,2021,9,4,21.54309844970703,20.081775665283203,323542.85714285716
2021-09-13,24.14698028564453,24.21942504811073,22.81399033955689,24.010368808556223,570200,2021-09-13,0.0006861750314650639,1.4054347085538375,21.66255841936384,20.67347984313965,0.04658380750030653,2021,9,0,24.13042259216309,20.26806259155273,393885.71428571426
2021-09-14,23.79924201965332,24.962501891267767,23.63406639473289,24.010366965372917,331800,2021-09-14,-0.01440090072869038,1.3284354965348761,22.14039966038295,20.773385047912598,0.04881969660319015,2021,9,1,24.14698028564453,20.45435333251953,427742.85714285716
2021-09-15,24.48643684387207,24.647885621174247,23.92757386954449,24.22977314639835,229200,2021-09-15,0.02887465170744785,0.7203117516297581,22.70754132952009,20.87825787862142,0.04804384583548183,2021,9,2,23.79924201965332,20.51644515991211,438800.0
2021-09-16,25.28954124450684,25.396345745424338,23.708168849761996,24.58992936258566,371800,2021-09-16,0.03279792832887218,1.688176895662341,23.395917075020925,21.012384668986,0.0463449422625726,2021,9,3,24.48643684387207,20.470911026000977,464028.5714285714
2021-09-17,24.56624984741211,25.56216715801406,23.89431598437861,24.763121835884814,540000,2021-09-17,-0.028600415883456853,1.667851173635448,23.994567326137,21.126127624511717,0.05018583876895819,2021,9,4,25.28954124450684,20.37569808959961,500342.85714285716
2021-09-20,24.04411125183105,24.609049296372373,23.32081978199657,23.894317691773644,317800,2021-09-20,-0.021254306164929848,1.2882295143758036,24.351854869297572,21.22053400675456,0.05134041538875022,2021,9,0,24.56624984741211,21.54309844970703,484085.71428571426
2021-09-21,24.519176483154297,24.68180904679149,23.50014749041627,24.228147556207905,224600,2021-09-21,0.019758069921884447,1.181661556375218,24.407391139439174,21.353406461079917,0.024939401185505947,2021,9,1,24.04411125183105,24.13042259216309,369342.85714285716
2021-09-22,24.716041564941406,25.280979527244185,24.416452855810636,24.823037415871887,229200,2021-09-22,0.008029025033624793,0.8645266714335484,24.488685607910156,21.485251426696777,0.0250022074581618,2021,9,2,24.519176483154297,24.14698028564453,320628.5714285714
2021-09-23,25.20822525024414,25.559171540172134,24.81447963677172,24.823039501480608,188200,2021-09-23,0.019913532027753034,0.7446919034004154,24.68996892656599,21.62977689107259,0.02423671446269321,2021,9,3,24.716041564941406,23.79924201965332,300114.28571428574
2021-09-24,24.36937522888184,25.22962281318153,24.142544539822484,24.84229670977328,175000,2021-09-24,-0.03327683773986334,1.0870782733590438,24.67324583871024,21.750480270385744,0.026780547331440377,2021,9,4,25.20822525024414,24.48643684387207,292371.4285714286
2021-09-27,24.716041564941406,25.05414884571224,24.343268712533504,24.399333127831245,103000,2021-09-27,0.014225491330968065,0.7108801331787369,24.591317313058035,21.88273919423421,0.023687544203581438,2021,9,0,24.36937522888184,25.28954124450684,253971.42857142858
2021-09-28,24.540571212768555,24.89151751293828,23.97135243772052,24.814480360937385,148000,2021-09-28,-0.007099452058769273,0.9201650752177599,24.587648936680385,22.008597310384115,0.021068314025650133,2021,9,1,24.716041564941406,24.56624984741211,197971.42857142858
2021-09-29,24.89579391479492,25.037029222273897,24.155382819179685,24.784518947718528,99200,2021-09-29,0.014474915801533594,0.8816464030942122,24.709317888532365,22.164510854085286,0.01930300413074809,2021,9,2,24.540571212768555,24.04411125183105,166742.85714285713
2021-09-30,25.68756866455078,26.19258930154201,24.810202857109207,25.03703357905992,256600,2021-09-30,0.03180355494850606,1.3823864444328038,24.876231057303293,22.367377599080402,0.021260336081223515,2021,9,3,24.89579391479492,24.519176483154297,171314.2857142857
2021-10-01,26.928714752197266,26.958675092222947,25.34517747783685,25.89299570755604,174600,2021-10-01,0.0483169934786114,1.6134976143860982,25.19232722691127,22.631486574808758,0.026447666894793567,2021,10,4,25.68756866455078,24.716041564941406,163514.2857142857
2021-10-04,26.50929450988769,27.455139182485716,26.234957612638706,27.061393556480077,159200,2021-10-04,-0.015575204615933314,1.2201815698470106,25.37819426400321,22.863400014241538,0.028162952876004867,2021,10,0,26.928714752197266,25.20822525024414,159371.42857142858
2021-10-05,27.28822326660156,27.47653539142447,26.50073367600912,26.714725394837203,159400,2021-10-05,0.029383232225336453,0.9758017154153507,25.795172555106028,23.110790379842122,0.022388704966242148,2021,10,1,26.50929450988769,24.36937522888184,157142.85714285713
2021-10-06,27.536455154418945,28.03291755166384,26.714727667863382,26.87308272876145,188200,2021-10-06,0.00909666728361902,1.318189883800457,26.198088782174246,23.359003766377768,0.02255898212292559,2021,10,2,27.28822326660156,24.716041564941406,169314.2857142857
2021-10-07,28.97447967529297,29.2376918608932,27.661429312173645,27.85316507124132,290800,2021-10-07,0.05222257232493677,1.576262548719555,26.831504276820592,23.65887705485026,0.023651334786114444,2021,10,3,27.536455154418945,24.540571212768555,189714.2857142857
2021-10-08,29.539417266845703,29.95884249853729,28.683450338316067,29.201313203500632,199600,2021-10-08,0.019497764856653,1.275392160221223,27.494879041399276,23.990966669718425,0.023380120755290747,2021,10,4,28.97447967529297,24.89579391479492,204057.14285714287
2021-10-11,28.486576080322266,29.530856695298294,28.323943552274542,29.496617237207897,149800,2021-10-11,-0.03564190779433962,1.2069131430237512,27.894737243652344,24.273334566752116,0.03229083644714458,2021,10,0,29.539417266845703,25.68756866455078,188800.0
2021-10-12,27.878841400146484,28.39242022904067,27.843746444123987,28.39242022904067,149000,2021-10-12,-0.02133407252813324,0.5486737849166836,28.030469621930802,24.53227081298828,0.031142323326471856,2021,10,1,28.486576080322266,26.928714752197266,185142.85714285713
2021-10-13,28.91455841064453,29.102872157722945,27.930198517403557,27.987973927321807,144800,2021-10-13,0.03715064753345909,1.1726736403193883,28.37407875061035,24.826696904500327,0.03160258195715884,2021,10,2,27.878841400146484,26.50929450988769,183085.7142857143
2021-10-14,29.179914474487305,30.082959899473916,28.469460313870204,29.33826954125561,193000,2021-10-14,0.009177247671369848,1.6134995856037122,28.644320351736887,25.123758633931477,0.03075875895832911,2021,10,3,28.91455841064453,27.28822326660156,187885.7142857143
2021-10-15,29.445262908935547,30.241312393720897,28.709130846423964,29.676371100417445,244400,2021-10-15,0.00909353023225079,1.5321815472969327,28.917007173810685,25.42345561981201,0.030758774746348166,2021,10,4,29.179914474487305,27.536455154418945,195914.2857142857
2021-10-18,29.31258773803711,30.417213652516235,29.05066205629634,29.813330893060492,119000,2021-10-18,-0.004505823952353771,1.366551596219896,28.965308325631277,25.71666037241618,0.024655099342475104,2021,10,0,29.445262908935547,28.97447967529297,171371.42857142858
2021-10-19,28.824682235717773,30.33118567923369,28.47373596738525,29.53513626919212,136600,2021-10-19,-0.01664491401031143,1.8574497118484423,28.863203321184432,25.99511941274007,0.024139460929402168,2021,10,1,29.31258773803711,29.539417266845703,162371.42857142858
2021-10-20,28.99159812927246,29.107155489875225,28.486577525214063,28.77332891969765,75400,2021-10-20,0.005790727966737297,0.6205779646611624,28.935349328177317,26.282316080729167,0.019506467566825423,2021,10,2,28.824682235717773,28.486576080322266,151742.85714285713
2021-10-21,28.657772064208984,28.918842235796504,27.89168127966172,28.73480921755046,93400,2021-10-21,-0.011514579623205234,1.0271609561347823,29.0466251373291,26.519471867879233,0.017767672236466484,2021,10,3,28.99159812927246,27.878841400146484,143800.0
2021-10-22,29.064355850219727,29.1585094605534,28.31795134922527,28.726248553905485,85200,2021-10-22,0.014187557396289296,0.8405581113281286,29.06802477155413,26.683936309814452,0.011741809962204612,2021,10,4,28.657772064208984,28.91455841064453,135285.7142857143
2021-10-25,29.92032241821289,30.48953788443369,29.128550480102557,30.24772947284051,166000,2021-10-25,0.02945073245057639,1.3609874043311336,29.173797334943497,26.87638104756673,0.015912702673726263,2021,10,0,29.064355850219727,29.179914474487305,131428.57142857142
2021-10-26,30.318342208862305,31.35406450889656,29.642130924696428,30.19850738040896,133400,2021-10-26,0.013302657140055851,1.711933584200132,29.29852294921875,27.09368438720703,0.016227168395759193,2021,10,1,29.92032241821289,29.445262908935547,115571.42857142857
2021-10-27,30.630779266357425,30.742055891725816,29.971684278029265,30.08296090339766,105400,2021-10-27,0.01030521574506782,0.7703716136965504,29.48683602469308,27.298495801289878,0.015849554587793135,2021,10,2,30.318342208862305,29.31258773803711,113628.57142857143
2021-10-28,31.14007568359375,31.722133417137893,30.502378013667556,30.510939510920707,182600,2021-10-28,0.01662694940953391,1.2197554034703373,29.81760651724679,27.49351361592611,0.012395507855001993,2021,10,3,30.630779266357425,28.824682235717773,120200.0
2021-10-29,32.09447479248047,32.32558622420491,30.27126782874475,31.51241709745319,210400,2021-10-29,0.03064858025985928,2.054318395460161,30.260874611990793,27.744454447428385,0.0140498297326493,2021,10,4,31.14007568359375,28.99159812927246,139485.7142857143
2021-11-01,31.970367431640625,32.85843518906432,31.84197433562203,32.85843518906432,166200,2021-11-01,-0.003866938519552332,1.0164608534422932,30.734102521623885,28.008662986755372,0.011785047492926195,2021,11,0,32.09447479248047,28.657772064208984,149885.7142857143
2021-11-02,32.894805908203125,32.95472332575688,31.465339588088675,31.80772763004244,156000,2021-11-02,0.028915478639372605,1.4893837376682058,31.28130967276437,28.287850634256998,0.012724792673872793,2021,11,1,31.970367431640625,29.064355850219727,160000.0
2021-11-03,33.81068420410156,34.11027123904905,32.66796945833271,32.90335833857608,152800,2021-11-03,0.02784264173664086,1.4423017807163347,31.837075642177037,28.59100538889567,0.012494181041087517,2021,11,2,32.894805908203125,29.92032241821289,158114.2857142857
2021-11-04,33.25859069824219,34.63455907169347,33.19011504995887,34.238673107782994,162800,2021-11-04,-0.016328965794557893,1.444444021734597,32.25711114065988,28.85935090382894,0.018022052050316713,2021,11,3,33.81068420410156,30.318342208862305,162314.2857142857
2021-11-05,30.797691345214844,32.68510009097479,28.88888538424912,32.68510009097479,458600,2021-11-05,-0.0739928933055305,3.796214706725671,32.28095572335379,29.073628107706707,0.037792854803972875,2021,11,4,33.25859069824219,30.630779266357425,212771.42857142858
2021-11-08,28.77332878112793,30.729213017080006,28.2725856630185,30.660734097755626,393600,2021-11-08,-0.06573098422851253,2.4566273540615065,31.942849023001536,29.208871014912923,0.04449080075516257,2021,11,0,30.797691345214844,31.14007568359375,242914.2857142857
2021-11-09,29.500896453857425,30.06155367364244,28.74764474125581,28.781884197568225,170600,2021-11-09,0.02528618354393175,1.313908932386628,31.57233783176967,29.374215189615885,0.043706287796890134,2021,11,1,28.77332878112793,32.09447479248047,237228.57142857142
2021-11-10,29.967397689819336,30.260568553461,29.231268948805045,29.37250099608569,172000,2021-11-10,0.015813120685724602,1.0292996046559537,31.28619929722377,29.543268648783364,0.04486850024919733,2021,11,2,29.500896453857425,31.970367431640625,238057.14285714287
2021-11-11,31.05447196960449,31.302703105365797,30.067970181078262,30.37397998547886,171800,2021-11-11,0.0362752312041581,1.2347329242875347,31.02329444885254,29.72216542561849,0.04595924993122295,2021,11,3,29.967397689819336,32.894805908203125,240314.2857142857
2021-11-12,32.15867614746094,32.402626583166274,31.15719644254047,31.15719644254047,171600,2021-11-12,0.035557010241140885,1.2454301406258033,30.78729329790388,29.89649747212728,0.047021537129634146,2021,11,4,31.05447196960449,33.81068420410156,243000.0
2021-11-15,31.89760971069336,32.42445860044604,31.24279547858303,32.0559647810766,119200,2021-11-15,-0.008118071638598567,1.1816631218630071,30.59286744253976,30.0761079788208,0.04682760527184989,2021,11,0,32.15867614746094,33.25859069824219,236771.42857142858
2021-11-16,31.486743927001957,32.09447967401648,31.1571980900378,31.81201228022646,102200,2021-11-16,-0.012880770296517352,0.9372815839786846,30.691303525652206,30.216058667500814,0.03634084737848191,2021,11,1,31.89760971069336,30.797691345214844,185857.14285714287
2021-11-17,30.91325569152832,31.512430096584552,30.39539268175661,31.48675212644089,79600,2021-11-17,-0.018213640534035402,1.1170374148279407,30.997007369995117,30.32861868540446,0.02329819767513419,2021,11,2,31.486743927001957,28.77332878112793,141000.0
2021-11-18,29.839008331298828,30.70781426112401,29.428144588067678,30.70781426112401,193200,2021-11-18,-0.03475037928547542,1.2796696730563326,31.04530906677246,30.35743630727132,0.027612336168849214,2021,11,3,30.91325569152832,29.500896453857425,144228.57142857142
2021-11-19,28.69200897216797,29.958839508108905,28.69200897216797,29.87324412990177,109200,2021-11-19,-0.038439593782603865,1.2668305359409366,30.86311067853655,30.329189364115397,0.030533599058290235,2021,11,4,29.839008331298828,29.967397689819336,135257.14285714287
2021-11-22,29.800485610961918,30.15571264814528,28.721968783967693,28.721968783967693,225000,2021-11-22,0.03863363628072203,1.4337438641775861,30.68396977015904,30.372986348470054,0.031083254677954336,2021,11,0,28.69200897216797,31.05447196960449,142857.14285714287
2021-11-23,29.89464569091797,30.09579845074837,29.261231963425267,29.6121782895374,173800,2021-11-23,0.003159682737566394,0.8345664873231016,30.36053684779576,30.4401798248291,0.025945619324712985,2021,11,1,29.800485610961918,32.15867614746094,143171.42857142858
2021-11-24,30.040159225463867,30.172833049309865,29.207731550671102,29.753407834040072,116600,2021-11-24,0.004867545046372879,0.9651014986387629,30.09518677847726,30.477699851989748,0.02656665753365466,2021,11,2,29.89464569091797,31.89760971069336,142800.0
2021-11-26,30.266984939575195,30.519493564647338,29.21842370692193,29.21842370692193,100800,2021-11-26,0.007550749395464518,1.301069857725409,29.920935494559153,30.51393553415934,0.027088034812416596,2021,11,4,30.040159225463867,31.486743927001957,142600.0
2021-11-29,30.63505744934082,31.19571474801952,30.23275194419472,30.523780833294182,154800,2021-11-29,0.012160858126451624,0.9629628038247979,29.881192888532365,30.553595352172852,0.027109918844680527,2021,11,0,30.266984939575195,30.91325569152832,153342.85714285713
2021-11-30,29.63785171508789,30.806247883672583,28.970198627470552,30.198508948138123,549800,2021-11-30,-0.03255112989103881,1.8360492562020312,29.85245622907366,30.564437484741212,0.02666229004611805,2021,11,1,30.63505744934082,29.839008331298828,204285.7142857143
2021-12-01,28.52937889099121,30.630775972824985,28.379582068417182,30.373986550955404,168400,2021-12-01,-0.03740057932513319,2.2511939044078026,29.829223360334122,30.554594039916992,0.026418692830779838,2021,12,2,29.63785171508789,28.69200897216797,212742.85714285713
2021-12-02,27.08707046508789,28.589293151473697,26.53497147324944,28.52509498679401,390800,2021-12-02,-0.05055519895523419,2.054321678224259,29.441592625209264,30.491109784444173,0.02589519881956632,2021,12,3,28.52937889099121,29.800485610961918,236428.57142857142
2021-12-03,26.29958152770996,27.309622661750414,25.466296775812992,27.159827484933835,253800,2021-12-03,-0.029072503000755034,1.8433258859374213,28.92801203046526,30.41250343322754,0.02535040812212356,2021,12,4,27.08707046508789,29.89464569091797,247857.14285714287
2021-12-06,26.93727684020996,27.03571283445087,25.982873975045766,26.295301687017496,113400,2021-12-06,0.024247355868689757,1.052838859405103,28.484743118286133,30.341600799560545,0.02903613865948331,2021,12,0,26.29958152770996,30.040159225463867,247400.0
2021-12-07,27.271106719970703,28.24904723266846,27.04855512382448,27.382381701730143,171800,2021-12-07,0.012392859224078068,1.200492108843978,28.05676051548549,30.253293609619142,0.029715106875779135,2021,12,1,26.93727684020996,30.266984939575195,257542.85714285713
2021-12-08,28.482297897338867,28.91455880040756,27.326740704582345,27.326740704582345,199800,2021-12-08,0.044412982201459617,1.587818095825213,27.749223436628068,30.19209213256836,0.03629190361451435,2021,12,2,27.271106719970703,30.63505744934082,263971.4285714286
2021-12-09,26.53925132751465,28.62353013926131,26.44081533619317,28.465178362599797,157600,2021-12-09,-0.06821944552464498,2.182714803068137,27.30656623840332,30.055707867940267,0.04206510093392051,2021,12,3,28.482297897338867,29.63785171508789,207942.85714285713
2021-12-10,26.11126708984375,26.8730786687828,25.91439511334494,26.68048580802216,149800,2021-12-10,-0.016126462362831773,0.9586835554378581,26.961121695382253,29.888080914815266,0.04092018230670406,2021,12,4,26.53925132751465,28.52937889099121,205285.7142857143
2021-12-13,25.64048957824707,26.231107222965807,25.307946239775376,26.094152643411807,131000,2021-12-13,-0.018029669336873888,0.9231609831904315,26.754467282976425,29.67294807434082,0.037495463813658744,2021,12,0,26.11126708984375,27.08707046508789,168171.42857142858
2021-12-14,25.024194717407227,25.7774449274442,24.89579836669284,25.34518232893835,165400,2021-12-14,-0.0240360020801903,0.8816465607513599,26.572269167218888,29.441408983866374,0.03705147835916039,2021,12,1,25.64048957824707,26.29958152770996,155542.85714285713
2021-12-15,25.5120906829834,25.580567961538105,24.651843136473605,25.203942113173667,262000,2021-12-15,0.01949696967618242,0.9287248250644993,26.36867114475795,29.19531847635905,0.036433234150677216,2021,12,2,25.024194717407227,26.93727684020996,176771.42857142858
2021-12-16,25.139745712280277,27.45941659643653,25.058427821146868,25.91867537208451,130600,2021-12-16,-0.014594843493225595,2.4009887752896617,26.064191000802175,28.90628719329834,0.03543370450535324,2021,12,3,25.5120906829834,27.271106719970703,170885.7142857143
2021-12-17,25.36229705810547,25.550610810068267,24.6989230755942,25.066989082473636,143400,2021-12-17,0.00885256948786406,0.8516877344740656,25.618476595197404,28.643077405293784,0.027914098168992003,2021,12,4,25.139745712280277,28.482297897338867,162828.57142857142
2021-12-20,24.82304000854492,25.15258745974605,23.78304009826639,25.15258745974605,182600,2021-12-20,-0.021262153357998415,1.3695473614796612,25.3733035496303,28.443922360738117,0.01668240508234833,2021,12,0,25.36229705810547,26.53925132751465,166400.0
2021-12-21,25.251022338867188,25.261722577654883,24.790939825658995,25.21678288084833,145000,2021-12-21,0.01724133426747665,0.4707827519958876,25.250411442347936,28.326512145996094,0.01903643620757965,2021,12,1,24.82304000854492,26.11126708984375,165714.2857142857
2021-12-22,25.379419326782227,25.533493636488117,24.64542761383088,24.64542761383088,212800,2021-12-22,0.005084823346633627,0.8880660226572381,25.213115692138672,28.189129575093588,0.01831347370838834,2021,12,2,25.251022338867188,25.64048957824707,177400.0
2021-12-23,26.329538345336918,26.47077201505272,25.206081946731064,25.642625200390302,139800,2021-12-23,0.037436594049732985,1.2646900683216558,25.399593353271484,28.067867596944172,0.020240710135978005,2021,12,3,25.379419326782227,25.024194717407227,173742.85714285713
2021-12-27,26.239665985107425,26.817442991270955,25.82024239877813,26.320982253102887,80600,2021-12-27,-0.003413366351157854,0.997200592492824,25.503532682146346,27.907374064127605,0.019818792465111933,2021,12,0,26.329538345336918,25.5120906829834,147828.57142857142
2021-12-28,25.634069442749023,26.911600327590715,25.516373338610705,26.18830723784489,87400,2021-12-28,-0.023079430306091275,1.39522698898001,25.574150357927596,27.68988717397054,0.021358881536331684,2021,12,1,26.239665985107425,25.139745712280277,141657.14285714287
2021-12-29,25.18682289123535,25.84591773095373,25.079827039305503,25.691843442954404,76600,2021-12-29,-0.017447348830530007,0.7660906916482269,25.549082619803293,27.466194279988606,0.022439514909360678,2021,12,2,25.634069442749023,25.36229705810547,132114.2857142857
2021-12-30,25.987159729003903,26.10699459157359,25.032756680014145,25.032756680014145,98000,2021-12-30,0.031776014038160216,1.0742379115594431,25.71538543701172,27.282874806722006,0.02330734003526536,2021,12,3,25.18682289123535,24.82304000854492,120028.57142857143
2021-12-31,26.14978790283203,26.5948910785925,25.392686388318754,25.987155368810814,112800,2021-12-31,0.006258020327116531,1.2022046902737458,25.843780517578125,27.124092547098794,0.022852524425640893,2021,12,4,25.987159729003903,25.251022338867188,115428.57142857143
2022-01-03,25.340898513793945,26.618429314336865,25.04559053466116,26.14978693576275,180400,2022-01-03,-0.030932923511417187,1.5728387796757062,25.838277544294083,26.974155553181966,0.02663297567820231,2022,1,0,26.14978790283203,25.379419326782227,110800.0
2022-01-04,25.31950187683105,26.255074089612265,24.754563830233337,25.589131918543217,127600,2022-01-04,-0.0008443519455810788,1.5005102593789275,25.693986620221818,26.861738650004067,0.021024966152670764,2022,1,1,25.340898513793945,26.329538345336918,109057.14285714286
2022-01-05,24.519176483154297,26.102715848567883,24.43357945182402,25.422221980064933,93400,2022-01-05,-0.03160904971867173,1.6691363967438626,25.44820240565709,26.68569501241048,0.023175530465592856,2022,1,2,25.31950187683105,26.239665985107425,110885.71428571429
2022-01-06,24.151107788085938,24.81876260134416,23.30797981419688,24.506333225770494,130600,2022-01-06,-0.01501146236788331,1.5107827871472814,25.236350740705216,26.494243748982747,0.022575341876322715,2022,1,3,24.519176483154297,25.634069442749023,117057.14285714286
2022-01-07,24.0954704284668,24.60049108289388,23.877199564495243,24.335141773278327,93000,2022-01-07,-0.0023037187406609316,0.7232915183986357,25.080443246023997,26.29608745574951,0.02227160528472037,2022,1,4,24.151107788085938,25.18682289123535,119400.0
2022-01-10,24.810203552246094,24.823042534564568,23.53909205863881,23.91571798871272,150200,2022-01-10,0.029662551138030402,1.2839504759257565,24.91230664934431,26.114194742838542,0.021679081986129865,2022,1,0,24.0954704284668,25.987159729003903,126857.14285714286
2022-01-11,25.21250343322754,25.310939424795937,24.12114602895586,24.60048700652329,139800,2022-01-11,0.016215097958961477,1.189793395840077,24.77840886797224,25.933442942301433,0.022937942262339972,2022,1,1,24.810203552246094,26.14978790283203,130714.28571428571
2022-01-12,25.24674415588379,25.383698727765704,24.93774005614192,25.32806042274265,116400,2022-01-12,0.0013580849972685272,0.4459586716237851,24.764958245413645,25.787072690327964,0.01989229473458707,2022,1,2,25.21250343322754,25.340898513793945,121571.42857142857
2022-01-13,25.263858795166016,25.661883475418296,24.542707833437685,25.229620973195125,131800,2022-01-13,0.0006778949070245233,1.1191756419806111,24.75700923374721,25.67822202046712,0.0198944612161389,2022,1,3,25.24674415588379,25.31950187683105,122171.42857142857
2022-01-14,25.14402961730957,25.301527552058587,24.69892640331725,25.161149348454064,133800,2022-01-14,-0.004743106697515764,0.6026011487413356,24.846273967197963,25.613453992207845,0.01473515440503882,2022,1,4,25.263858795166016,24.519176483154297,127942.85714285714
2022-01-18,25.358020782470703,25.649049674803763,24.386070354194,25.22962606705962,222800,2022-01-18,0.00851061537939879,1.2629793206097624,25.01869010925293,25.582068634033202,0.012227229306120972,2022,1,1,25.14402961730957,24.151107788085938,141114.2857142857
2022-01-19,25.76888656616211,25.993578560401392,24.951438133048907,25.57201454476108,200200,2022-01-19,0.016202596693801308,1.0421404273524857,25.257749557495117,25.54312229156494,0.011861967012211906,2022,1,2,25.358020782470703,24.0954704284668,156428.57142857142
2022-01-20,25.27670669555664,27.20263249110605,25.101233521711684,25.8416447983076,235000,2022-01-20,-0.019099772484999944,2.101398969394367,25.324392863682338,25.47664229075114,0.012485016357932435,2022,1,3,25.76888656616211,24.810203552246094,168542.85714285713
2022-01-21,24.57480812072754,25.3023802887274,24.4399939260825,24.981392711606336,253200,2022-01-21,-0.027768592771323597,0.862386362644898,25.233293533325195,25.34639263153076,0.01531528134125411,2022,1,4,25.27670669555664,25.21250343322754,184742.85714285713
2022-01-24,25.4436149597168,25.58056952519781,23.72098101989392,24.074067672279455,280000,2022-01-24,0.03535355534501483,1.8595885053038899,25.261417933872767,25.309871419270834,0.021337622458470082,2022,1,0,24.57480812072754,25.24674415588379,208114.2857142857
2022-01-25,25.31521987915039,25.46501342270366,24.187054907838885,25.20394327597324,193000,2022-01-25,-0.005046259376652595,1.2779585148647747,25.268755231584823,25.283336512247722,0.021474893167993,2022,1,1,25.4436149597168,25.263858795166016,216857.14285714287
2022-01-26,25.40081214904785,26.2824584717948,24.818756142007096,25.503528875365028,170000,2022-01-26,0.0033810597066137316,1.4637023297877043,25.305438450404576,25.27534726460775,0.021364373899377502,2022,1,2,25.31521987915039,25.14402961730957,222028.57142857142
2022-01-27,25.169708251953125,25.85918964258865,25.028472924350684,25.584851104260675,137200,2022-01-27,-0.009098287713741104,0.8307167182379658,25.278536660330637,25.28019771575928,0.02145808223076985,2022,1,3,25.40081214904785,25.358020782470703,209800.0
2022-01-28,25.25958251953125,25.400816204058703,24.476372050132845,25.39225797207409,122400,2022-01-28,0.0035707313997630497,0.9244441539258581,25.20577893938337,25.27178077697754,0.020282172153304422,2022,1,4,25.169708251953125,25.76888656616211,198685.7142857143
2022-01-31,26.49217414855957,26.53925095299291,24.96427348144816,25.30237913986721,138000,2022-01-31,0.04879699132300597,1.5749774715447487,25.379417146955216,25.316861724853517,0.026422485242141604,2022,1,0,25.25958251953125,25.27670669555664,184828.57142857142
2022-02-01,27.38237762451172,27.74188374435195,25.89299559449565,26.719003683740144,156200,2022-02-01,0.03360250732764225,1.8488881498563003,25.780498504638672,25.384197743733726,0.022899593717487298,2022,2,1,26.49217414855957,24.57480812072754,170971.42857142858
2022-02-02,27.527891159057617,27.647725984270988,26.74896152991661,27.613486529851716,108000,2022-02-02,0.005314130735515121,0.898764454354378,26.078252247401647,25.474359448750814,0.021388119585224727,2022,2,2,27.38237762451172,25.4436149597168,146400.0
2022-02-03,27.03999900817871,27.604937125722834,26.6184349784492,27.40806509774209,128600,2022-02-03,-0.01772355710286122,0.9865021472736331,26.324649265834264,25.53399200439453,0.023459411851810285,2022,2,3,27.527891159057617,25.31521987915039,137200.0
2022-02-04,26.967233657836918,27.198345088600043,26.252502154428548,26.915876106320816,102000,2022-02-04,-0.002691026368742966,0.9458429341714947,26.548423767089847,25.58691914876302,0.023840817552718815,2022,2,4,27.03999900817871,25.40081214904785,127485.71428571429
2022-02-07,28.58929443359375,28.649211852580716,26.76180335872805,26.76180335872805,250600,2022-02-07,0.06014932033213749,1.8874084938526678,27.03693607875279,25.662244351704917,0.02897782349343476,2022,2,0,26.967233657836918,25.169708251953125,143685.7142857143
2022-02-08,29.595060348510746,29.616457564842506,28.28328984641172,28.674895149613917,342000,2022-02-08,0.03517980890550332,1.3331677184307864,27.65629005432129,25.774090830485026,0.028685553483519876,2022,2,1,28.58929443359375,25.25958251953125,175057.14285714287
2022-02-09,31.67078018188477,31.67078018188477,30.03588328148416,31.028804907927643,503400,2022-02-09,0.07013737457975733,1.6348969004006086,28.39609091622489,25.97531452178955,0.03270735632601832,2022,2,2,29.595060348510746,26.49217414855957,227257.14285714287
2022-02-10,32.12015914916992,32.95472556850424,30.693690235481416,31.32838715642427,448400,2022-02-10,0.014189071589155056,2.2610353330228214,29.07291684831892,26.20642573038737,0.03280600971807465,2022,2,3,31.67078018188477,27.38237762451172,269000.0
2022-02-11,32.08163833618164,32.46981832441816,31.73240303864428,32.0987580656472,328800,2022-02-11,-0.0011992721707693166,0.7374152857738849,29.723452159336635,26.409575017293296,0.03349322269080689,2022,2,4,32.12015914916992,27.527891159057617,300542.85714285716
2022-02-14,31.465341567993164,32.74073367600579,31.310411769247704,32.312750229260615,260200,2022-02-14,-0.019210264816601264,1.4303219067580848,30.35564395359584,26.586760139465333,0.033794727876582976,2022,2,0,32.08163833618164,27.03999900817871,319342.85714285716
2022-02-15,31.45678329467773,32.18007636361369,31.131514961305022,32.000320834622066,161200,2022-02-15,-0.0002719904786966376,1.0485614023086711,30.997008187430247,26.79062296549479,0.033506951277895256,2022,2,1,31.465341567993164,26.967233657836918,327800.0
2022-02-16,31.533823013305664,31.97892622541316,31.341231752941624,31.499583551161667,130400,2022-02-16,0.002449065370297099,0.6376944724715372,31.41765512738909,26.99776700337728,0.029635415586414943,2022,2,2,31.45678329467773,28.58929443359375,310628.5714285714
2022-02-17,30.50237464904785,31.863789702814262,30.459576963266404,31.27274605413038,160800,2022-02-17,-0.03270927105231081,1.4042127395478587,31.547271456037247,27.197206942240395,0.03267976448338485,2022,2,3,31.533823013305664,29.595060348510746,284742.85714285716
2022-02-18,30.1813907623291,30.822510425863296,29.530857370020357,30.33974581067446,201400,2022-02-18,-0.010523242547896827,1.2916530558429393,31.33450153895787,27.39821637471517,0.015487747446648997,2022,2,4,30.50237464904785,31.67078018188477,241600.0
2022-02-22,29.21842765808105,30.177112903048997,29.12512954190859,29.894642268749205,161200,2022-02-22,-0.031905855890841606,1.0519833611404081,30.919968468802317,27.56898161570231,0.014886898691745155,2022,2,1,30.1813907623291,32.12015914916992,200571.42857142858
2022-02-23,28.40526008605957,29.665671097405443,28.39669858932052,29.28262411706316,173800,2022-02-23,-0.02783064104397759,1.268972508084925,30.394771575927734,27.688816833496094,0.014668851009851665,2022,2,2,29.21842765808105,32.08163833618164,178428.57142857142
2022-02-24,29.11571311950684,29.171353056887757,27.493655477889707,27.934477901960904,168400,2022-02-24,0.025011319427979295,1.6776975789980497,30.059110369001115,27.818923823038737,0.021542265806656247,2022,2,3,28.40526008605957,31.465341567993164,165314.2857142857
2022-02-25,30.1856746673584,30.322629251915306,28.609412067166883,29.102876973009277,165000,2022-02-25,0.03674859494115257,1.713217184748423,29.87752342224121,27.98355484008789,0.028108618252012888,2022,2,4,29.11571311950684,31.45678329467773,165857.14285714287
2022-02-28,30.686412811279297,30.849048616029805,29.535139522925064,29.86468535079297,185400,2022-02-28,0.01658860202526391,1.3139090931047406,29.75646482195173,28.164306640625,0.029262532304601484,2022,2,0,30.1856746673584,31.533823013305664,173714.2857142857
2022-03-01,30.42106819152832,31.069462937664685,30.236607406134787,30.82337046416836,219200,2022-03-01,-0.008646974196131696,0.8328555315298978,29.744849613734655,28.340207926432292,0.026549323758859513,2022,3,1,30.686412811279297,30.50237464904785,182057.14285714287
2022-03-02,31.84625625610352,32.09876497323714,30.421070307630533,30.6607400412157,335800,2022-03-02,0.046848718644668885,1.6776946656066052,29.982687541416713,28.55648244222005,0.031230842247877092,2022,3,2,30.42106819152832,30.1813907623291,201257.14285714287
2022-03-03,33.284271240234375,33.412667580450695,31.65665285555741,32.09875852862259,294400,2022-03-03,0.04515491468028521,1.7560147248932836,30.563522338867188,28.806995264689128,0.028207413269288082,2022,3,3,31.84625625610352,29.21842765808105,220285.7142857143
2022-03-04,32.436866760253906,33.15373709516509,32.1158791658969,32.95472635398598,215200,2022-03-04,-0.02545960744834086,1.037857929268192,31.13946614946638,29.045667266845705,0.027556309551442514,2022,3,4,33.284271240234375,28.40526008605957,226200.0
2022-03-07,30.395383834838867,32.625180530633855,30.30978844910308,32.5267428983085,435000,2022-03-07,-0.06293711844932393,2.3153920815307742,31.322276251656668,29.23968645731608,0.04125171099624438,2022,3,0,32.436866760253906,29.11571311950684,264285.71428571426
2022-03-08,30.605098724365234,31.756372033416607,30.33118956594556,30.502380341016806,214400,2022-03-08,0.006899563784616314,1.4251824674710463,31.382193974086217,29.411735916137694,0.039140725169061204,2022,3,1,30.395383834838867,30.1856746673584,271342.85714285716
2022-03-09,31.970367431640625,32.29777456110794,31.187160076687395,31.187160076687395,190200,2022-03-09,0.04460919141517028,1.110614484420548,31.565616062709264,29.63357416788737,0.04212465301498861,2022,3,2,30.605098724365234,30.686412811279297,272028.5714285714
2022-03-10,31.40970230102539,32.01101847159404,30.9603184129594,31.375462844452795,174200,2022-03-10,-0.01753702492828879,1.0507000586346429,31.70684950692313,29.833870506286623,0.04279103516645286,2022,3,3,31.970367431640625,30.42106819152832,265600.0
2022-03-11,29.993074417114254,32.45397871780428,29.834719399665417,32.2785039742593,268400,2022-03-11,-0.04510160173867328,2.619259318138866,31.44210924421038,29.994649378458657,0.04204204002131735,2022,3,4,31.40970230102539,31.84625625610352,255971.42857142858
2022-03-14,29.71060943603516,30.96246229633764,29.41530308464805,30.42534099272113,177800,2022-03-14,-0.009417673465242249,1.5471592116895927,30.931586129324778,30.143016942342122,0.03507539530093926,2022,3,0,29.993074417114254,33.284271240234375,239314.2857142857
2022-03-15,29.62500762939453,30.24130469036956,29.05365025630468,29.577929200278174,301200,2022-03-15,-0.002881186494168797,1.1876544340648785,30.529891967773438,30.247444725036623,0.03505181960597236,2022,3,1,29.71060943603516,32.436866760253906,251600.0
2022-03-16,31.1785888671875,31.272745734095587,29.562950939752337,30.044432246688068,503400,2022-03-16,0.05244154726399031,1.7097947943432494,30.6417784009661,30.37398509979248,0.03441449859541386,2022,3,2,29.62500762939453,30.395383834838867,261371.42857142858
2022-03-17,31.83768653869629,31.83768653869629,30.71209131300786,31.217111882170283,338400,2022-03-17,0.021139432394338575,1.1255952256884285,30.817862374441965,30.517644945780436,0.035020019475868025,2022,3,3,31.1785888671875,30.605098724365234,279085.71428571426
2022-03-18,31.90616798400879,32.31703171036456,31.37546614703477,31.833408314819767,386200,2022-03-18,0.0021509554480116932,0.9415655633297888,30.808691024780273,30.679850578308105,0.030660026795274128,2022,3,4,31.83768653869629,31.970367431640625,307085.71428571426
2022-03-21,34.70945358276367,34.73299280071009,32.13385041128717,32.578098048860234,504800,2022-03-21,0.08786030337958084,2.599142389422923,31.2800840650286,30.937924575805663,0.04366776668016405,2022,3,0,31.90616798400879,31.40970230102539,354314.28571428574
2022-03-22,33.62665939331055,35.522626199381705,32.757853515935075,35.26583678352143,378400,2022-03-22,-0.031195944553584876,2.7647726834466297,31.79916763305664,31.105836741129558,0.040683221274649524,2022,3,1,34.70945358276367,29.993074417114254,370028.5714285714
2022-03-23,33.8706169128418,35.52263362960784,33.605265943972114,33.605265943972114,213400,2022-03-23,0.007254884188102828,1.9173676856357247,32.39345441545759,31.248355293273924,0.03933379049962521,2022,3,2,33.62665939331055,29.71060943603516,375114.28571428574
2022-03-24,34.24296569824219,34.8549823223042,33.60099035546059,34.03325140194961,196600,2022-03-24,0.010993268482783813,1.2539919668436141,33.05316271100725,31.33409481048584,0.03835309433228692,2022,3,3,33.8706169128418,29.62500762939453,360171.4285714286
2022-03-25,33.98188400268555,34.43426213539839,33.6694546711974,34.088879857060974,138200,2022-03-25,-0.007624389133153886,0.7648074642009917,33.45363344464983,31.396152305603028,0.0369767315113103,2022,3,4,34.24296569824219,31.1785888671875,308000.0
2022-03-28,33.318511962890625,34.210001595258106,32.97612715142362,33.98188763706841,177600,2022-03-28,-0.019521343776657485,1.2338744438344875,33.665179933820454,31.437381426493328,0.038630681564903555,2022,3,0,33.98188400268555,31.83768653869629,285028.5714285714
2022-03-29,35.561134338378906,35.66813017393584,33.25858513268516,33.318502539376745,356400,2022-03-29,0.0673085994352347,2.4095450412506807,34.18731798444475,31.57390785217285,0.04461689452264226,2022,3,1,33.318511962890625,31.90616798400879,280771.4285714286
2022-03-30,34.07175827026367,35.71307419503513,34.0015683666927,35.56113865339664,173600,2022-03-30,-0.041882130472644774,1.7115058283424247,34.096218654087615,31.661073684692383,0.036147187642879566,2022,3,2,35.561134338378906,34.70945358276367,233457.14285714287
2022-03-31,33.10024642944336,34.18304756160127,32.612345440129616,34.18304756160127,334400,2022-03-31,-0.028513698445325142,1.5707021214716548,34.02101680210659,31.713287798563638,0.03579984054510201,2022,3,3,34.07175827026367,33.62665939331055,227171.42857142858
2022-04-01,34.18303680419922,34.59817797724692,33.62665705415958,33.62665705415958,176600,2022-04-01,0.03271245659949806,0.9715209230873398,34.065648215157644,31.835976537068685,0.03808287364207543,2022,4,4,33.10024642944336,33.8706169128418,221914.2857142857
2022-04-04,33.635215759277344,34.74369452650461,33.20723233483913,34.23867395505734,140000,2022-04-04,-0.01602610815591954,1.5364621916654855,33.97882679530552,31.95110403696696,0.03837866317030055,2022,4,0,34.18303680419922,34.24296569824219,213828.57142857142
2022-04-05,32.9547233581543,34.157355724135414,32.94188437798792,33.51538059378176,201600,2022-04-05,-0.02023154559177609,1.2154713461474955,33.83208956037249,32.0756472269694,0.03898122105201429,2022,4,1,33.635215759277344,33.98188400268555,222885.7142857143
2022-04-06,32.321311950683594,32.97184868850656,32.15439864965446,32.796373889075724,176400,2022-04-06,-0.019220656189000374,0.8174500388521011,33.689632415771484,32.20618228912353,0.03896108807372394,2022,4,2,32.9547233581543,33.318511962890625,222714.2857142857
2022-04-07,32.39834213256836,32.85628424078748,31.94468077262817,32.389783901264714,118400,2022-04-07,0.002383262845341738,0.9116034681593099,33.23780495779855,32.315603256225586,0.02415666883721847,2022,4,3,32.321311950683594,35.561134338378906,188714.2857142857
2022-04-08,33.16872024536133,33.695141371128884,32.09876152776903,32.34271198476988,185400,2022-04-08,0.02377831895350435,1.5963798433598555,33.108799525669646,32.415038108825684,0.023803637917642572,2022,4,4,32.39834213256836,34.07175827026367,190400.0
2022-04-11,32.8006477355957,33.7036929768954,32.48822168003479,33.168713723293884,100000,2022-04-11,-0.01109697652013275,1.2154712968606063,33.06599971226284,32.4855126063029,0.021569455860656714,2022,4,0,33.16872024536133,33.10024642944336,156914.2857142857
2022-04-12,33.408390045166016,34.18304237920813,32.96328682559203,32.96328682559203,216400,2022-04-12,0.018528363051525387,1.2197555536161033,32.955335889543804,32.585090001424156,0.01827882517184125,2022,4,1,32.8006477355957,34.18303680419922,162600.0
2022-04-13,35.09892654418945,35.11176552630784,33.59242284737077,33.59670359649518,184400,2022-04-13,0.0506021540319046,1.5193426789370719,33.164437430245535,32.69351234436035,0.02611151956659456,2022,4,2,33.408390045166016,33.635215759277344,168942.85714285713
2022-04-14,35.95489501953125,36.725263366168846,35.09892801309726,35.120325229105106,305400,2022-04-14,0.024387312081015855,1.626335353071589,33.59303338187082,32.78253313700358,0.023879888666864565,2022,4,3,35.09892654418945,32.9547233581543,183771.42857142858
2022-04-18,36.83224868774414,37.23455411036967,36.00196314979372,36.30155021009737,246600,2022-04-18,0.024401508271302053,1.2325909605759549,34.237452915736604,32.929045867919925,0.019416033960100457,2022,4,0,35.95489501953125,32.321311950683594,193800.0
2022-04-19,37.7010612487793,37.77382091823453,35.83077562703854,37.19604390297196,222400,2022-04-19,0.023588365956169532,1.9430452911959861,34.99498421805246,33.1725684483846,0.01799394367246265,2022,4,1,36.83224868774414,32.39834213256836,208657.14285714287
2022-04-20,37.80805969238281,38.13332805693011,37.10616703458672,37.96213400899707,190600,2022-04-20,0.0028380751113996627,1.0271610223433925,35.657746996198384,33.41266714731852,0.019344241497289145,2022,4,2,37.7010612487793,33.16872024536133,209400.0
2022-04-21,35.03900909423828,38.17184807398871,34.50830722182757,37.94929483323458,312800,2022-04-21,-0.0732396907081273,3.663540852161141,35.977512904575896,33.51495520273844,0.0393706199017387,2022,4,3,37.80805969238281,32.8006477355957,239800.0
2022-04-22,33.635215759277344,35.58211389824687,33.40838506676579,34.70089683711167,246800,2022-04-22,-0.04006372814897252,2.1737288314810783,36.009916578020366,33.589138984680176,0.043324360798825665,2022,4,4,35.03900909423828,33.408390045166016,244142.85714285713
2022-04-25,33.30995178222656,33.36986920236043,32.38122850489719,33.10023754650354,159000,2022-04-25,-0.009670340139294797,0.9886406974632393,35.75434875488281,33.69970156351725,0.0376197448291771,2022,4,0,33.635215759277344,35.09892654418945,240514.2857142857
2022-04-26,32.411190032958984,33.17727758060016,32.00888452114926,33.07884320978808,156600,2022-04-26,-0.02698177875319341,1.1683930594508993,35.24810518537249,33.789720916748045,0.03546555052448699,2022,4,1,33.30995178222656,35.95489501953125,219257.14285714287
2022-04-27,33.19011688232422,33.48970398245525,32.31703027804373,32.74073296687318,160000,2022-04-27,0.02403265195054982,1.1726737044115154,34.72780064174107,33.9085578918457,0.03539891747576826,2022,4,2,32.411190032958984,36.83224868774414,206885.7142857143
2022-04-28,33.86632537841797,33.97760197705686,32.37694497003875,33.78501075252213,139400,2022-04-28,0.020373790742926667,1.600657007018107,34.17998123168945,33.99814910888672,0.034843272335718024,2022,4,3,33.19011688232422,37.7010612487793,195028.57142857142
2022-04-29,33.725093841552734,34.97908535704706,33.41266451713934,33.69085438526689,300800,2022-04-29,-0.004170264570694693,1.566420839907721,33.59670039585659,34.0610626856486,0.03435349262464708,2022,4,4,33.86632537841797,37.80805969238281,210771.42857142858
2022-05-02,32.26567840576172,33.67802537575877,31.16148010305531,33.67802537575877,410200,2022-05-02,-0.04327387323657694,2.5165452727034605,33.20051029750279,34.073046366373696,0.02708213441648568,2022,5,0,33.725093841552734,35.03900909423828,224685.7142857143
2022-05-03,32.406917572021484,33.33992191774114,31.841979370547104,32.05597116300339,252600,2022-05-03,0.004377380958292321,1.4979425471940324,33.02503912789481,33.99629516601563,0.02430786557286949,2022,5,1,32.26567840576172,33.635215759277344,225514.2857142857
2022-05-04,33.14731979370117,33.2478961744626,31.067319783674545,32.67225786145713,316600,2022-05-04,0.022847042457345923,2.180576390788058,33.0018059866769,33.98031717936198,0.02630186328768686,2022,5,2,32.406917572021484,33.30995178222656,248028.57142857142
2022-05-05,31.927570343017575,33.468310381465834,31.392590936246997,33.26288011780883,355000,2022-05-05,-0.03679783036079376,2.0757194452188372,32.93271745954241,33.915548960367836,0.02815193323095566,2022,5,3,33.14731979370117,32.411190032958984,276371.4285714286
2022-05-06,30.09579467773437,32.903364934655286,29.41530259111356,32.20575311899783,450200,2022-05-06,-0.05737284878251958,3.4880623435417277,32.49067143031529,33.77730992635091,0.032221245096170935,2022,5,4,31.927570343017575,33.19011688232422,317828.5714285714
2022-05-09,28.225505828857425,29.813327223444304,28.144191197742305,29.41102175541108,304800,2022-05-09,-0.06214452447273744,1.6691360257019987,31.684840066092356,33.58543065388997,0.03288046931745323,2022,5,0,30.09579467773437,33.86632537841797,341457.14285714284
2022-05-10,27.780405044555664,28.86619680065636,27.33530026834443,28.67916956331485,304000,2022-05-10,-0.01576945288423126,1.5308965323119317,30.83559880937849,33.40082708994547,0.031921178260624385,2022,5,1,28.225505828857425,33.725093841552734,341914.28571428574
2022-05-11,26.415138244628903,28.16131145062517,26.338101095386293,27.54501425668425,233800,2022-05-11,-0.04914495658854057,1.8232103552388779,29.999807357788086,33.09596055348714,0.0324957898439574,2022,5,2,27.780405044555664,32.26567840576172,316714.28571428574
2022-05-12,26.27818298339844,27.296782360777,25.516371375687203,25.999993103723355,290400,2022-05-12,-0.005184726271811546,1.780410985089798,29.12427384512765,32.836174710591635,0.031092571355667276,2022,5,3,26.415138244628903,32.406917572021484,322114.28571428574
2022-05-13,27.206905364990234,27.968715315762832,26.53925065465304,26.87735794189844,331600,2022-05-13,0.03534195580335697,1.4294646611097939,28.27564321245466,32.639730008443195,0.034717866189048326,2022,5,4,26.27818298339844,33.14731979370117,324257.14285714284
2022-05-16,26.941558837890625,27.50221775208425,25.740209618439746,27.03999483669519,204200,2022-05-16,-0.009752911017989474,1.7620081336445033,27.56335585457938,32.39834740956624,0.03498802148570633,2022,5,0,27.206905364990234,31.927570343017575,302714.28571428574
2022-05-17,27.81036376953125,28.10139262261476,27.185506742247743,27.429455525789525,162800,2022-05-17,0.032247760304750406,0.9158858803670178,27.236865724836075,32.20418567657471,0.036846314667368665,2022,5,1,26.941558837890625,30.09579467773437,261657.14285714287
2022-05-18,26.612009048461918,27.5878107185703,26.2696226407596,27.5878107185703,211800,2022-05-18,-0.04309022100538784,1.3181880778106994,27.006366184779576,31.992761866251627,0.03289868635274375,2022,5,2,27.81036376953125,28.225505828857425,248371.42857142858
2022-05-19,27.669130325317383,28.152750441854533,26.492175853565907,26.492175853565907,192200,2022-05-19,0.03972346751161826,1.6605745882886254,26.990469796316965,31.837689145406088,0.037105519592278854,2022,5,3,26.612009048461918,27.780405044555664,232400.0
2022-05-20,27.065673828125,27.900241873879576,26.402298181097464,27.900241873879576,162600,2022-05-20,-0.021809738509931287,1.497943692782112,27.08340345110212,31.659933535257974,0.03218051759031903,2022,5,4,27.669130325317383,26.415138244628903,222228.57142857142
2022-05-23,29.749134063720703,30.05043220187802,27.61777479239108,27.61777479239108,364600,2022-05-23,0.09914625634803942,2.4326574094869393,27.579253605433873,31.545947329203287,0.04768403630595092,2022,5,0,27.065673828125,26.27818298339844,232828.57142857142
2022-05-24,30.20707893371582,30.352591769496417,28.52082274699204,29.2697939394346,298800,2022-05-24,0.015393552935498267,1.8317690225043783,28.007849829537527,31.45949503580729,0.04712554234023773,2022,5,1,29.749134063720703,27.206905364990234,228142.85714285713
2022-05-25,33.33991241455078,33.63521878359268,29.79663761237513,30.207073596583577,457000,2022-05-25,0.10371189772137246,3.838581171217548,28.92190034048898,31.457212448120117,0.055558501670932924,2022,5,2,30.20707893371582,26.941558837890625,264257.14285714284
2022-05-26,34.238670349121094,34.6752119593606,33.076266027934615,33.630934734085166,399000,2022-05-26,0.02695741738595747,1.5989459314259875,29.840229851858957,31.42853724161784,0.05559354034294705,2022,5,3,33.33991241455078,27.81036376953125,298000.0
2022-05-27,33.250038146972656,34.666662443935884,33.0189266721825,34.55966657219534,301000,2022-05-27,-0.028874725334472995,1.647735771753382,30.788519723074778,31.338375345865884,0.05259639782720239,2022,5,4,34.238670349121094,26.612009048461918,310742.85714285716
2022-05-31,32.53958511352539,33.34847367056063,32.00032498708357,33.34847367056063,397800,2022-05-31,-0.02136698401087256,1.3481486834770564,31.484298978533065,31.195286560058594,0.0563210964876986,2022,5,1,33.250038146972656,27.669130325317383,340114.28571428574
2022-06-01,31.27274703979492,32.71932976242807,31.208548876472275,32.71932976242807,255800,2022-06-01,-0.03893221346586562,1.5107808859557927,32.08530943734305,30.981009419759115,0.05898824194253438,2022,6,2,32.53958511352539,27.065673828125,353428.5714285714
2022-06-02,32.47966003417969,32.78780860527879,31.435807239369613,31.687891395538745,336000,2022-06-02,0.03859312368206602,1.352001365909178,32.47538457598005,30.80339609781901,0.04951912445753234,2022,6,3,31.27274703979492,29.749134063720703,349342.85714285716
2022-06-03,31.675064086914062,32.56098992262421,31.426832839259617,31.850535648010883,134800,2022-06-03,-0.024772302001280666,1.1341570833645918,32.685096740722656,30.691264597574868,0.05156685792718302,2022,6,4,32.47966003417969,30.20707893371582,325914.28571428574
2022-06-06,29.52229881286621,32.21003426494345,29.218427700284984,32.07307969621514,453600,2022-06-06,-0.06796403846700427,2.9916065646584684,32.139723369053435,30.554167366027833,0.037239534572783145,2022,6,0,31.675064086914062,33.33991241455078,325428.5714285714
2022-06-07,29.958837509155277,30.66929150883724,29.05151154052936,30.66929150883724,282900,2022-06-07,0.014786744726627443,1.6177799683078788,31.528318677629745,30.442463556925457,0.03508765353952535,2022,6,1,29.52229881286621,34.238670349121094,308842.85714285716
2022-06-08,28.9830379486084,29.933161670784663,28.52937656478724,29.505178247480355,246800,2022-06-08,-0.032571342604621356,1.4037851059974251,30.918747220720565,30.328191820780436,0.03529943407600318,2022,6,2,29.958837509155277,33.250038146972656,301100.0
2022-06-09,28.024356842041016,28.88032371453121,27.767564168090367,28.580733350006952,235000,2022-06-09,-0.0330773160586989,1.112759546440845,30.27371461050851,30.155999819437664,0.035711493230205935,2022,6,3,28.9830379486084,32.53958511352539,277842.85714285716
2022-06-10,28.897441864013672,29.24838817159358,27.39094151727557,27.870284169319586,246400,2022-06-10,0.031154507020225042,1.8574466543180073,29.934385299682617,29.99037036895752,0.039343208500202544,2022,6,4,28.024356842041016,31.27274703979492,276500.0
2022-06-13,25.99571418762207,27.904518255902666,25.85019975650285,27.853162334201688,324100,2022-06-13,-0.10041469033994865,2.054318499399816,29.008107321602957,29.732724380493163,0.045069328686922074,2022,6,0,28.897441864013672,32.47966003417969,274800.0
2022-06-14,26.44937515258789,26.75752373886292,25.499253065951866,25.99571377015764,186500,2022-06-14,0.017451375318698892,1.2582706729110527,28.261580330984934,29.53884760538737,0.04863394421078272,2022,6,1,25.99571418762207,31.675064086914062,282185.71428571426
2022-06-15,27.03999900817871,27.604937125722834,26.235389530944403,26.723290484039094,182400,2022-06-15,0.022330351933967485,1.3695475947784317,27.906966073172434,29.359950319925943,0.047096488417823136,2022,6,2,26.44937515258789,29.52229881286621,243442.85714285713
2022-06-16,26.783201217651367,26.96295345703729,25.70981749556061,26.38945565153491,160500,2022-06-16,-0.009496960057197912,1.25313596147668,27.453303745814733,29.147813034057616,0.045713527313454135,2022,6,3,27.03999900817871,29.958837509155277,225957.14285714287
2022-06-17,26.586334228515625,27.49365877996945,26.312425053180693,26.82600557324742,182500,2022-06-17,-0.007350390550252772,1.1812337267887578,27.110917500087194,28.969771830240884,0.04508241359073596,2022,6,4,26.783201217651367,28.9830379486084,216771.42857142858
2022-06-21,27.51077461242676,27.921638317196606,26.62056991875875,26.954396474805847,146100,2022-06-21,0.03477126165515565,1.301068398437856,27.0375486101423,28.88360449473063,0.04688833737170262,2022,6,1,26.586334228515625,28.024356842041016,204071.42857142858
2022-06-22,27.373825073242188,27.964441145120603,26.85168629807261,26.85168629807261,136900,2022-06-22,-0.00497803282946141,1.1127548470479915,26.819889068603516,28.855215136210123,0.04460844773502958,2022,6,2,27.51077461242676,28.897441864013672,188428.57142857142
2022-06-23,27.51077461242676,27.998675465919355,27.0314336235286,27.4251792317368,174200,2022-06-23,0.0050029376171634166,0.9672418423907558,27.036326272147043,28.84622745513916,0.016981116606822732,2022,6,3,27.373825073242188,25.99571418762207,167014.2857142857
2022-06-24,28.67489051818848,28.948799658932906,27.79324567549577,27.79324567549577,172500,2022-06-24,0.04231490832816753,1.1555539834371373,27.354257038661412,28.92155253092448,0.021282728552020028,2022,6,4,27.51077461242676,26.44937515258789,165014.2857142857
2022-06-27,29.342544555664062,29.539416552635306,28.35818457080787,28.674891412435112,109400,2022-06-27,0.023283577562470237,1.181231981827434,27.683192116873606,29.023697916666666,0.02136423513446487,2022,6,0,28.67489051818848,27.03999900817871,154585.7142857143
2022-06-28,28.127071380615234,29.73628998245093,27.810364558504105,29.52229826867906,146900,2022-06-28,-0.04142357772493188,1.9259254239468255,27.875173568725586,29.0543701171875,0.02881202757798117,2022,6,1,29.342544555664062,26.783201217651367,152642.85714285713
2022-06-29,27.39093780517578,28.12706978113056,27.12558855232373,27.94731753544511,87600,2022-06-29,-0.02617171071520752,1.0014812288068313,27.990116936819895,29.069349416097005,0.031194852806099353,2022,6,2,28.127071380615234,26.586334228515625,139085.7142857143
2022-06-30,27.60493278503418,27.73332912734549,26.312422557943652,26.791763569323333,146800,2022-06-30,0.007812619683943867,1.4209065694018364,28.00356810433524,29.06250171661377,0.02840047380173023,2022,6,3,27.39093780517578,27.51077461242676,139185.7142857143
2022-07-01,27.647729873657227,28.23834911708666,27.194068467171643,27.5535729933856,115200,2022-07-01,0.0015503420695248682,1.0442806499150166,28.04269736153739,29.09702574412028,0.02828474645079707,2022,7,4,27.60493278503418,27.373825073242188,136085.7142857143
2022-07-05,23.70172500610352,27.587814061518436,23.441510325141987,27.587814061518436,418800,2022-07-05,-0.1427243714252816,4.146303736376449,27.49854741777693,28.964778900146484,0.06130501332583825,2022,7,1,27.647729873657227,27.51077461242676,171028.57142857142
2022-07-06,23.273738861083984,23.7744786793468,22.09164820973272,23.51340853165333,539600,2022-07-06,-0.01805717283907915,1.6828304696140783,26.726954323904856,28.838381067911783,0.05512083343666827,2022,7,2,23.70172500610352,28.67489051818848,223471.42857142858
2022-07-07,24.360815048217773,24.60048634688857,23.171021684280685,23.53908768013588,502100,2022-07-07,0.046708274661940496,1.4294646626078844,26.015278679983957,28.658770434061687,0.059302846336083966,2022,7,3,23.273738861083984,29.342544555664062,279571.4285714286
2022-07-08,23.949953079223636,24.82646331418717,23.761640952043365,24.35225856053809,173600,2022-07-08,-0.01686569058469145,1.0648223621438042,25.41854749407087,28.45019957224528,0.058867559696671824,2022,7,4,24.360815048217773,28.127071380615234,283385.71428571426
2022-07-11,24.514890670776367,24.67752483345359,23.21382226724032,23.21382226724032,206300,2022-07-11,0.023588254627638916,1.4637025662132679,25.007683617728098,28.156032180786134,0.06111548034347961,2022,7,0,23.949953079223636,27.39093780517578,300342.85714285716
2022-07-12,23.91571617126465,24.823040648165385,23.753081999537567,24.309460170298564,102900,2022-07-12,-0.02444124705911832,1.0699586486278179,24.48065267290388,27.811933708190917,0.060408798814712075,2022,7,1,24.514890670776367,27.60493278503418,294071.4285714286
2022-07-13,24.0869083404541,24.43785464316968,23.19413547967868,23.35077790756713,140500,2022-07-13,0.007158145211438205,1.2437191634910008,23.97196388244629,27.506496047973634,0.060756834705454156,2022,7,2,23.91571617126465,27.647729873657227,297685.71428571426
2022-07-14,23.91571617126465,24.00131318968034,22.914234810843915,23.89003657595174,125100,2022-07-14,-0.0071072703382997204,1.0870783788364236,24.00253404889788,27.219033749898276,0.025918061051023417,2022,7,3,24.0869083404541,23.70172500610352,255728.57142857142
2022-07-15,24.557689666748047,24.613326337147868,23.72740076779468,24.446413060693963,109800,2022-07-15,0.02684316417230037,0.8859255693531871,24.185955592564174,26.995198504130045,0.025807177705318377,2022,7,4,23.91571617126465,23.273738861083984,194328.57142857142
2022-07-18,25.07982635498047,25.708962469602127,24.94287179885736,25.09694608265263,129100,2022-07-18,0.021261637202762307,0.7660906707447666,24.288671493530273,26.74853738149007,0.020737455974024894,2022,7,0,24.557689666748047,24.360815048217773,141042.85714285713
2022-07-19,26.22682762145996,26.55637510312597,24.598779700072747,25.293823487036065,195300,2022-07-19,0.04573401945630762,1.9575954030532223,24.61393928527832,26.56692949930827,0.02339230280900647,2022,7,1,25.07982635498047,23.949953079223636,144142.85714285713
2022-07-20,25.84164428710937,26.30386561993128,24.763125667021605,26.30386561993128,180200,2022-07-20,-0.014686615549164395,1.540739952909675,24.803475516183035,26.444241015116372,0.025002094731754267,2022,7,2,26.22682762145996,24.514890670776367,140414.2857142857
2022-07-21,25.268142700195312,25.76460342550173,24.8743970862614,25.70468600509656,142700,2022-07-21,-0.02219292164779696,0.8902063392403292,24.996679306030273,26.287884521484376,0.024528485775387285,2022,7,3,25.84164428710937,23.91571617126465,146100.0
2022-07-22,24.189626693725582,25.35374229178639,23.88147806303245,25.25958540293517,144300,2022-07-22,-0.04268283661629768,1.4722642287539394,25.01135335649763,26.128104146321615,0.031191427918965883,2022,7,4,25.268142700195312,24.0869083404541,146642.85714285713
2022-07-25,24.65184783935547,24.97711619901274,23.89859763155467,24.38649853841316,79400,2022-07-25,0.019108238067591987,1.0785185674580724,25.116515023367747,26.01568717956543,0.031623212377448646,2022,7,0,24.189626693725582,23.91571617126465,140114.2857142857
2022-07-26,24.523452758789062,24.88295894262233,24.091190167962434,24.51489289338501,99200,2022-07-26,-0.005208334945238091,0.7917687746598965,25.111624036516464,25.86988754272461,0.03018195471958693,2022,7,1,24.65184783935547,24.557689666748047,138600.0
2022-07-27,26.13266944885254,26.13266944885254,24.31801894387531,24.763122113556346,125900,2022-07-27,0.06561949925614541,1.8146505049772301,25.2620301927839,25.874452718098958,0.038776236029949285,2022,7,2,24.523452758789062,25.07982635498047,138142.85714285713
2022-07-28,25.7988395690918,26.654806393628373,25.430773573320725,26.132667740847527,92300,2022-07-28,-0.012774427060125548,1.2240328203076487,25.200889042445592,25.852768198649088,0.035042673478555886,2022,7,3,26.13266944885254,26.22682762145996,123428.57142857143
2022-07-29,25.935794830322266,26.295300971634504,25.216782547697782,25.961474423497137,96100,2022-07-29,0.0053085822276497385,1.0785184239367211,25.214339120047434,25.815961392720542,0.034632661433465856,2022,7,4,25.7988395690918,25.84164428710937,111414.28571428571
2022-08-01,26.18402862548828,26.42369995460601,25.41365871188985,25.773164889252765,98300,2022-08-01,0.009571088790222726,1.010041242716163,25.345179966517858,25.79598897298177,0.03313188222786091,2022,8,0,25.935794830322266,25.268142700195312,105071.42857142857
2022-08-02,26.73184585571289,27.339583202782052,25.419649422793867,26.18402756296221,134800,2022-08-02,0.020921808406951792,1.9199337799881846,25.708354132516043,25.800839360555013,0.025549335971264384,2022,8,1,26.18402862548828,24.189626693725582,103714.28571428571
2022-08-03,27.741886138916016,28.246906723059684,26.80888211957447,27.031433701792636,232900,2022-08-03,0.03778415784135869,1.4380246034852142,26.14978817531041,25.808543078104655,0.027025039504418022,2022,8,2,26.73184585571289,24.65184783935547,125642.85714285714
2022-08-04,28.66632843017578,28.92311780692608,27.416614470217272,27.741882755569826,240000,2022-08-04,0.03332297907325654,1.506503336708807,26.741627556937082,25.851626523335774,0.025556426030870025,2022,8,3,27.741886138916016,24.523452758789062,145757.14285714287
2022-08-05,28.118505477905277,28.212662339653075,26.449371351581497,28.212662339653075,186900,2022-08-05,-0.01911032846793992,1.763290988071578,27.02531841823033,25.871884218851726,0.021679022882628966,2022,8,4,28.66632843017578,26.13266944885254,154471.42857142858
2022-08-08,28.78616714477539,28.8546427973765,28.024357142531347,28.640651076959436,142000,2022-08-08,0.023744564496670728,0.8302856548451523,27.45207950047084,25.875593439737955,0.019352778601832352,2022,8,0,28.118505477905277,25.7988395690918,161571.42857142858
2022-08-09,29.20559501647949,29.488065712088847,28.349627961064755,28.965925285845024,231000,2022-08-09,0.01457046607124357,1.1384377510240924,27.919193812779017,25.87102845509847,0.01881432290062483,2022,8,1,28.78616714477539,25.935794830322266,180842.85714285713
2022-08-10,30.09579467773437,30.729211591072467,29.65069151854493,29.958840110695657,227700,2022-08-10,0.030480449405416277,1.0785200725275352,28.47801753452846,25.93665256500244,0.019048916216997034,2022,8,2,29.20559501647949,26.18402862548828,199328.57142857142
2022-08-11,30.38682746887207,30.900406345342613,29.770530204903533,30.395385701869472,164400,2022-08-11,0.009670214535089539,1.1298761404390802,29.00015776497977,26.036515553792317,0.019452707130068726,2022,8,3,30.09579467773437,26.73184585571289,203557.14285714287
2022-08-12,30.553735733032227,30.92009073785467,30.08723537804396,30.60081416989857,130800,2022-08-12,0.005492783487553554,0.8328553598107113,29.40185056413923,26.13480898539225,0.01792425797759228,2022,8,4,30.38682746887207,27.741886138916016,188971.42857142858
2022-08-15,30.04443359375,30.361143663050573,29.295462638269367,30.07011481831079,141200,2022-08-15,-0.01666906278604785,1.065681024781206,29.59872273036412,26.214699109395344,0.018886958299870943,2022,8,0,30.553735733032227,28.66632843017578,174857.14285714287
2022-08-16,30.29267120361328,30.55802214556668,29.22271246788094,30.035881760088508,107600,2022-08-16,0.008262349466122698,1.3353096776857427,29.909317834036692,26.434397315979005,0.015052851134732814,2022,8,1,30.04443359375,28.118505477905277,163528.57142857142
2022-08-17,30.20707893371582,30.459587654131067,29.65069902751353,29.90748849758564,91300,2022-08-17,-0.002825510808279308,0.8088886266175379,30.11230523245675,26.665508651733397,0.014585402989439078,2022,8,2,30.29267120361328,28.78616714477539,156285.7142857143
2022-08-18,30.55801773071289,30.8233653690754,29.67636963947174,30.25842736883804,144800,2022-08-18,0.011617766741601976,1.1469957296036597,30.30550847734724,26.872082074483234,0.014371005285457799,2022,8,3,30.20707893371582,29.20559501647949,143971.42857142858
2022-08-19,29.916046142578125,30.14715761544368,29.52230212151304,30.078678690777657,132000,2022-08-19,-0.021008286394491482,0.6248554939306388,30.279830115182058,27.070951843261717,0.013227833670533911,2022,8,4,30.55801773071289,30.09579467773437,130300.0
2022-08-22,28.614978790283203,29.513743541226063,28.35390857837885,29.111437982175712,154600,2022-08-22,-0.043490618582887275,1.1598349628472135,30.02670887538365,27.20762144724528,0.019837348767242535,2022,8,0,29.916046142578125,30.38682746887207,128900.0
2022-08-23,28.923118591308597,29.445258855171723,28.443776013855484,28.61497002474975,223200,2022-08-23,0.010768479099136252,1.001482841316239,29.79376356942313,27.374534861246744,0.020539786626432917,2022,8,1,28.614978790283203,30.553735733032227,142100.0
2022-08-24,30.489538192749023,30.712091401634694,28.86320314170125,28.86320314170125,223500,2022-08-24,0.05415804649472111,1.848888259933446,29.857349940708705,27.58795585632324,0.03041216150124842,2022,8,2,28.923118591308597,30.04443359375,153857.14285714287
2022-08-25,31.7392520904541,31.76493005085032,30.12575276363485,30.746327418408796,176300,2022-08-25,0.040988285549116155,1.639177287215471,30.064004353114537,27.84874038696289,0.033775506214346884,2022,8,3,30.489538192749023,30.29267120361328,163671.42857142858
2022-08-26,31.37974548339844,32.51818299361834,31.110117093466904,31.499580323368004,239400,2022-08-26,-0.011326877080502618,1.4080659001514348,30.23152814592634,28.076142247517904,0.034343006356805886,2022,8,4,31.7392520904541,30.20707893371582,184828.57142857142
2022-08-29,31.16575813293457,31.84197284211623,30.60937828051828,30.99456408101764,180500,2022-08-29,-0.006819282539339944,1.2325945615979528,30.31834820338658,28.279006640116375,0.03454302151356614,2022,8,0,31.37974548339844,30.55801773071289,189928.57142857142
2022-08-30,30.215625762939453,31.89331981710684,30.01019557052314,31.50813739001274,174700,2022-08-30,-0.03048641929204543,1.883124246583698,30.361145292009628,28.41196657816569,0.03581800632145709,2022,8,1,31.16575813293457,29.916046142578125,196028.57142857142
2022-08-31,26.457935333251957,30.331186654687794,25.06698919514856,29.91604220795161,1305500,2022-08-31,-0.12436248910311953,5.264197459539233,30.052996226719447,28.43250961303711,0.05867498321278354,2022,8,2,30.215625762939453,28.614978790283203,360442.85714285716
2022-09-01,23.95851325988769,26.346661687053277,23.55192865713836,26.346661687053277,642200,2022-09-01,-0.09446776711344618,2.794733029914916,29.343766893659318,28.388855298360188,0.06565781230610718,2022,9,3,26.457935333251957,28.923118591308597,420300.0
2022-09-02,24.746002197265625,25.21678332492492,24.02698989247988,24.266661204950875,263100,2022-09-02,0.032868856628778254,1.1897934324450397,28.523261751447404,28.40740114847819,0.06177927614283349,2022,9,4,23.95851325988769,30.489538192749023,425957.14285714284
2022-09-06,23.92427635192871,24.9000781299073,23.74452244762208,24.78880151471097,346600,2022-09-06,-0.033206408000226895,1.1555556822852182,27.406836645943777,28.383148765563966,0.05390136837742768,2022,9,1,24.746002197265625,31.7392520904541,450285.71428571426
2022-09-07,24.668968200683597,24.82304251891796,23.76164365540366,23.85580054601965,168000,2022-09-07,0.03112703756637769,1.0613988635142988,26.448154176984513,28.387999280293783,0.059530942422529515,2022,9,2,23.92427635192871,31.37974548339844,440085.71428571426
2022-09-08,25.45645523071289,25.584849938282733,24.056949163158848,24.62616793130911,325800,2022-09-08,0.031922171354028084,1.5279007751238858,25.63253947666713,28.365458806355793,0.06392191049876779,2022,9,3,24.668968200683597,31.16575813293457,460842.85714285716
2022-09-09,25.731037139892575,26.03219227874185,25.26159071537124,25.491885920928567,179000,2022-09-09,0.0107863371663941,0.770601563370608,24.991883959089005,28.363198725382485,0.06539638780768411,2022,9,4,25.45645523071289,30.215625762939453,461457.14285714284
2022-09-12,25.731037139892575,26.439638162246062,25.465312812406317,25.704465720804397,180700,2022-09-12,0.0,0.9743253498397451,24.88804136003767,28.356373469034832,0.046812801112381786,2022,9,0,25.731037139892575,26.457935333251957,300771.4285714286
2022-09-13,25.15530014038086,25.695608191272417,24.898433514002864,24.90729121690336,185700,2022-09-13,-0.022375196008679765,0.7971746772695525,25.059010914393834,28.32208251953125,0.027124946360922223,2022,9,1,25.731037139892575,23.95851325988769,235557.14285714287
2022-09-14,24.738996505737305,25.731035508944625,24.38469686173469,25.14644067398182,117200,2022-09-14,-0.01654934078783965,1.3463386472099366,25.05801010131836,28.255654207865398,0.025758633100439805,2022,9,2,25.15530014038086,24.746002197265625,214714.2857142857
2022-09-15,23.684955596923828,25.0312960478434,23.578666539418343,24.614994141984397,137700,2022-09-15,-0.042606453684126966,1.4526295084250584,25.023821422031947,28.12042318979899,0.02794531133281285,2022,9,3,24.738996505737305,23.92427635192871,184871.42857142858
2022-09-16,22.498046875,23.481229793819782,21.94002518748008,23.357225349800657,446500,2022-09-16,-0.05011234735343906,1.5412046063397007,24.71368980407715,27.914813804626466,0.029173454215853465,2022,9,4,23.684955596923828,24.668968200683597,224657.14285714287
2022-09-19,22.82577514648437,23.308508905713108,22.18803414233113,22.18803414233113,115000,2022-09-19,0.014566965448389535,1.1204747633819778,24.337878363473074,27.738389460245767,0.025218016322523903,2022,9,0,22.498046875,25.45645523071289,194542.85714285713
2022-09-20,21.311145782470703,22.54233950381968,21.169425909276224,22.4006196306252,185400,2022-09-20,-0.06635609762619399,1.372913594543455,23.706465312412806,27.48922208150228,0.02860545963349854,2022,9,1,22.82577514648437,25.731037139892575,195457.14285714287
2022-09-21,21.638872146606445,21.922311868127338,21.001131083750437,21.62115674165289,246700,2022-09-21,0.015378167250177155,0.9211807843769009,23.121870313371932,27.236997985839842,0.03140673117463926,2022,9,2,21.311145782470703,25.731037139892575,204885.7142857143
2022-09-22,22.89664077758789,23.242082781320317,21.957746130084686,22.16146825077641,263100,2022-09-22,0.0581254245812759,1.2843366512356305,22.799204690115793,26.997026189168295,0.04422617372217658,2022,9,3,21.638872146606445,25.15530014038086,215942.85714285713
2022-09-23,23.463518142700195,23.50780665795642,21.559155911969448,22.099463972056604,256700,2022-09-23,0.024758101881354744,1.9486507459869706,22.616993495396205,26.766249211629233,0.04630401598850256,2022,9,4,22.89664077758789,24.738996505737305,235871.42857142858
2022-09-26,22.60434341430664,23.8532509453928,22.506910360718525,23.286371410554903,209000,2022-09-26,-0.036617472416891395,1.3463405846742766,22.462620326450892,26.50126946767171,0.04557760864775666,2022,9,0,23.463518142700195,23.684955596923828,246057.14285714287
2022-09-27,23.738100051879883,23.915250733083777,22.81692090214832,22.949783068334185,151100,2022-09-27,0.05015658348455587,1.0983298309354588,22.639770780290878,26.291058349609376,0.04506547294692864,2022,9,1,22.60434341430664,22.498046875,203857.14285714287
2022-09-28,24.86300277709961,24.93386271108237,23.4723755167916,23.4723755167916,175400,2022-09-28,0.04738806908561499,1.4614871942907683,22.930803298950195,26.11006940205892,0.04743797267165424,2022,9,2,23.738100051879883,22.82577514648437,212485.7142857143
2022-09-29,25.084442138671875,25.11101524942008,24.141117825038307,24.48213181051963,161300,2022-09-29,0.00890638043833647,0.9698974243817737,23.469845635550364,25.93931484222412,0.03259068878761259,2022,9,3,24.86300277709961,21.311145782470703,209042.85714285713
2022-09-30,25.14644241333008,26.032192429319828,24.482129901337764,25.040153357494397,501200,2022-09-30,0.002471662487666837,1.550062527982064,23.97092710222517,25.75892899831136,0.03351269836266706,2022,9,4,25.084442138671875,21.638872146606445,245400.0
2022-10-03,25.881616592407227,26.12962722169077,25.22616173940878,25.863902874870984,159200,2022-10-03,0.02923571322706997,0.903465482281991,24.39735221862793,25.624448013305663,0.029934640913566228,2022,10,0,25.14644241333008,22.89664077758789,230557.14285714287
2022-10-04,26.280202865600582,26.79393780384909,25.84618556341082,26.35106279882679,151100,2022-10-04,0.015400362329387463,0.9477522404382697,24.79973575047084,25.546622149149577,0.02979337857745576,2022,10,1,25.881616592407227,23.463518142700195,215471.42857142858
2022-10-05,26.129627227783203,26.244773994249503,25.52731690612144,25.908189708903684,101400,2022-10-05,-0.005729622354417763,0.7174570881280609,25.303347723824636,25.453505770365396,0.02179276978240556,2022,10,2,26.280202865600582,22.60434341430664,200100.0
2022-10-06,26.07611846923828,26.450672909466007,25.995856681977617,26.01369301269468,92600,2022-10-06,-0.0020478194380065817,0.45481622748839,25.63735035487584,25.306391779581705,0.018945901871587085,2022,10,3,26.129627227783203,23.738100051879883,191742.85714285713
2022-10-07,25.166484832763672,26.00477362648295,24.947995745118533,25.86208638937746,97600,2022-10-07,-0.03488378216825849,1.0567778813644182,25.68070493425642,25.08729953765869,0.020023984834866587,2022,10,4,26.07611846923828,24.86300277709961,180628.57142857142
2022-10-10,24.970287322998047,25.3091690453852,24.702749210637972,25.21999080857573,59300,2022-10-10,-0.007795983867806555,0.6064198347472285,25.66439710344587,24.87365093231201,0.02004612288363834,2022,10,0,25.166484832763672,25.084442138671875,166057.14285714287
2022-10-11,24.36387062072754,25.344846728935792,24.07849612400503,24.88111232127863,132700,2022-10-11,-0.024285531617090683,1.2663506049307607,25.55260113307408,24.646921348571777,0.021858924864955973,2022,10,1,24.970287322998047,25.14644241333008,113414.28571428571
2022-10-12,24.256855010986328,24.8632749404398,24.069576942313883,24.470885874493337,57900,2022-10-12,-0.004392389510153083,0.7936979981259178,25.320492335728236,24.448295656840006,0.01623076361800337,2022,10,2,24.36387062072754,25.881616592407227,98942.85714285714
2022-10-13,25.13973045349121,25.19323773878986,23.44531834399588,23.98931276329167,92900,2022-10-13,0.03639694602226928,1.747919394793982,25.157567705426896,24.404355494181313,0.02231426871914479,2022,10,3,24.256855010986328,26.280202865600582,90628.57142857143
2022-10-14,23.579084396362305,25.43401982581956,23.52557541693153,25.13972724281317,73500,2022-10-14,-0.062078869939203196,1.9084444088880304,24.79320444379534,24.391707865397134,0.030732274315651793,2022,10,4,25.13973045349121,26.129627227783203,86642.85714285714
2022-10-17,24.577899932861328,25.03271614599965,24.36386907390789,24.36386907390789,99500,2022-10-17,0.04236023416808821,0.6688470720917614,24.579173224312918,24.38610445658366,0.03748895345273099,2022,10,0,23.579084396362305,26.07611846923828,87628.57142857143
2022-10-18,25.291332244873047,25.630213938134123,24.953341857633028,25.08621789532919,86200,2022-10-18,0.029027391028549232,0.676872080501095,24.597008568899973,24.43167298634847,0.03757921629830964,2022,10,1,24.577899932861328,25.166484832763672,86000.0
2022-10-19,24.675996780395508,25.032714860330348,24.27468787736508,24.97920757358162,59600,2022-10-19,-0.02432989525896867,0.7580269829652693,24.554967062813894,24.43190727233887,0.03874899849658961,2022,10,2,25.291332244873047,24.970287322998047,86042.85714285714
2022-10-20,24.8811092376709,25.37159808147001,24.622489269930167,24.836520115946414,58200,2022-10-20,0.008312225807970197,0.7491088115398448,24.628858293805802,24.4127290725708,0.03742642269998434,2022,10,3,24.675996780395508,24.36387062072754,75400.0
2022-10-21,25.371601104736328,25.47415745769597,24.64924499976922,24.970292157532377,113500,2022-10-21,0.019713424445032768,0.8249124579267502,24.78810773577009,24.400747871398927,0.03767518023449851,2022,10,4,24.8811092376709,24.256855010986328,83342.85714285714
2022-10-24,25.612382888793945,25.887056585815817,24.9970448162824,25.55887560008991,66900,2022-10-24,0.009490208484030926,0.890011769533416,24.855629512241908,24.396792729695637,0.03549224690378078,2022,10,0,25.371601104736328,25.13973045349121,79628.57142857143
2022-10-25,25.68372917175293,26.343659838415117,25.599009147435723,25.656976375108663,192800,2022-10-25,0.002785616756892928,0.7446506909793946,25.156293051583425,24.414407030741373,0.0211905074005967,2022,10,1,25.612382888793945,23.579084396362305,96671.42857142857
2022-10-26,26.352575302124023,26.530935210818505,25.692646361500277,25.94234989347932,149400,2022-10-26,0.026041628374850356,0.8382888493182286,25.40981810433524,24.46819299062093,0.018015127325793603,2022,10,2,25.68372917175293,24.577899932861328,103800.0
2022-10-27,26.477426528930664,26.98129009775996,26.37932841420076,26.68253922248769,128100,2022-10-27,0.004737723936854676,0.6019616835591997,25.5792601449149,24.56127535502116,0.01599925252565684,2022,10,3,26.352575302124023,25.291332244873047,109785.71428571429
2022-10-28,26.86089515686035,27.32908769729231,26.334735402556763,26.664698956361228,136900,2022-10-28,0.014482851175535938,0.9943522947355454,25.891388484409877,24.70670363108317,0.008366836711175036,2022,10,4,26.477426528930664,24.675996780395508,120828.57142857143
2022-10-31,27.11952209472656,27.19086572213232,26.343660359309776,26.700378496338544,151900,2022-10-31,0.009628381197122948,0.8472053628225424,26.21116174970354,24.84982852935791,0.008278618618811212,2022,10,0,26.86089515686035,24.8811092376709,134214.2857142857
2022-11-01,27.12843894958496,27.922136978733256,26.81630995690845,27.79728606204912,86900,2022-11-01,0.0003287983773185843,1.1058270218248047,26.46213858468192,25.043738301595052,0.008662202531775716,2022,11,1,27.11952209472656,25.371601104736328,130414.28571428571
2022-11-02,26.798471450805664,27.636760239998637,26.616546330106388,26.976831346707492,127100,2022-11-02,-0.012163158351739423,1.0202139098922487,26.63157980782645,25.21572494506836,0.011962933702481448,2022,11,2,27.12843894958496,25.612382888793945,139014.2857142857
2022-11-03,25.487531661987305,26.572848338568843,24.426293860358847,26.46850768108284,197400,2022-11-03,-0.048918453846327425,2.146554478209996,26.603551592145646,25.30208797454834,0.02428726485657049,2022,11,3,26.798471450805664,25.68372917175293,139671.42857142858
2022-11-04,25.59455108642578,26.403409855542428,24.8454421579766,26.34366001487496,323600,2022-11-04,0.004198893241517343,1.5579676975658288,26.49526241847447,25.37312240600586,0.0215017400151347,2022,11,4,25.487531661987305,26.352575302124023,164557.14285714287
2022-11-07,24.417377471923828,25.781826173283104,23.97147940361943,25.66589342394906,271300,2022-11-07,-0.0459931338716183,1.8103467696636741,26.200969696044922,25.433556874593098,0.026133123390137694,2022,11,0,25.59455108642578,26.477426528930664,185014.2857142857
2022-11-08,24.970287322998047,25.95126323659471,24.0874095110508,24.827600102943897,206900,2022-11-08,0.022644112854051546,1.8638537255439083,25.93088286263602,25.47462978363037,0.027610457917051273,2022,11,1,24.417377471923828,26.86089515686035,195014.2857142857
2022-11-09,28.278852462768555,30.107033719387072,27.645678071781752,27.734858018658123,506100,2022-11-09,0.13250008287743098,2.4613556476053198,26.09650148664202,25.588491439819336,0.06102988894272259,2022,11,2,24.970287322998047,27.11952209472656,245614.2857142857
2022-11-10,29.027963638305664,29.794908862002703,27.4762385608694,29.233076342003105,390800,2022-11-10,0.026490154666755972,2.3186703011333023,26.367862156459264,25.719942156473795,0.06131691448761729,2022,11,3,28.278852462768555,27.12843894958496,289028.5714285714
2022-11-11,29.589794158935547,29.683432338953008,27.83741472847838,29.197405109062565,420000,2022-11-11,0.01935480310056903,1.8460176104746289,26.76662254333496,25.86805388132731,0.060462257706893334,2022,11,4,29.027963638305664,26.798471450805664,330871.4285714286
2022-11-14,29.15281105041504,29.8573307318936,28.70691303458282,29.518447287320186,188600,2022-11-14,-0.014768034754596204,1.1504176973107825,27.290233884538925,25.97709369659424,0.05555265324209505,2022,11,0,29.589794158935547,25.487531661987305,329614.28571428574
2022-11-15,29.866247177124023,30.25863616142601,29.143891249501777,29.491691117713103,221600,2022-11-15,0.02447229275678464,1.1147449119242339,27.9004761832101,26.09662850697835,0.055079566771899534,2022,11,1,29.15281105041504,25.59455108642578,315042.85714285716
2022-11-16,29.01904296875,29.65221731910024,28.70691232423197,29.482777301972256,103100,2022-11-16,-0.02836661075459579,0.9453049948682732,28.557856968470983,26.19294236501058,0.05166883035257502,2022,11,2,29.866247177124023,24.417377471923828,291014.28571428574
2022-11-17,28.510726928710938,29.384688590236102,28.02023964702112,28.54639789599576,111500,2022-11-17,-0.017516636940317354,1.3644489432149811,29.063634055001394,26.274095980326333,0.0542736607490925,2022,11,3,29.01904296875,24.970287322998047,277385.71428571426
2022-11-18,28.50180053710937,29.117141980114425,27.77944622312971,29.027960335220698,118600,2022-11-18,-0.0003130888813843713,1.337695756984715,29.095483779907227,26.38527317047119,0.022332425003985232,2022,11,4,28.510726928710938,28.278852462768555,222028.57142857142
2022-11-21,29.233078002929688,29.65222330060933,28.52677728511102,28.60882339183127,153200,2022-11-21,0.02565723750919502,1.1254460154983086,29.124785831996373,26.52736619313558,0.02217774950362802,2022,11,0,28.50180053710937,29.027963638305664,188085.7142857143
2022-11-22,30.23188781738281,30.419164173659198,29.11714274154911,29.36684454991762,139100,2022-11-22,0.034167110776122334,1.302021432110088,29.21651349748884,26.722966766357423,0.024753780087095893,2022,11,1,29.233078002929688,29.589794158935547,147957.14285714287
2022-11-23,30.214054107666016,30.48159226867677,29.45602534921455,29.928679615663576,102600,2022-11-23,-0.000589897323796551,1.0255669194622214,29.368119648524694,26.92154006958008,0.023577945943042685,2022,11,2,30.23188781738281,29.15281105041504,135671.42857142858
2022-11-25,30.57969665527344,30.731300396874552,29.875176745410293,30.445925846386466,34100,2022-11-25,0.012101737367136378,0.8561236514642587,29.470041002546036,27.10287227630615,0.022337535943447503,2022,11,4,30.214054107666016,29.866247177124023,108885.71428571429
2022-11-28,29.16172981262207,30.32106392954173,29.001206260840544,30.32106392954173,87900,2022-11-28,-0.04636955227634165,1.3198576687011858,29.490424837384904,27.288960456848145,0.027148587427855423,2022,11,0,30.57969665527344,29.01904296875,106714.28571428571
2022-11-29,29.616544723510746,29.968804556261976,29.06363214895788,29.06363214895788,58900,2022-11-29,0.015596293971965158,0.9051724073040965,29.648398808070592,27.456915283203124,0.026250483922573918,2022,11,1,29.16172981262207,28.510726928710938,99200.0
2022-11-30,30.766965866088867,31.02558755505015,28.805013739169222,29.72356604790548,153400,2022-11-30,0.03884386761919845,2.220573815880929,29.971993855067662,27.63943640391032,0.02879216925945655,2022,11,2,29.616544723510746,28.50180053710937,104171.42857142857
2022-12-01,30.79372215270996,32.28302359773629,30.79372215270996,31.177194796534742,186200,2022-12-01,0.000869643329067582,1.489301445026328,30.194943019321986,27.84336058298747,0.028257724470013953,2022,12,3,30.766965866088867,29.233078002929688,108885.71428571429
2022-12-02,31.65876197814941,31.92630013138114,30.124871576786973,30.73129320514272,169800,2022-12-02,0.028091434388789027,1.8014285545941675,30.398782185145787,28.06928234100342,0.027393039448696383,2022,12,4,30.79372215270996,30.23188781738281,113271.42857142857
2022-12-05,30.69562339782715,31.73902671494312,30.659954135497184,31.507161201102075,113000,2022-12-05,-0.0304224966531228,1.0790725794459348,30.46757779802595,28.246749750773112,0.030860106432910567,2022,12,0,31.65876197814941,30.214054107666016,114757.14285714286
2022-12-06,30.49051284790039,31.31542710840978,30.12487651805888,30.695625579086336,116000,2022-12-06,-0.006682078004034864,1.1905505903508988,30.454837254115514,28.409354082743327,0.03071994056863595,2022,12,1,30.69562339782715,30.57969665527344,126457.14285714286
2022-12-07,30.784807205200195,30.9453308036426,30.20513827727677,30.39241807674807,69900,2022-12-07,0.009651997615385044,0.7401925263658313,30.686705453055247,28.579390017191567,0.022942449582454907,2022,12,2,30.49051284790039,29.16172981262207,123885.71428571429
2022-12-08,31.373384475708008,31.507155240418587,30.708997388691017,31.061257227292472,97400,2022-12-08,0.019119082558632705,0.79815785172757,30.937682560512,28.7467503229777,0.02317450136506679,2022,12,3,30.784807205200195,29.616544723510746,129385.71428571429
2022-12-09,31.230697631835938,32.309770020414,31.15043585240845,31.37338486171459,99200,2022-12-09,-0.004548022033853294,1.1593341680055502,31.003929955618723,28.905192693074543,0.019159472303408868,2022,12,4,31.373384475708008,30.766965866088867,121642.85714285714
2022-12-12,31.953054428100582,32.02439634381864,30.789260298907205,31.11476395537255,122700,2022-12-12,0.02312970413854254,1.2351360449114317,31.169548852103098,29.074931335449218,0.02067077539398925,2022,12,0,31.230697631835938,30.79372215270996,112571.42857142857
2022-12-13,29.75923538208008,32.39003459968954,29.46494443336157,32.39003459968954,427600,2022-12-13,-0.06865756921476596,2.9250901663279727,30.89818790980748,29.162921778361003,0.03217408109293745,2022,12,1,31.953054428100582,31.65876197814941,149400.0
2022-12-14,29.83057975769043,30.071365109147155,28.849602021911316,29.75923443788158,344300,2022-12-14,0.002397386044848071,1.2217630872358392,30.774610246930802,29.252993138631187,0.030781708491063466,2022,12,2,29.75923538208008,30.69562339782715,182442.85714285713
2022-12-15,29.25983428955078,29.8484196403008,28.822852658540807,29.69681251862826,203800,2022-12-15,-0.019132898950531052,1.0255669817599937,30.598799024309432,29.335038566589354,0.03134039321594126,2022,12,3,29.83057975769043,30.49051284790039,194985.7142857143
2022-12-16,29.875171661376957,30.14270983168937,29.010128288832146,29.16173540656637,359300,2022-12-16,0.021030104468019006,1.1325815428572241,30.46885108947754,29.48129323323568,0.03252587700769099,2022,12,4,29.25983428955078,30.784807205200195,236328.57142857142
2022-12-19,30.374570846557617,30.5440108499349,29.691452790899405,30.321061865628806,173900,2022-12-19,0.016716194666298367,0.8525580590354949,30.32616342817034,29.64062722524007,0.032255124654079634,2022,12,0,29.875171661376957,31.373384475708008,247257.14285714287
2022-12-20,31.33772087097168,31.391229872699856,29.563048171147727,30.214059050142737,129900,2022-12-20,0.031709090781218974,1.8281817015521291,30.34145246233259,29.871305338541667,0.03497721618315141,2022,12,1,30.374570846557617,31.230697631835938,251642.85714285713
2022-12-21,31.248533248901367,31.69888778804873,31.096926157022548,31.57849682261622,118200,2022-12-21,-0.0028460149491256193,0.6019616310261817,30.240806579589844,30.080580202738442,0.03359200261784469,2022,12,2,31.33772087097168,31.953054428100582,251000.0
2022-12-22,30.91856575012207,31.181647339663066,30.312147598662683,30.972074734926625,86600,2022-12-22,-0.010559455579915777,0.8694997410003822,30.40642520359584,30.168570645650227,0.01824726855880661,2022,12,3,31.248533248901367,29.75923538208008,202285.7142857143
2022-12-23,30.686702728271484,31.259234282930485,30.231888228003942,31.141517228539023,56900,2022-12-23,-0.007499151924589831,1.027346054926543,30.528728485107422,30.223861948649088,0.018909608493195593,2022,12,4,30.91856575012207,29.83057975769043,161228.57142857142
2022-12-27,31.11475944519043,31.40013387056069,30.677781344687236,31.40013387056069,134400,2022-12-27,0.013949257458820474,0.722352525873454,30.793717793055944,30.274694124857586,0.016018466964754417,2022,12,1,30.686702728271484,29.25983428955078,151314.2857142857
2022-12-28,30.000019073486328,31.28420758394593,29.27766643828481,31.28420758394593,117300,2022-12-28,-0.03582673919326773,2.0065411456611173,30.811553137642996,30.302934392293295,0.022114567045281173,2022,12,2,31.11475944519043,29.875171661376957,116742.85714285714
2022-12-29,30.92748641967773,30.98099540587411,30.07581958286104,30.28539219304868,96600,2022-12-29,0.030915558550797417,0.9051758230130709,30.890541076660156,30.338309033711752,0.02435490282451749,2022,12,3,30.000019073486328,30.374570846557617,105700.0
2022-12-30,30.97208404541016,31.04342937992993,30.445924110091585,30.87398591141186,112400,2022-12-30,0.0014420061535957984,0.5975052698383436,30.838307244437082,30.403410402933755,0.02080185455687228,2022,12,4,30.92748641967773,31.33772087097168,103200.0
2023-01-03,30.642112731933597,31.872792229844787,30.601980140797345,31.22177812156476,223300,2023-01-03,-0.010653829848607188,1.2708120890474426,30.751675742013113,30.474456596374512,0.021094008813597704,2023,1,1,30.97208404541016,31.248533248901367,118214.28571428571
2023-01-04,31.07909393310547,31.39033331514921,30.6421157321904,30.6421157321904,139200,2023-01-04,0.014260805219102002,0.7482175829588087,30.77460833958217,30.56036637624105,0.021613653206811863,2023,1,2,30.642112731933597,30.91856575012207,125728.57142857143
2023-01-05,31.105854034423828,31.33771956169297,30.321072384862696,30.873985105221976,115600,2023-01-05,0.0008610322223665534,1.0166471768302756,30.834487097603933,30.62279224395752,0.021298213643754837,2023,1,3,31.07909393310547,30.686702728271484,134114.2857142857
2023-01-06,32.70216751098633,32.81810197835458,31.266378377289943,31.435818443495247,287700,2023-01-06,0.05131874774426426,1.5517236010646407,31.06125967843192,30.70513490041097,0.028289037392012405,2023,1,4,31.105854034423828,31.11475944519043,156014.2857142857
2023-01-09,32.89835357666016,34.72653467854507,32.470291909043084,33.21048421479234,234800,2023-01-09,0.005999176219983804,2.2562427695019878,31.475307464599613,30.794611549377443,0.02113026504236565,2023,1,0,32.70216751098633,30.000019073486328,172800.0
2023-01-10,33.3085823059082,34.075527480829,32.40786975983066,32.89835692460287,307700,2023-01-10,0.012469582354390996,1.667657720998342,31.815464019775394,30.8855744043986,0.01969010788706329,2023,1,1,32.89835357666016,30.92748641967773,202957.14285714287
2023-01-11,33.94176483154297,34.33415393756225,33.36655587033112,33.397768601469785,313200,2023-01-11,0.019009590976270863,0.9675980672311297,32.239704132080085,31.044908905029295,0.019414124440371393,2023,1,2,33.3085823059082,30.97208404541016,231642.85714285713
2023-01-12,34.390018463134766,35.00860723097895,34.04038118479224,34.354157352560215,218100,2023-01-12,0.01320655050839381,0.9682260461867145,32.775119236537385,31.204024696350096,0.016356525029813794,2023,1,3,33.94176483154297,30.642112731933597,230900.0
2023-01-13,34.77550506591797,34.92611757540092,33.71762660183165,33.88796168947509,127500,2023-01-13,0.011209258383982457,1.2084909735692762,33.303177969796316,31.337642669677734,0.01647361706734581,2023,1,4,34.390018463134766,31.07909393310547,229228.57142857142
2023-01-17,34.614139556884766,34.90550504734436,33.807281801751,34.57827845223367,217600,2023-01-17,-0.004640206050992801,1.0982232455933598,33.80436161586216,31.46498991648356,0.017435818121096888,2023,1,1,34.77550506591797,31.105854034423828,243800.0
2023-01-18,33.376953125,34.703782992139885,33.28730379853346,34.703782992139885,216300,2023-01-18,-0.03574222695472695,1.4164791936064276,33.90075956072126,31.522262954711913,0.018645089329419204,2023,1,2,34.614139556884766,32.70216751098633,233600.0
2023-01-19,33.1707649230957,33.80728418597828,32.283221329855365,33.251450704299366,186500,2023-01-19,-0.0061775621379249746,1.5240628561229173,33.93967546735491,31.604767672220866,0.01889297577606486,2023,1,3,33.376953125,32.89835357666016,226700.0
2023-01-20,32.87491989135742,33.287315833956896,32.45356380073527,33.170768931489405,179700,2023-01-20,-0.00891884864350212,0.8337520332216286,33.877723693847656,31.684247907002767,0.018517632862615704,2023,1,4,33.1707649230957,33.3085823059082,208414.2857142857
2023-01-23,34.085205078125,34.40794822605617,32.66872202218345,32.87491827338311,315800,2023-01-23,0.036814848241980114,1.7392262038727182,33.89821515764509,31.794261169433593,0.022610520199220937,2023,1,0,32.87491989135742,33.94176483154297,208785.7142857143
2023-01-24,34.79344940185547,35.40307463695434,33.77142821131636,33.87004456109764,270100,2023-01-24,0.02077864346443392,1.6316464256379746,33.9558481488909,31.90826333363851,0.02346670711950807,2023,1,1,34.085205078125,34.390018463134766,216214.2857142857
2023-01-25,35.2596321105957,35.367212024018954,34.4975988890962,34.62310935807397,141200,2023-01-25,0.013398576937743156,0.8696131349227514,34.02500915527344,32.04256114959717,0.02362545715060556,2023,1,2,34.79344940185547,34.77550506591797,218171.42857142858
2023-01-26,35.13411331176758,35.582366878276034,34.573796353632005,35.45685642683819,181800,2023-01-26,-0.00355984425573197,1.0085705246440284,34.099291120256694,32.1485964457194,0.023576680041201368,2023,1,3,35.2596321105957,34.614139556884766,213057.14285714287
2023-01-27,34.918949127197266,35.50167663849278,34.80240225697701,35.13410889693925,138400,2023-01-27,-0.006124081819314009,0.6992743815157709,34.319576263427734,32.320586903889975,0.01746146740849442,2023,1,4,35.13411331176758,33.376953125,201928.57142857142
2023-01-30,34.434837341308594,35.31341388297808,34.398976236774374,34.766544008492254,112800,2023-01-30,-0.013863870419617341,0.9144376462037087,34.50015803745815,32.47406215667725,0.018603345674675278,2023,1,0,34.918949127197266,33.1707649230957,191400.0
2023-01-31,34.51552963256836,34.72172589271213,34.09417012450285,34.21968059416395,141200,2023-01-31,0.002343333016502136,0.6275557682092767,34.734530857631135,32.6492520014445,0.017608552994750875,2023,1,1,34.434837341308594,32.87491989135742,185900.0
2023-02-01,35.58236312866211,35.86028154177593,34.21070845405812,34.497590432800095,217400,2023-02-01,0.030908796922736625,1.6495730877178119,34.94841057913644,32.83949171702067,0.016017793240919988,2023,2,2,34.51552963256836,34.085205078125,171842.85714285713
2023-02-02,34.918949127197266,36.69582464624032,34.34518518134813,36.523697514427305,172800,2023-02-02,-0.018644461557148606,2.35063946489219,34.966339111328125,32.99097099304199,0.016968239149313582,2023,2,3,35.58236312866211,34.79344940185547,157942.85714285713
2023-02-03,33.896942138671875,35.57789332094044,33.753501107914445,34.7665518914308,181600,2023-02-03,-0.02926797667371328,1.8243922130259946,34.77166911533901,33.076278368631996,0.01914378833091334,2023,2,4,34.918949127197266,35.2596321105957,163714.2857142857
2023-02-06,32.64182662963867,33.76246061640175,31.960482670444275,33.619019602892216,282800,2023-02-06,-0.0370273962736386,1.8019779459574714,34.415628160749165,33.12272148132324,0.022479251337133924,2023,2,0,33.896942138671875,35.13411331176758,178142.85714285713
2023-02-07,28.858562469482425,31.252238217410497,27.17850937273952,31.252238217410497,1149200,2023-02-07,-0.11590234220290396,4.073728844670978,33.549858638218474,33.05405470530192,0.04556683178478595,2023,2,1,32.64182662963867,34.918949127197266,322542.85714285716
2023-02-08,28.150325775146484,28.85856557490589,27.63304142101558,28.60754465294388,418400,2023-02-08,-0.024541648430509766,1.2255241538903086,32.65207127162388,32.96950880686442,0.04527367932640933,2023,2,2,28.858562469482425,34.434837341308594,366200.0
2023-02-09,26.473857879638672,28.159290640853712,26.4021373729902,28.123431242505355,460600,2023-02-09,-0.05955412057745857,1.7571532678635116,31.503261021205358,32.814812088012694,0.044523896208351406,2023,2,3,28.150325775146484,34.51552963256836,411828.5714285714
2023-02-10,26.40213394165039,27.056583693506468,25.82836825308,26.39316866574053,369100,2023-02-10,-0.0027092363460727853,1.2282154404264674,30.19179970877511,32.69488258361817,0.03729344980754864,2023,2,4,26.473857879638672,35.58236312866211,433500.0
2023-02-13,26.20490074157715,26.841421638206445,26.169041348641816,26.40213338755173,342200,2023-02-13,-0.007470350711390794,0.6723802895646287,28.946935653686523,32.53746306101481,0.03862966178692847,2023,2,0,26.40213394165039,34.918949127197266,457700.0
2023-02-14,27.28967666625977,27.36139716602852,26.052495907809305,26.052495907809305,304300,2023-02-14,0.04139591809105747,1.3089012582192154,28.00304058619908,32.41471614837646,0.04946223363495528,2023,2,1,26.20490074157715,33.896942138671875,475228.5714285714
2023-02-15,28.697193145751957,28.813740035988666,26.87728467621809,27.02072568731578,366000,2023-02-15,0.051576883695086284,1.9364553597705765,27.439521517072404,32.34988549550375,0.05781703174442731,2023,2,2,27.28967666625977,32.64182662963867,487114.28571428574
2023-02-16,28.786846160888672,29.00648946290328,27.926198377003207,28.17722100354308,211300,2023-02-16,0.003124103973561887,1.0802910859000718,27.429276330130442,32.273477236429855,0.03784885483191175,2023,2,3,28.697193145751957,28.858562469482425,353128.5714285714
2023-02-17,29.055797576904297,29.270960804935147,28.410313022666983,28.67926449277793,197700,2023-02-17,0.009342858002313381,0.8606477822681633,27.55862944466727,32.205142021179206,0.03628257981671004,2023,2,4,28.786846160888672,28.150325775146484,321600.0
2023-02-21,28.096532821655277,28.930284703317696,27.634832209532117,28.697190940754435,351200,2023-02-21,-0.033014573174598216,1.2954524937855787,27.790440150669642,32.05162086486817,0.029070179351796965,2023,2,1,29.055797576904297,26.473857879638672,305971.4285714286
2023-02-22,27.971019744873047,28.508922589621363,27.52276623428182,28.069634354436136,242500,2023-02-22,-0.00446720873279749,0.986156355339542,28.014566693987167,31.8873764038086,0.02919443739432564,2023,2,2,28.096532821655277,26.40213394165039,287885.71428571426
2023-02-23,26.8234977722168,28.347560825732725,26.76970781443151,28.096538172814828,185100,2023-02-23,-0.041025389246546196,1.5778530113012152,28.102937698364258,31.67120691935222,0.034545195130945304,2023,2,3,27.971019744873047,26.20490074157715,265442.85714285716
2023-02-24,26.733842849731445,26.760738679723836,26.00767253945379,26.554542446303905,192500,2023-02-24,-0.0033424023685015847,0.7530661402700467,28.02353286743164,31.430942853291832,0.0303207964196371,2023,2,4,26.8234977722168,27.28967666625977,249471.42857142858
2023-02-27,26.626264572143555,27.092447017423453,26.446962447838512,26.841426095338534,167200,2023-02-27,-0.00402404840159265,0.6454845695849407,27.727685928344727,31.17215105692546,0.018919227853690938,2023,2,0,26.733842849731445,28.697193145751957,221071.42857142858
2023-02-28,26.27662467956543,26.832459877463744,26.218352944668137,26.680053590132893,185000,2023-02-28,-0.013131391060536513,0.6141069327956075,27.369082859584264,30.88885504404704,0.017942574532490353,2023,2,1,26.626264572143555,28.786846160888672,217314.2857142857
2023-03-01,26.38420295715332,26.84142176134907,26.160076192936867,26.572468618318418,174200,2023-03-01,0.004094067594288431,0.6813455684122047,26.987426485334122,30.614523824055993,0.016944469833743096,2023,3,2,26.27662467956543,29.055797576904297,213957.14285714287
2023-03-02,26.088356018066406,26.30351750916976,25.998704969285463,26.124215411607867,127000,2023-03-02,-0.011213033024622954,0.3048125398842991,26.700544084821427,30.371570587158207,0.014615977337291286,2023,3,3,26.38420295715332,28.096532821655277,181928.57142857142
2023-03-03,26.473857879638672,26.65315829128398,25.90905739357414,26.178010575969743,124100,2023-03-03,0.014776778625119391,0.7441008977098384,26.486663818359375,30.148340352376305,0.01746057316988472,2023,3,4,26.088356018066406,27.971019744873047,165014.2857142857
2023-03-06,26.07042694091797,26.71591145073798,25.640103934371293,26.71591145073798,180000,2023-03-06,-0.01523884205146342,1.0758075163666874,26.37908227103097,29.92152392069499,0.010647653801390933,2023,3,0,26.473857879638672,26.8234977722168,164285.7142857143
2023-03-07,25.20978164672852,26.14214818750115,25.11564709702631,26.12421763422914,215300,2023-03-07,-0.03301232067046256,1.026501090474838,26.161359242030553,29.625676472981773,0.015248449030000777,2023,3,1,26.07042694091797,26.733842849731445,167542.85714285713
2023-03-08,25.344257354736328,25.631139367036926,25.20081634858603,25.299430971594564,133800,2023-03-08,0.005334267067135023,0.4303230184508955,25.97821535382952,29.31070340474447,0.016068864516647283,2023,3,2,25.20978164672852,26.626264572143555,162771.42857142858
2023-03-09,25.012548446655277,25.460802009175804,24.96772377438388,25.26357105724936,177300,2023-03-09,-0.013088128937384758,0.49307823479192336,25.79763303484236,28.96913394927979,0.016066082271134194,2023,3,3,25.344257354736328,26.27662467956543,161671.42857142858
2023-03-10,24.851179122924805,25.45632251265824,24.295345613042016,24.9318649082226,244000,2023-03-10,-0.0064515346796679696,1.160976899616223,25.57862962995257,28.626369476318363,0.015340666233413937,2023,3,4,25.012548446655277,26.38420295715332,171642.85714285713
2023-03-13,24.83324432373047,25.6311349981842,24.546360650377807,24.546360650377807,278500,2023-03-13,-0.0007216880577626261,1.0847743478063947,25.399327959333153,28.290179316202803,0.015532834728894919,2023,3,0,24.851179122924805,26.088356018066406,193285.7142857143
2023-03-14,25.08426856994629,25.76561417989582,24.492574013139095,25.281501228849763,377500,2023-03-14,0.010108395139331261,1.2730401667567257,25.200815200805668,27.978493690490726,0.014513027251067994,2023,3,1,24.83324432373047,26.473857879638672,229485.7142857143
2023-03-15,25.738719940185547,25.783546324500296,24.41188974359993,24.752563424585148,272200,2023-03-15,0.026090111753282796,1.3716565809003676,25.153428486415322,27.685933367411298,0.018685515274948373,2023,3,2,25.08426856994629,26.07042694091797,242657.14285714287
2023-03-16,27.083480834960938,27.28071350709444,25.55045439220544,25.666999572142004,311900,2023-03-16,0.05224661124952967,1.730259114888998,25.42109979901995,27.402637290954594,0.022294804617405926,2023,3,3,25.738719940185547,25.20978164672852,256457.14285714287
2023-03-17,26.7293643951416,27.21796091949854,26.635229833420947,26.814531969129728,385900,2023-03-17,-0.013074997337942706,0.5827310860775938,25.61897223336356,27.129651133219404,0.02402473032132137,2023,3,4,27.083480834960938,25.344257354736328,292471.4285714286
2023-03-20,26.697982788085938,27.074515848843017,25.846300335674183,26.95796896506374,299800,2023-03-20,-0.0011740498798156196,1.2282155131688341,25.859748567853654,26.889685821533206,0.022676477842662635,2023,3,0,26.7293643951416,25.012548446655277,309971.4285714286
2023-03-21,26.859352111816406,27.09244416489025,26.26765755784112,26.760737492788262,219800,2023-03-21,0.006044251545569201,0.8247866070491305,26.146630423409597,26.69693667093913,0.021674307199408636,2023,3,1,26.697982788085938,24.851179122924805,306514.28571428574
2023-03-22,27.49587631225586,27.81861945636867,26.63522849793897,26.85039173398205,394600,2023-03-22,0.023698419745553867,1.1833909584296975,26.52700642177037,26.65151379903158,0.02136874989494073,2023,3,2,26.859352111816406,24.83324432373047,323100.0
2023-03-23,28.141357421875,28.44616997375492,27.460011818258216,27.63931392287638,257600,2023-03-23,0.023475560563655407,0.9861581554967032,26.963733400617325,26.65121485392253,0.021471591438333555,2023,3,3,27.49587631225586,25.08426856994629,305971.4285714286
2023-03-24,29.16337776184082,29.19027530304341,27.4420856006302,28.02481493145068,389700,2023-03-24,0.036317378889881846,1.7481897024132103,27.452970232282365,26.740865516662602,0.022534101078331,2023,3,4,28.141357421875,25.738719940185547,322757.14285714284
2023-03-27,29.772998809814453,29.862651568262127,28.490995143140147,29.253026490430138,320700,2023-03-27,0.020903650220218895,1.37165642512198,27.83718708583287,26.853227678934736,0.017106064620257544,2023,3,0,29.16337776184082,27.083480834960938,324014.28571428574
2023-03-28,30.248151779174805,30.324354063712946,29.66542078233468,29.66542078233468,161400,2023-03-28,0.015959190822381064,0.658933281378264,28.33987099783761,26.988002713521325,0.01239001197888197,2023,3,1,29.772998809814453,26.7293643951416,291942.85714285716
2023-03-29,29.88058280944824,30.517102019550737,29.535425666290504,30.310905800217665,193800,2023-03-29,-0.012151782773704212,0.9816763532602337,28.79452814374651,27.074366251627605,0.015507588111680487,2023,3,2,30.248151779174805,26.697982788085938,276800.0
2023-03-30,31.171550750732425,31.20741185375285,30.10470858514716,30.26607670893308,308500,2023-03-30,0.04320424235085474,1.102703268605687,29.410556520734513,27.156844838460287,0.01761980889138559,2023,3,3,29.88058280944824,26.859352111816406,289471.4285714286
2023-03-31,31.0639762878418,31.672702031416478,30.736749650450548,31.39568299896592,218500,2023-03-31,-0.0034510462360650696,0.9359523809659294,29.920285088675364,27.23274917602539,0.01992570170509761,2023,3,4,31.171550750732425,27.49587631225586,264314.28571428574
2023-04-03,31.691530227661133,31.709460783223918,30.58882670982849,31.03708033918666,165700,2023-04-03,0.02020198360970782,1.1206340733954292,30.427452632359095,27.32060693105062,0.019807017014520777,2023,4,0,31.0639762878418,28.141357421875,251185.7142857143
2023-04-04,31.82600212097168,31.94254900180447,31.122244182698434,31.691524687710523,332700,2023-04-04,0.0042431492687335925,0.8203048191060347,30.80782754080636,27.444922574361165,0.018324375725999088,2023,4,1,31.691530227661133,29.16337776184082,243042.85714285713
2023-04-05,31.71843147277832,31.84394195646218,31.09983920333044,31.84394195646218,137000,2023-04-05,-0.003379961070337334,0.7441027531317417,31.08574649265834,27.569836298624676,0.018805074261354204,2023,4,2,31.82600212097168,29.772998809814453,216800.0
2023-04-06,32.0770263671875,32.112887475791695,31.135694495700506,31.700494986554123,147800,2023-04-06,0.011305568332309779,0.9771929800911892,31.34701429094587,27.744953918457032,0.018608860413248707,2023,4,3,31.71843147277832,30.248151779174805,214857.14285714287
2023-04-10,32.49837875366211,32.57010095522354,31.808067953195984,31.915647835635323,132500,2023-04-10,0.013135643611454695,0.7620330020275539,31.72098514011928,27.93710511525472,0.016217117059772253,2023,4,0,32.0770263671875,29.88058280944824,206100.0
2023-04-11,32.453556060791016,33.619014547800845,32.42665852361873,32.59699705273218,223800,2023-04-11,-0.0013792285827810558,1.1923560241821178,31.904128755841935,28.131348164876304,0.009267846776160276,2023,4,1,32.49837875366211,31.171550750732425,194000.0
2023-04-12,32.0770263671875,32.72251264244878,32.05013224568613,32.72251264244878,207500,2023-04-12,-0.011602108961440538,0.672380396762648,32.048850195748464,28.324694887797037,0.01097949063689448,2023,4,2,32.453556060791016,31.0639762878418,192428.57142857142
2023-04-13,32.22046661376953,32.72251186255202,31.682563677141022,32.07702560267504,238900,2023-04-13,0.00447174388735605,1.0399481854109958,32.124412536621094,28.519237009684243,0.008621698239573242,2023,4,3,32.0770263671875,31.691530227661133,202885.7142857143
2023-04-14,32.19342041015625,32.60812061442353,31.83281288259207,32.157358625687515,142700,2023-04-14,-0.0008394106745096552,0.7753077318314574,32.17690086364746,28.72273915608724,0.008654486106448367,2023,4,4,32.22046661376953,31.82600212097168,175742.85714285713
2023-04-17,32.20243453979492,32.60811754017729,31.715610812487213,32.031142799238104,113100,2023-04-17,0.00027999912789100634,0.8925067276900762,32.24604415893555,28.91369171142578,0.00840529491270374,2023,4,0,32.19342041015625,31.71843147277832,172328.57142857142
2023-04-18,32.40077209472656,32.53600207356835,31.724629078600078,32.38274120161158,238400,2023-04-18,0.00615908572647017,0.81137299496827,32.292293548583984,29.124703216552735,0.007668466360607982,2023,4,1,32.20243453979492,32.0770263671875,185271.42857142858
2023-04-19,32.364715576171875,32.85153596161739,31.91395353995244,32.40979109198553,131400,2023-04-19,-0.0011128289921386036,0.9375824216649455,32.273198808942524,29.363201014200847,0.0056884626791268095,2023,4,2,32.40077209472656,32.49837875366211,185114.2857142857
2023-04-20,32.0401611328125,32.65319767718341,31.88239513368194,32.32864851380577,194100,2023-04-20,-0.010028033232534428,0.7708025435014676,32.21414239065988,29.586397806803387,0.006735283819420115,2023,4,3,32.364715576171875,32.453556060791016,180871.42857142858
2023-04-21,32.38273620605469,32.46387349303478,31.95000515517439,31.95000515517439,127500,2023-04-21,0.010692052134886332,0.5138683378603908,32.25781522478376,29.832070732116698,0.0066031035651246866,2023,4,4,32.0401611328125,32.0770263671875,169442.85714285713
2023-04-24,32.18440628051758,32.734336450135366,32.14834449650044,32.42781816407173,136800,2023-04-24,-0.006124557365230543,0.5859919536349238,32.25266374860491,30.07651163736979,0.006978680959806737,2023,4,0,32.38273620605469,32.22046661376953,154857.14285714287
2023-04-25,32.15735626220703,32.50895347637414,31.877886050717297,31.904930667560613,171000,2023-04-25,-0.0008404697005991446,0.6310674256568412,32.24751172746931,30.32064870198568,0.0069786986835001,2023,4,1,32.18440628051758,32.19342041015625,158900.0
2023-04-26,32.121299743652344,32.37372535263444,31.913949644982623,32.0311452839866,162200,2023-04-26,-0.0011212525762592795,0.45977570765181497,32.23592104230608,30.55521640777588,0.006984762812630675,2023,4,2,32.15735626220703,32.20243453979492,165914.2857142857
2023-04-27,31.990577697753903,32.46478017261334,31.83281169538839,32.229480992627536,115100,2023-04-27,-0.004069637497289391,0.6319684772249481,32.17732184273856,30.76361166636149,0.006447978306583415,2023,4,3,32.121299743652344,32.40077209472656,148300.0
2023-04-28,32.27455520629883,32.3827371122862,32.00409872181,32.229479698724155,99500,2023-04-28,0.00887691092133247,0.37863839047619763,32.164441789899556,30.93664747873942,0.0076238643526011915,2023,4,4,31.990577697753903,32.364715576171875,143742.85714285713
2023-05-01,32.220462799072266,32.68023843351076,32.12129462875169,32.202431910010304,118600,2023-05-01,-0.0016760078297223258,0.5589438047590676,32.190199170793804,31.119684092203777,0.006419531834257249,2023,5,0,32.27455520629883,32.0401611328125,132957.14285714287
2023-05-02,32.00410079956055,32.22497320834434,31.494740996720896,32.21145089909813,171500,2023-05-02,-0.006715049403882234,0.7302322116234414,32.1361083984375,31.296554692586263,0.005216646727456443,2023,5,1,32.220462799072266,32.38273620605469,139242.85714285713
2023-05-03,31.41810417175293,32.14833971377792,31.34598405348901,32.00409603820959,143200,2023-05-03,-0.018310048186564343,0.8023556602889137,32.02663666861398,31.448513094584147,0.008156650036474566,2023,5,2,32.00410079956055,32.18440628051758,140157.14285714287
2023-05-04,31.535306930541992,32.03565299112813,31.12511532715749,31.24681954557857,150000,2023-05-04,0.003730421102061232,0.91053766397064,31.937772478376115,31.58316078186035,0.008568986525075767,2023,5,3,31.41810417175293,32.15735626220703,137157.14285714287
2023-05-05,32.725311279296875,32.75235933021369,31.886893920718908,31.886893920718908,135700,2023-05-05,0.037735619677840004,0.8654654094947851,32.02405984061105,31.735959243774413,0.017614808196254265,2023,5,4,31.535306930541992,32.121299743652344,133371.42857142858
2023-05-08,33.04987335205078,33.60881733084201,32.59911130227429,32.59911130227429,120500,2023-05-08,0.009917768848213715,1.0097060285677202,32.175387791224885,31.865509096781413,0.017499147301155017,2023,5,0,32.725311279296875,31.990577697753903,134142.85714285713
2023-05-09,32.95069885253906,33.30229263391319,32.896609617891265,32.98676063499816,197100,2023-05-09,-0.0030007527852013993,0.4056830160219249,32.271979740687776,31.9714324315389,0.017612780871917227,2023,5,1,33.04987335205078,32.27455520629883,148085.7142857143
2023-05-10,34.257911682128906,34.55541625010818,32.61713829247655,33.80714968631142,505300,2023-05-10,0.03967177859989812,1.9382779576316338,32.563043866838726,32.1050910949707,0.022105519872372515,2023,5,2,32.95069885253906,32.220462799072266,203328.57142857142
2023-05-11,33.689945220947266,34.17676892400751,32.16456909934861,34.05956986089141,205500,2023-05-11,-0.01657913262348465,2.0121998246589,32.80387878417969,32.23206984202067,0.02354229205692599,2023,5,3,34.257911682128906,32.00410079956055,208185.7142857143
2023-05-12,33.66290664672852,34.24889862842314,33.55021614555964,33.95139405459755,144400,2023-05-12,-0.0008025710354059301,0.6986824828635037,33.124564852033345,32.31511503855388,0.021138803581735362,2023,5,4,33.689945220947266,31.41810417175293,208357.14285714287
2023-05-15,33.112972259521484,33.89729708544986,32.49993573563427,33.89729708544986,232400,2023-05-15,-0.01633650929131758,1.39736134981559,33.34994561331613,32.38341490427653,0.023387074729520528,2023,5,0,33.66290664672852,31.535306930541992,220128.57142857142
2023-05-16,32.47289276123047,33.52767412125703,32.42781725199736,33.04986753311244,177800,2023-05-16,-0.019330173482296265,1.0998568692596677,33.313885825020925,32.40946032206217,0.02078182166898422,2023,5,1,33.112972259521484,32.725311279296875,226142.85714285713
2023-05-17,32.79743576049805,32.88758676200554,32.400763100168426,32.71629848352519,175400,2023-05-17,0.00999427435226985,0.48682366183711423,33.277823311941965,32.44184144337972,0.02078849206657765,2023,5,2,32.47289276123047,33.04987335205078,233985.7142857143
2023-05-18,33.42850112915039,33.63585117169845,32.45485386253511,32.78841667541328,153700,2023-05-18,0.019241302071926425,1.1809973091633381,33.3460807800293,32.49884376525879,0.02207593934979871,2023,5,3,32.79743576049805,32.95069885253906,227785.7142857143
2023-05-19,33.49161911010742,34.032532152813786,33.20763683950151,33.70798295157346,156700,2023-05-19,0.0018881487002118114,0.8248953133122754,33.236610412597656,32.545996856689456,0.014838335046786746,2023,5,4,33.42850112915039,34.257911682128906,177985.7142857143
2023-05-22,33.6358642578125,33.9153345182606,33.396957490694604,33.49162054431114,109300,2023-05-22,0.004306902787555744,0.5183770275659967,33.22888456072126,32.583913040161136,0.013743209833007076,2023,5,0,33.49161911010742,33.689945220947266,164242.85714285713
2023-05-23,33.347381591796875,33.83420204496618,33.28878031794956,33.581776370060474,278600,2023-05-23,-0.008576639024478805,0.545421727016624,33.18380955287388,32.61370722452799,0.014113993208902248,2023,5,1,33.6358642578125,33.66290664672852,183414.2857142857
2023-05-24,32.54501724243164,33.302297591604386,32.427821590554,33.302297591604386,129200,2023-05-24,-0.024060790115005837,0.8744760010503896,33.10267312186105,32.629306920369466,0.015701891315825858,2023,5,2,33.347381591796875,33.112972259521484,168671.42857142858
2023-05-25,31.33697509765625,32.61714106281005,31.26485496050131,32.61714106281005,105000,2023-05-25,-0.03711911214477304,1.3522861023087387,32.940399169921875,32.59985720316569,0.019808300195206293,2023,5,3,32.54501724243164,32.47289276123047,158271.42857142858
2023-05-26,32.01311111450195,32.28357102676809,31.219772584912587,31.255830926046183,144500,2023-05-26,0.021576301309831125,1.0637984418555,32.828352791922434,32.59384689331055,0.021657524012326214,2023,5,4,31.33697509765625,32.79743576049805,153857.14285714287
2023-05-30,31.60742950439453,32.26554154562943,31.494739015709637,32.10326696679992,78500,2023-05-30,-0.012672358167764797,0.7708025299197949,32.5681997026716,32.57401339213053,0.019372534683213587,2023,5,1,32.01311111450195,33.42850112915039,143114.2857142857
2023-05-31,30.53462219238281,31.35500903655531,29.637606620341423,31.35500903655531,222400,2023-05-31,-0.0339416184369743,1.7174024162138863,32.14577157156808,32.51180839538574,0.02104483091578418,2023,5,2,31.60742950439453,33.49161911010742,152500.0
2023-06-01,31.08454322814941,31.499243391027434,30.489537599964216,30.64279844913957,91000,2023-06-01,0.018009754052361826,1.0097057910632188,31.78129713875907,32.469135983784994,0.023418490468732383,2023,6,3,30.53462219238281,33.6358642578125,149885.7142857143
2023-06-02,31.64349174499512,31.91395170238717,31.09356498126629,31.50826520534031,115800,2023-06-02,0.01798155799630785,0.8203867211208795,31.537884303501674,32.45591367085775,0.025891485547059296,2023,6,4,31.08454322814941,33.347381591796875,126628.57142857143
2023-06-05,32.62614822387695,33.20312640019909,32.29258534870626,32.66221000471722,203600,2023-06-05,0.031053983763889015,0.910541051492828,31.549474443708146,32.464027404785156,0.028179812615605242,2023,6,0,31.64349174499512,32.54501724243164,137257.14285714287
2023-06-06,33.61783599853516,34.07761179665514,32.408892484722855,32.62615738132947,322700,2023-06-06,0.030395490385606072,1.6687193119322856,31.875311715262278,32.51180839538574,0.024376201182283747,2023,6,1,32.62614822387695,31.33697509765625,168357.14285714287
2023-06-07,34.1226806640625,35.15943459834814,33.68093584753596,33.68093584753596,307100,2023-06-07,0.0150171672426902,1.4784987508121787,32.176678793770925,32.57731920878093,0.02399553363732296,2023,6,2,33.61783599853516,32.01311111450195,191585.7142857143
2023-06-08,34.15422821044922,34.6140072818589,33.80714305492973,34.122675014492906,132600,2023-06-08,0.0009245330604972235,0.8068642269291715,32.54050718035017,32.64508349100749,0.022408245249282487,2023,6,3,34.1226806640625,31.60742950439453,199314.2857142857
2023-06-09,33.590782165527344,34.005485812269,33.14002017305948,33.87025583891221,95400,2023-06-09,-0.016497109565763557,0.8654656392095177,32.97710146222796,32.69842363993327,0.0168001987690764,2023,6,4,34.15422821044922,30.53462219238281,181171.42857142858
2023-06-12,33.46457290649414,33.8071530200287,33.21214726443785,33.662909304704904,95800,2023-06-12,-0.003757258714943701,0.5950057555908472,33.31710570199149,32.738090896606444,0.017879709434482208,2023,6,0,33.590782165527344,31.08454322814941,181857.14285714287
2023-06-13,33.653892517089844,34.13169913583498,33.491617922225245,33.491617922225245,112700,2023-06-13,0.005657314412011116,0.6400812136097329,33.60430581229074,32.78587188720703,0.017652112312194938,2023,6,1,33.46457290649414,31.64349174499512,181414.2857142857
2023-06-14,33.23918533325195,34.01449643990525,32.806454272593534,33.68994728465124,102100,2023-06-14,-0.012322710771935141,1.2080421673117172,33.69188254220145,32.82704137166341,0.01615817432753984,2023,6,2,33.653892517089844,32.62614822387695,166914.2857142857
2023-06-15,32.54501724243164,33.4194966825234,32.170887370604746,33.02282733354392,196200,2023-06-15,-0.020884028409862365,1.2486093119186563,33.53862271990095,32.86460514068604,0.012829725739525158,2023,6,3,33.23918533325195,33.61783599853516,148842.85714285713
2023-06-16,32.43682861328125,33.98745077893996,32.36470849157469,32.815470429122854,268500,2023-06-16,-0.0033242762891929623,1.62274228736527,33.297786712646484,32.89465586344401,0.009644668688212276,2023,6,4,32.54501724243164,34.1226806640625,143328.57142857142
2023-06-20,33.14903259277344,33.31130716195206,32.193416067503875,32.39175241628676,167400,2023-06-20,0.021956646501519517,1.1178910944481828,33.1541873386928,32.90877990722656,0.014593642391423764,2023,6,1,32.43682861328125,34.15422821044922,148300.0
2023-06-21,34.257911682128906,34.47427895329938,33.149037585102825,33.149037585102825,211700,2023-06-21,0.033451325804216836,1.3252413681965578,33.24949155535017,32.9490478515625,0.019081322459254004,2023,6,2,33.14903259277344,33.590782165527344,164914.2857142857
2023-06-22,34.01449966430664,34.25791155382135,33.473586646968,34.25791155382135,101500,2023-06-22,-0.00710527892303614,0.7843249068533495,33.32805252075195,32.98450787862142,0.019318482915356063,2023,6,3,34.257911682128906,33.46457290649414,165728.57142857142
2023-06-23,32.49092102050781,33.85222054769227,32.220464547979056,33.581764075163505,575600,2023-06-23,-0.04479203453924696,1.6317559997132136,33.16191373552595,32.925608189900714,0.026144394252383102,2023,6,4,34.01449966430664,33.653892517089844,231857.14285714287
2023-06-26,32.61713409423828,33.34736967152684,32.535996807872884,32.535996807872884,169700,2023-06-26,0.003884564357249376,0.8113728636539577,33.07304927280971,32.88984781901042,0.02607616200820716,2023,6,0,32.49092102050781,33.23918533325195,241514.2857142857
2023-06-27,32.32864761352539,32.77940956365477,32.02212934987578,32.77940956365477,132900,2023-06-27,-0.00884462993834434,0.7572802137789836,33.0421393258231,32.84537251790365,0.02503001387190842,2023,6,1,32.61713409423828,32.54501724243164,232471.42857142858
2023-06-28,32.25653076171875,32.53600446699799,32.04918063420505,32.33766806718424,99800,2023-06-28,-0.002230741374299572,0.4868238327929362,33.0163824898856,32.816824467976886,0.02501418135164849,2023,6,2,32.32864761352539,32.43682861328125,208371.42857142858
2023-06-29,33.031837463378906,33.1310056495834,32.29258808863393,32.29258808863393,119100,2023-06-29,0.02403565055980139,0.8384175609494733,32.99964032854353,32.835455958048506,0.025335884733036208,2023,6,3,32.25653076171875,33.14903259277344,201471.42857142858
2023-06-30,33.74855041503906,33.870254635503166,32.932668899112535,33.11297437750165,288200,2023-06-30,0.021697641024504,0.9375857363906306,32.926874433244976,32.86715977986653,0.023014945208302936,2023,6,4,33.031837463378906,34.257911682128906,212400.0
2023-07-03,33.95138931274414,34.13169477724004,33.6493796371619,33.75305295789458,53200,2023-07-03,0.006010299559849885,0.4823151400781427,32.91785866873605,32.88458938598633,0.023055135117253992,2023,7,0,33.74855041503906,34.01449966430664,205500.0
2023-07-05,32.97773742675781,33.86123020872853,32.833490338397006,33.86123020872853,111900,2023-07-05,-0.028677821605988085,1.0277398703315228,32.987403869628906,32.86745999654134,0.018116901594766786,2023,7,2,33.95138931274414,32.49092102050781,139257.14285714287
2023-07-06,32.57205581665039,32.8244813798453,32.229475810142745,32.75236126423549,86600,2023-07-06,-0.012301681126803299,0.5950055697025576,32.980964115687776,32.83199971516927,0.018892513855409215,2023,7,3,32.97773742675781,32.61713409423828,127385.71428571429
2023-07-07,33.031837463378906,33.338355748446894,32.644181884056415,32.644181884056415,154000,2023-07-07,0.014115831353005426,0.6941738643904785,33.081419808524,32.82148157755534,0.01910201527526292,2023,7,4,32.57205581665039,32.32864761352539,130400.0
2023-07-10,33.56373596191406,33.56373596191406,32.80645571275792,32.96873029750859,93800,2023-07-10,0.01610260098684635,0.757280249156139,33.2681634085519,32.85543886820475,0.019480695336340424,2023,7,0,33.031837463378906,32.25653076171875,129542.85714285714
2023-07-11,34.501319885253906,34.5193507758445,33.47358319487516,33.581765099378,98100,2023-07-11,0.027934432698545564,1.0457675809693399,33.47808946881975,32.96091702779134,0.020131987398397316,2023,7,1,33.56373596191406,33.031837463378906,126542.85714285714
2023-07-12,35.2946662902832,35.483985506601186,34.735718929190334,34.83488712032104,167800,2023-07-12,0.022994668252340533,0.7482665774108526,33.6989631652832,33.070302200317386,0.020301380241763787,2023,7,2,34.501319885253906,33.74855041503906,109342.85714285714
2023-07-13,35.90769577026367,35.92572322049329,35.11435383758136,35.384810298552004,180400,2023-07-13,0.017368898601804794,0.8113693829119271,33.97843551635742,33.213644409179686,0.02069676659154579,2023,7,3,35.2946662902832,33.95138931274414,127514.28571428571
2023-07-14,35.89410400390625,36.01189107286258,35.21001752873846,35.844269683810815,128700,2023-07-14,-0.0003785195921337525,0.8018735441241205,34.395059313092915,33.392293802897136,0.01395373187721419,2023,7,4,35.90769577026367,32.97773742675781,129914.28571428571
2023-07-17,36.60538101196289,36.695987004724365,35.59057591976956,35.75366947185788,111500,2023-07-17,0.01981598448534161,1.1054110849548024,34.971248626708984,33.57632172902425,0.00889329414548255,2023,7,0,35.89410400390625,32.57205581665039,133471.42857142858
2023-07-18,36.85907745361328,36.97414781513984,36.12515653100533,36.64161825033792,140500,2023-07-18,0.0069305778177115585,0.848991284134506,35.51799719674246,33.75017458597819,0.00964447970645054,2023,7,1,36.60538101196289,33.031837463378906,131542.85714285713
2023-07-19,37.03123474121094,37.21245019005829,36.35167940033128,36.732232188550434,131500,2023-07-19,0.0046706889995908885,0.8607707897270132,36.01335416521345,33.897010803222656,0.01051781789762181,2023,7,2,36.85907745361328,33.56373596191406,136928.57142857142
2023-07-20,36.795654296875,37.040294615874096,36.31543633165284,37.02217272671895,168600,2023-07-20,-0.0063616686287202295,0.7248582842212556,36.34111622401646,34.00293807983398,0.011024539120282766,2023,7,3,37.03123474121094,34.501319885253906,147000.0
2023-07-21,36.76847076416016,36.96780461891438,36.17045883070736,36.96780461891438,211300,2023-07-21,-0.0007387701954016945,0.7973457882070178,36.5516597202846,34.09113108317057,0.009674753602868433,2023,7,4,36.795654296875,35.2946662902832,153214.2857142857
2023-07-24,37.27586364746094,37.828569041570745,36.69597715409856,36.73222092403275,142400,2023-07-24,0.013799673273204194,1.1325918874721879,36.74711227416992,34.19518559773763,0.00904306152203186,2023,7,0,36.76847076416016,35.90769577026367,147785.7142857143
2023-07-25,37.43896484375,37.8829424756229,37.23056830842904,37.27587130195153,104500,2023-07-25,0.004375517568998566,0.6523741671938552,36.96780667986189,34.32345835367838,0.008709913991554451,2023,7,1,37.27586364746094,35.89410400390625,144328.57142857142
2023-07-26,37.94636535644531,38.055093226444086,37.43896286912325,37.43896286912325,169000,2023-07-26,0.013552738832735667,0.6161303573208343,37.159375871930806,34.47285143534342,0.007264232595296887,2023,7,2,37.43896484375,36.60538101196289,152542.85714285713
2023-07-27,36.05266571044922,38.15475597235725,35.97111895647881,37.946359480298696,197700,2023-07-27,-0.04990463851301219,2.183637015878439,37.04417419433594,34.55281054178874,0.02193132037124034,2023,7,3,37.94636535644531,36.85907745361328,160714.2857142857
2023-07-28,36.74128341674805,36.91343961109887,36.31995905875772,36.3516714961808,126800,2023-07-28,0.019100327055684208,0.5934805523411555,37.00275257655552,34.66954714457194,0.02339556392964795,2023,7,4,36.05266571044922,37.03123474121094,160042.85714285713
2023-07-31,36.958740234375,37.14901484673784,36.46945969710239,36.46945969710239,96200,2023-07-31,0.005918596124157904,0.6795551496354548,37.02605056762695,34.816671244303386,0.023376634160017375,2023,7,0,36.74128341674805,36.795654296875,149700.0
2023-08-01,36.80471420288086,37.16261374350806,36.41510221973717,36.72316742835318,101100,2023-08-01,-0.004167513029864622,0.7475115237708891,37.03122820172991,34.96226743062337,0.02345180961789186,2023,8,1,36.958740234375,36.76847076416016,133957.14285714287
2023-08-02,35.70835876464844,36.6778571947114,35.536206033017294,36.6778571947114,133100,2023-08-02,-0.029788451343187083,1.1416511616941065,36.807298932756694,35.04757830301921,0.025029107578941206,2023,8,2,36.80471420288086,37.27586364746094,132628.57142857142
2023-08-03,35.21002197265625,35.617755799263286,34.94997997337867,35.39123739074789,100800,2023-08-03,-0.013955746195917107,0.6677758258846183,36.488878522600444,35.07931531270345,0.02473885542550195,2023,8,3,35.70835876464844,37.43896484375,132100.0
2023-08-04,35.12847137451172,36.1160916661367,35.055983832625444,35.46371761474516,179900,2023-08-04,-0.002316118922273347,1.0601078335112533,36.08632223946707,35.11644770304362,0.023054884161238975,2023,8,4,35.21002197265625,37.94636535644531,133657.14285714287
2023-08-07,34.920074462890625,35.40029232481682,34.421734715707345,35.128470958752864,148500,2023-08-07,-0.005932421863716564,0.9785576091094725,35.92452348981585,35.19741948445638,0.015282630818509238,2023,8,0,35.12847137451172,36.05266571044922,126628.57142857143
2023-08-08,34.177093505859375,34.79322376200714,34.12272785158889,34.79322376200714,145000,2023-08-08,-0.02127661433886152,0.6704959104182464,35.55821064540318,35.24941813151042,0.012227498289636722,2023,8,1,34.920074462890625,36.74128341674805,129228.57142857143
2023-08-09,33.850914001464844,34.13179463650727,33.55190802124912,34.08649164276464,131500,2023-08-09,-0.009543804663746824,0.5798866152581539,35.11423546927316,35.30016034444173,0.010025086229065162,2023,8,2,34.177093505859375,36.958740234375,134271.42857142858
2023-08-10,33.0988655090332,34.06383604702499,32.93577199434153,33.850908210822176,193900,2023-08-10,-0.022216490000804612,1.128064052683463,34.58482851300921,35.32823816935221,0.009866898609831969,2023,8,3,33.850914001464844,36.80471420288086,147528.57142857142
2023-08-11,33.080745697021484,33.98229141985722,32.81798697923279,33.08980836862594,159800,2023-08-11,-0.0005474451082552179,1.1643044406244272,34.20945521763393,35.329868443806966,0.008683430638714369,2023,8,4,33.0988655090332,35.70835876464844,151342.85714285713
2023-08-14,32.618648529052734,32.99919776948809,32.40118935137798,32.99919776948809,130200,2023-08-14,-0.013968765160283447,0.598008418110112,33.839259011404856,35.292205047607425,0.008684213825766111,2023,8,0,33.080745697021484,35.21002197265625,155542.85714285713
2023-08-15,31.621971130371094,32.59509194346634,31.576664683666685,32.46461988440333,163600,2023-08-15,-0.030555447378327827,1.0184272597996582,33.33833040509905,35.21455777486165,0.010450239243527235,2023,8,1,32.618648529052734,35.12847137451172,153214.2857142857
2023-08-16,31.631032943725582,31.902854364293656,31.49059262531808,31.703520499288743,171200,2023-08-16,0.0002865669985316899,0.4122617389755767,32.86846733093262,35.169667625427245,0.01154320881133135,2023,8,2,31.621971130371094,34.920074462890625,156457.14285714287
2023-08-17,31.70351791381836,31.807714445946903,31.440755730925893,31.612908476753745,84100,2023-08-17,0.0022915777117280545,0.36695871502100985,32.51509938921247,35.14071636199951,0.012459202826664293,2023,8,3,31.631032943725582,34.177093505859375,147757.14285714287
2023-08-18,31.60384559631348,31.80317942194671,31.177989932485566,31.513236169756365,223800,2023-08-18,-0.0031438882516390265,0.6251894894611425,32.19408961704799,35.09311663309733,0.012780946615323894,2023,8,4,31.70351791381836,33.850914001464844,160942.85714285713
2023-08-21,31.45887565612793,31.730697037574007,31.168932388399263,31.56760351742708,105200,2023-08-21,-0.004587098103101095,0.5617646491747443,31.95980535234724,35.02295462290446,0.011582768971426216,2023,8,0,31.60384559631348,33.0988655090332,148271.42857142858
2023-08-22,31.359209060668945,31.739758328302152,31.159871754920147,31.721636440834388,119100,2023-08-22,-0.0031681550398821035,0.5798865733820051,31.713871547154017,34.91821759541829,0.01137330763823589,2023,8,1,31.45887565612793,33.080745697021484,142457.14285714287
2023-08-23,31.427165985107425,31.79412470953549,31.05114458854226,31.35920976966604,305600,2023-08-23,0.0021670484197164885,0.7429801209932307,31.54365975516183,34.7893009185791,0.01148996831528777,2023,8,2,31.359209060668945,32.618648529052734,167514.2857142857
2023-08-24,30.46220016479492,31.53136752448492,30.43501905686293,31.268605293151545,285000,2023-08-24,-0.030704830997799193,1.09634846762199,31.37797818865095,34.60778439839681,0.01154482229211699,2023,8,3,31.427165985107425,31.621971130371094,184857.14285714287
2023-08-25,30.52562141418457,30.70683684371557,30.09070645714828,30.543743302777354,206800,2023-08-25,0.0020819654866213178,0.616130386567292,31.220062255859375,34.428834978739424,0.011707525935895165,2023,8,4,30.46220016479492,31.631032943725582,189942.85714285713
2023-08-28,30.951475143432617,30.99677813377169,30.59357564387969,30.616228867247536,170900,2023-08-28,0.01395069811912708,0.4032024898920028,31.112627574375697,34.24037144978841,0.013596265842295563,2023,8,0,30.52562141418457,31.70351791381836,202342.85714285713
2023-08-29,31.649152755737305,31.72163685014703,30.951475633010823,30.951475633010823,227400,2023-08-29,0.022541013281970335,0.7701612171362058,31.11910002572196,34.06670729319254,0.01675744716334111,2023,8,1,30.951475143432617,31.60384559631348,202857.14285714287
2023-08-30,31.45887565612793,31.82130301259057,31.001307532582597,31.56760351742708,183600,2023-08-30,-0.006012075617881529,0.8199954800079716,31.11910002572196,33.88096199035645,0.016835548940652593,2023,8,2,31.649152755737305,31.45887565612793,214057.14285714287
2023-08-31,30.91523551940918,31.635565951182443,30.743082750448117,31.35921317969424,327600,2023-08-31,-0.01728097795551231,0.8924832007343255,31.05567523411342,33.68494803110759,0.01809330616772946,2023,8,3,31.45887565612793,31.359209060668945,243842.85714285713
2023-09-01,34.29488754272461,35.4274796472584,31.848491362049053,32.618652610573314,664000,2023-09-01,0.1093199507147089,3.5789882852093484,31.465349742344447,33.602495257059736,0.04596372145237768,2023,9,4,30.91523551940918,31.427165985107425,295042.85714285716
2023-09-05,33.207603454589844,34.412679713356226,32.618654149880435,34.22240506035053,335900,2023-09-05,-0.03170397006784831,1.7940255634757918,31.85755021231515,33.46688658396403,0.04612482855863292,2023,9,1,34.29488754272461,30.46220016479492,302314.28571428574
2023-09-06,32.43743133544922,33.52472025108807,32.39212835071347,33.52472025108807,309100,2023-09-06,-0.023192643823087278,1.1325919003745994,32.13066591535296,33.300168800354,0.048093902667458895,2023,9,2,33.207603454589844,30.52562141418457,316928.5714285714
2023-09-07,32.129371643066406,32.62771147237168,31.739759686824865,32.43743683041095,228500,2023-09-07,-0.009497043375507608,0.8879517855468144,32.29893684387207,33.10626900990804,0.04855957519274424,2023,9,3,32.43743133544922,30.951475143432617,325157.14285714284
2023-09-08,32.863285064697266,33.28007803000556,31.98439269561135,32.61864481382605,220100,2023-09-08,0.022842445528785893,1.2956853343942107,32.47238431658064,32.99995632171631,0.04857649753036407,2023,9,4,32.129371643066406,31.649152755737305,324114.28571428574
2023-09-11,32.98442459106445,33.67392749171296,32.49058758990251,33.19872973880089,189600,2023-09-11,0.0036861660703944032,1.1833399018104487,32.690319878714426,32.874727694193524,0.048302560393129405,2023,9,0,32.863285064697266,31.45887565612793,324971.4285714286
2023-09-12,32.192420959472656,32.9378308806134,32.117881744556016,32.79806851974663,168700,2023-09-12,-0.024011443019271383,0.8199491360573816,32.87277494158064,32.71585038503011,0.048946307066073114,2023,9,1,32.98442459106445,30.91523551940918,302271.4285714286
2023-09-13,32.0433349609375,32.57443968536452,31.391100028751595,32.117877720910485,366000,2023-09-13,-0.0046310899923569515,1.1833396566129224,32.551124572753906,32.557137743632,0.018862227704059938,2023,9,2,32.192420959472656,34.29488754272461,259700.0
2023-09-14,31.51223945617676,32.667627693033744,31.13953265605632,32.46263859752796,255700,2023-09-14,-0.01657428933062588,1.5280950369774224,32.30892971583775,32.417267100016275,0.016628603936191342,2023,9,3,32.0433349609375,33.207603454589844,248242.85714285713
2023-09-15,29.51826286315918,31.465648383797983,29.42042813909395,31.465648383797983,569000,2023-09-15,-0.06327625796924241,2.0452202447040335,31.891905648367747,32.227541796366374,0.026792777350086186,2023,9,4,31.51223945617676,32.43743133544922,285371.4285714286
2023-09-18,30.296281814575195,30.450023605450664,29.229414233095312,29.63007094184292,305500,2023-09-18,0.026357206554557644,1.2206093723553515,31.630035672869003,32.06646881103516,0.030727071467854607,2023,9,0,29.51826286315918,32.129371643066406,296371.4285714286
2023-09-19,29.695293426513672,30.589787006406624,29.50894007902011,30.23571600160831,215100,2023-09-19,-0.019837034515977958,1.0808469273865136,31.177465438842773,31.892309443155924,0.027683767350488785,2023,9,1,30.296281814575195,32.863285064697266,295657.14285714284
2023-09-20,29.08965301513672,30.226403735339535,28.744901548729896,29.937559353104906,466200,2023-09-20,-0.020395165074752253,1.4815021866096387,30.621069499424525,31.722728093465168,0.026588300247849434,2023,9,2,29.695293426513672,32.98442459106445,335171.4285714286
2023-09-21,28.94988441467285,29.704612163153808,28.344238646701776,28.726261443908022,350800,2023-09-21,-0.004804753098675341,1.3603735164520323,30.157849993024552,31.559360440572103,0.026792328309595645,2023,9,3,29.08965301513672,32.192420959472656,361185.71428571426
2023-09-22,28.54922866821289,29.39340639697549,28.34424136961885,29.10828703743013,322200,2023-09-22,-0.013839631990271273,1.04916502735664,29.65869195120675,31.407705879211427,0.026437122973466915,2023,9,4,28.94988441467285,32.0433349609375,354928.5714285714
2023-09-25,28.14856719970703,28.213792120679056,25.98687672330365,27.48701613891004,701300,2023-09-25,-0.014034055811530943,2.2269153973754072,29.17816734313965,31.243299929300942,0.026446205188489957,2023,9,0,28.54922866821289,31.51223945617676,418585.71428571426
2023-09-26,27.319299697875977,28.30696829920889,26.9931821871234,28.09266316653053,489100,2023-09-26,-0.029460380556765475,1.3137861120854915,28.864029748099192,31.06665496826172,0.018065713331000356,2023,9,1,28.14856719970703,29.51826286315918,407171.4285714286
2023-09-27,27.021135330200195,27.775863095256025,26.77887666225195,27.38452244352385,427100,2023-09-27,-0.01091405603266482,0.996986433004075,28.39615167890276,30.91329377492269,0.007902728882776528,2023,9,2,27.319299697875977,30.296281814575195,424542.85714285716
2023-09-28,27.71063804626465,27.71063804626465,26.9465924875492,26.9652281785416,260000,2023-09-28,0.025517163051762326,0.7640455587154484,28.11262948172433,30.782613945007324,0.017351587823529267,2023,9,3,27.021135330200195,29.695293426513672,430957.14285714284
2023-09-29,27.328617095947266,28.111298398038148,27.254076104186105,27.878357576634848,205300,2023-09-29,-0.01378607557428213,0.8572222938520433,27.861052921840123,30.636783917744953,0.016845342376033228,2023,9,4,27.71063804626465,29.08965301513672,393685.71428571426
2023-10-02,26.480714797973636,27.32861931454047,26.215162382191576,27.32861931454047,326900,2023-10-02,-0.03102616919827128,1.113456932348896,27.508314405168807,30.466012891133627,0.018639094324246427,2023,10,0,27.328617095947266,28.94988441467285,390271.4285714286
2023-10-03,26.12664604187012,26.73229188374621,26.08471661866036,26.39685649806817,371600,2023-10-03,-0.013370815659802693,0.6475752650858517,27.162231172834122,30.2882719039917,0.018634346059411874,2023,10,1,26.480714797973636,28.54922866821289,397328.5714285714
2023-10-04,26.30367851257324,26.5524595077716,25.94960922734716,26.12664475855896,382200,2023-10-04,0.006775935587729487,0.6028502804244411,26.898675646100724,30.119754219055174,0.019950964146315957,2023,10,2,26.12664604187012,28.14856719970703,351742.85714285716
2023-10-05,26.620473861694336,26.667063087176214,26.014828148007783,26.31299208230287,349700,2023-10-05,0.012043766006707646,0.6522349391684301,26.798843383789062,29.95953114827474,0.019170655351715412,2023,10,3,26.30367851257324,27.319299697875977,331828.5714285714
2023-10-06,27.15532684326172,27.230393326868636,25.897961900551305,26.86444265327455,234300,2023-10-06,0.02009179041463316,1.3324314263173314,26.81801359994071,29.849302037556967,0.020702884372620908,2023,10,4,26.620473861694336,27.021135330200195,304285.71428571426
2023-10-09,26.94889259338379,27.43682563028562,26.79875962660263,27.192859111834707,277900,2023-10-09,-0.007601979938206993,0.6380660036829902,26.70919282095773,29.730077743530273,0.017704631468749038,2023,10,0,27.15532684326172,27.71063804626465,306842.85714285716
2023-10-10,27.662029266357425,27.690179873036023,26.958280206930056,27.014581420287257,243300,2023-10-10,0.026462559472618885,0.7318996661059671,26.756823131016322,29.62042954762777,0.020283608116306143,2023,10,1,26.94889259338379,27.328617095947266,312271.4285714286
2023-10-11,27.98106002807617,28.12180947050533,27.568193445854558,27.6526434692573,192500,2023-10-11,0.011533165504482579,0.553616024650772,26.971158163888113,29.49815979003906,0.014245139867035406,2023,10,2,27.662029266357425,26.480714797973636,293071.4285714286
2023-10-12,27.98106002807617,28.103044190647363,27.624494654607226,27.98106002807617,179300,2023-10-12,0.0,0.4785495360401377,27.236074447631836,29.382232602437337,0.011543706847511347,2023,10,3,27.98106002807617,26.12664604187012,265600.0
2023-10-13,28.68480682373047,29.407322839616285,28.168724977941245,28.168724977941245,367500,2023-10-13,0.025150826843163276,1.2385978616750393,27.576235634940012,29.307884979248048,0.012741727049370752,2023,10,4,27.98106002807617,26.30367851257324,263500.0
2023-10-16,28.08427619934082,29.02260817104094,27.97167557525728,28.853708129778727,218900,2023-10-16,-0.020935494810194744,1.0509325957836602,27.785350254603795,29.100864601135253,0.017972920134798016,2023,10,0,28.68480682373047,26.620473861694336,244814.2857142857
2023-10-17,28.23440742492676,28.43145626772488,27.93883237100349,27.94352503281836,180800,2023-10-17,0.005345739534831306,0.4926238967213905,27.939504623413086,28.935091400146483,0.017138901587768113,2023,10,1,28.08427619934082,27.15532684326172,237171.42857142858
2023-10-18,27.905988693237305,28.55343816364514,27.77462280841361,28.07488871071117,202900,2023-10-18,-0.01163186203084654,0.7788153552315293,28.076232637677872,28.784043312072754,0.017718378310575413,2023,10,2,28.23440742492676,26.94889259338379,226457.14285714287
2023-10-19,27.464975357055664,27.95290837840103,27.30545886122068,27.72770714568311,181000,2023-10-19,-0.01580353740659668,0.6474495171803518,28.048082079206193,28.628563435872397,0.016389821771102032,2023,10,3,27.905988693237305,27.662029266357425,217557.14285714287
2023-10-20,27.174091339111328,27.830924394046168,27.08964311349648,27.540042002164096,219400,2023-10-20,-0.01059108971199596,0.7412812805496891,27.9328008379255,28.438923645019532,0.01571042578315519,2023,10,4,27.464975357055664,27.98106002807617,221400.0
2023-10-23,27.089645385742188,27.361760732656283,26.57637695588941,26.958277689900605,176400,2023-10-23,-0.0031075906942138465,0.7853837767668743,27.805455889020646,28.24243100484212,0.015620010878956724,2023,10,0,27.174091339111328,27.98106002807617,220985.7142857143
2023-10-24,26.50787734985352,27.33267085447076,26.437501738343972,27.127176288123326,134300,2023-10-24,-0.02147566081447727,0.8951691161267874,27.49446596418108,28.052946217854817,0.009672656818587437,2023,10,1,27.089645385742188,28.68480682373047,187671.42857142858
2023-10-25,26.348360061645508,26.78937541672518,26.17946003084552,26.376510663354203,323900,2023-10-25,-0.006017731487990785,0.6099153858796598,27.246477944510325,27.86311372121175,0.008763483086934892,2023,10,2,26.50787734985352,28.08427619934082,202671.42857142858
2023-10-26,26.39527702331543,26.57356059532575,25.963645184447067,26.34836114160405,274400,2023-10-26,0.0017806406759339755,0.6099154108786813,26.98374502999442,27.692548306783042,0.007843374151246649,2023,10,3,26.348360061645508,28.23440742492676,216042.85714285713
2023-10-27,26.02932929992676,26.64862827281564,25.841663974954333,26.64862827281564,160800,2023-10-27,-0.013864136491745116,0.8069642978613061,26.715650830950057,27.576250521341958,0.007986226573467295,2023,10,4,26.39527702331543,27.905988693237305,210028.57142857142
2023-10-30,25.578929901123047,26.3108294872938,25.33496337239946,26.085628237913404,220200,2023-10-30,-0.017303534548044675,0.975866114894341,26.446215765816824,27.41900545756022,0.008189553310462736,2023,10,0,26.02932929992676,27.464975357055664,215628.57142857142
2023-10-31,25.41002655029297,25.841660134054827,25.297425940264574,25.635225980623773,236600,2023-10-31,-0.0066032219284772875,0.5442341937902526,26.194206510271346,27.276163228352864,0.008286428357628885,2023,10,1,25.578929901123047,27.174091339111328,218085.7142857143
2023-11-01,24.424779891967773,25.47101974101732,23.941537748617204,25.410027666667045,434100,2023-11-01,-0.03877393265902884,1.5294819924001146,25.813511439732142,27.120667457580566,0.013199956020723833,2023,11,2,25.41002655029297,27.089645385742188,254900.0
2023-11-02,25.175447463989254,25.269281021843483,24.76258088326641,24.8001150222986,394500,2023-11-02,0.03073385206915802,0.5067001385770737,25.623164313180105,26.99485289255778,0.02107435486422196,2023,11,3,24.424779891967773,26.50787734985352,292071.4285714286
2023-11-03,25.59769630432129,25.88857870842546,25.34434624765338,25.653995720338767,196600,2023-11-03,0.01677224768044394,0.5442324607720792,25.515926633562362,26.89646848042806,0.02295485534379823,2023,11,4,25.175447463989254,26.348360061645508,273885.71428571426
2023-11-06,25.503862380981445,26.22637840333623,25.503862380981445,25.54139472787297,635800,2023-11-06,-0.003665717501461385,0.7225160223547853,25.388581684657506,26.808311653137206,0.022822376414757862,2023,11,0,25.59769630432129,26.39527702331543,325514.28571428574
2023-11-07,24.725048065185547,25.597697094150224,24.03631130275821,25.560162955829657,457300,2023-11-07,-0.03053711254247793,1.5613857913920128,25.20225579398019,26.721836598714194,0.024731758134934858,2023,11,1,25.503862380981445,26.02932929992676,367871.4285714286
2023-11-08,23.04543113708496,24.59367842584348,21.712999757423617,22.31353339497698,1023400,2023-11-08,-0.06793179627689361,2.8806786684198613,24.840327399117605,26.589313125610353,0.03392355688304032,2023,11,2,24.725048065185547,25.578929901123047,482614.28571428574
2023-11-09,22.820232391357425,23.85708875083933,22.763932976335067,23.223715410090943,367500,2023-11-09,-0.009771947610263787,1.0931557745042646,24.470356804983957,26.426299603780112,0.033824941792799976,2023,11,3,23.04543113708496,25.41002655029297,501314.28571428574
2023-11-10,23.04543113708496,23.28001411385825,22.801464626473607,22.848382295663917,399300,2023-11-10,0.009868380911529417,0.47854948738464387,24.27330698285784,26.2835267384847,0.03305201510760889,2023,11,4,22.820232391357425,24.424779891967773,496342.85714285716
2023-11-13,23.19556427001953,23.242481939555677,22.754548914736343,22.98913189323878,382300,2023-11-13,0.006514659328415551,0.4879330248193341,23.99046652657645,26.17402172088623,0.029414679491406172,2023,11,0,23.04543113708496,25.175447463989254,494600.0
2023-11-14,24.678131103515625,24.77196466229512,23.32693430010543,23.32693430010543,614000,2023-11-14,0.06391596325217774,1.4450303621896872,23.859100069318497,26.12573788960775,0.040287568248286075,2023,11,1,23.19556427001953,25.59769630432129,554228.5714285715
2023-11-15,24.27464866638184,25.01592998637489,24.030682141273967,24.68751344143252,368100,2023-11-15,-0.016349797131773314,0.9852478451009219,23.68349811008999,26.058103561401367,0.04052751547331615,2023,11,2,24.678131103515625,25.503862380981445,515985.71428571426
2023-11-16,24.4810791015625,24.706278539919648,23.899312543512004,24.11513023794789,306500,2023-11-16,0.008503951509977847,0.8069659964076443,23.64864540100098,25.986790402730307,0.03930858826939535,2023,11,3,24.27464866638184,24.725048065185547,494442.85714285716
2023-11-17,24.89394760131836,24.940863483537605,24.424781620221168,24.80949758154277,306800,2023-11-17,0.01686479987434497,0.5160818633164368,23.912719181605752,25.911411094665528,0.02595086168115686,2023,11,4,24.4810791015625,23.04543113708496,392071.4285714286
2023-11-20,25.28804397583008,25.48509280450141,24.75319332002369,24.78134391971644,177600,2023-11-20,0.015831011650834004,0.7318994844777187,24.26526369367327,25.856049474080404,0.024222163736699658,2023,11,0,24.89394760131836,22.820232391357425,364942.85714285716
2023-11-21,26.31552124023437,26.883211675632516,25.64461371122702,26.151313854698145,388500,2023-11-21,0.04063095055459165,1.2385979644054963,24.732419422694615,25.811165873209635,0.025866294857199087,2023,11,1,25.28804397583008,23.04543113708496,363400.0
2023-11-22,26.11377716064453,26.376510741526072,25.87919418155512,26.348360139733945,256000,2023-11-22,-0.0076663531665635,0.49731655997095103,25.149306978498185,25.748923110961915,0.02754593110091141,2023,11,2,26.31552124023437,23.19556427001953,345357.14285714284
2023-11-24,26.104394912719727,26.564177359618554,26.048095496088045,26.292062021126924,75200,2023-11-24,-0.00035928344900426623,0.5160818635305091,25.35305895124163,25.6863676071167,0.01876550307833742,2023,11,4,26.11377716064453,24.678131103515625,268385.71428571426
2023-11-27,26.36712455749512,26.49849043986955,25.991792186621083,26.104391003020336,184900,2023-11-27,0.01006457516651249,0.5066982532484658,25.651984078543528,25.609111531575522,0.015349035741145135,2023,11,0,26.104394912719727,24.27464866638184,242214.2857142857
2023-11-28,26.855060577392575,27.333608285901644,26.029327478181468,26.376511079157392,292000,2023-11-28,0.01850546952260501,1.3042808077201755,25.991124289376394,25.56813767751058,0.015436637128155958,2023,11,1,26.36712455749512,24.4810791015625,240142.85714285713
2023-11-29,26.81752586364746,27.2679247500304,26.64862583382234,26.948891758077632,274100,2023-11-29,-0.0013976774931094837,0.6192989162080593,26.265921183994838,25.520908292134603,0.01627590720087641,2023,11,2,26.855060577392575,24.89394760131836,235471.42857142858
2023-11-30,26.89259147644043,27.267923869641333,26.66739204051989,26.939507354443283,249700,2023-11-30,0.0027991252129162536,0.6005318291214436,26.495142255510604,25.48712838490804,0.016349845969454116,2023,11,3,26.81752586364746,25.28804397583008,245771.42857142858
2023-12-01,27.97167205810547,28.05612206811785,26.75184136416703,26.93012491749606,402000,2023-12-01,0.040125570739821814,1.3042807039508197,26.731735229492188,25.504018274943032,0.01618688412755761,2023,12,4,26.89259147644043,26.31552124023437,247700.0
2023-12-04,28.666040420532227,28.670733082539343,27.647951111580536,27.79339320845628,298600,2023-12-04,0.02482398481522119,1.0227819709588069,27.096344266619003,25.553749910990398,0.015289098659300329,2023,12,0,27.97167205810547,26.11377716064453,253785.7142857143
2023-12-05,27.71832656860352,28.694190862655336,27.60572594750369,28.619124378497503,281100,2023-12-05,-0.03306050776548486,1.088464915151647,27.326905931745255,25.57470595041911,0.023188180531161198,2023,12,1,28.666040420532227,26.104394912719727,283200.0
2023-12-06,27.530656814575195,28.40330572752983,27.38990739403677,27.91537273258569,206400,2023-12-06,-0.00677060188189349,1.0133983334930612,27.49312482561384,25.608798599243165,0.023901739740075718,2023,12,2,27.71832656860352,26.36712455749512,286271.4285714286
2023-12-07,27.596343994140625,27.924760552291986,27.389911598312526,27.727709901510664,181800,2023-12-07,0.0023859648539388267,0.5348489539794592,27.599022456577845,25.65039806365967,0.023313970103664372,2023,12,3,27.530656814575195,26.855060577392575,270528.5714285714
2023-12-08,27.72770881652832,28.0608180238948,27.5212764287779,27.58695937989275,230200,2023-12-08,0.004760225572473908,0.5395415951169014,27.729048592703684,25.694812456766766,0.023186487998902695,2023,12,4,27.596343994140625,26.81752586364746,264257.14285714284
2023-12-11,26.9676570892334,27.83561512222696,26.920741212736868,27.58695596556264,231500,2023-12-11,-0.027411270520911524,0.914873909490094,27.739772251674108,25.726090049743654,0.02627259401415782,2023,12,0,27.72770881652832,26.89259147644043,261657.14285714287
2023-12-12,26.179462432861328,26.873827897850337,26.160695363333616,26.873827897850337,360600,2023-12-12,-0.02922740576847327,0.7131325345167205,27.483742305210658,25.746107800801596,0.02158211360792112,2023,12,1,26.9676570892334,27.97167205810547,255742.85714285713
2023-12-13,28.20625686645508,28.20625686645508,26.057477711558604,26.27329362249484,321700,2023-12-13,0.07741925330940536,2.148779154896477,27.418058940342494,25.839315478007,0.03818006856915995,2023,12,2,26.179462432861328,28.666040420532227,259042.85714285713
2023-12-14,28.375158309936523,29.135206697867755,28.31885889335211,28.590974231615263,256500,2023-12-14,0.005988084285026618,0.8163478045156438,27.51189204624721,25.970994758605958,0.03559998114997947,2023,12,3,28.20625686645508,27.71832656860352,255528.57142857142
2023-12-15,27.97167205810547,28.82555390180757,27.924756181310137,28.731722148216903,271100,2023-12-15,-0.014219700465592178,0.9007977204974331,27.574894223894393,26.064202245076498,0.036079438402291795,2023,12,4,28.375158309936523,27.530656814575195,264771.4285714286
2023-12-18,27.361759185791016,28.35639053956164,27.34299211748516,28.18749229398734,200400,2023-12-18,-0.021804662626084048,1.013398422076481,27.541382108415878,26.123004341125487,0.03726623322619523,2023,12,0,27.97167205810547,27.596343994140625,267428.5714285714
2023-12-19,28.28132438659668,28.525290908245715,27.652641908811976,27.78400959876217,230200,2023-12-19,0.033607678313432254,0.8726489994337392,27.62047004699707,26.21558640797933,0.039491811820681094,2023,12,1,27.361759185791016,27.72770881652832,267428.5714285714
2023-12-20,28.04673957824707,28.853705575175702,27.999823699706308,28.30947315136305,228000,2023-12-20,-0.008294689638395636,0.8538818754693942,27.77462468828474,26.326309458414713,0.037616108057606866,2023,12,2,28.28132438659668,26.9676570892334,266928.5714285714
2023-12-21,28.92877197265625,29.09767199848579,28.300089537471862,28.525288975335908,223100,2023-12-21,0.03144866061698237,0.7975824610139277,28.167383193969727,26.522420819600423,0.03498831725130938,2023,12,3,28.04673957824707,26.179462432861328,247285.7142857143
2023-12-22,28.975690841674805,29.416708019020007,28.71295903191296,29.097675001686717,187400,2023-12-22,0.0016218755868000478,0.7037489871070477,28.27730233328683,26.727602767944337,0.021558570629576754,2023,12,4,28.92877197265625,28.20625686645508,228100.0
2023-12-26,29.163354873657227,29.369787243768798,28.82555482281463,28.914697497190332,169200,2023-12-26,0.006476602508213913,0.5442324209541667,28.389901842389786,26.931533559163412,0.021566680806662422,2023,12,1,28.975690841674805,28.375158309936523,215628.57142857142
2023-12-27,29.63252067565918,29.726354221531075,29.05919984015588,29.210270614098672,139600,2023-12-27,0.0160875113317549,0.6671543813751946,28.627165930611746,27.146098772684734,0.02027488414664443,2023,12,2,29.163354873657227,27.97167205810547,196842.85714285713
2023-12-28,29.623140335083008,29.848339795613462,29.46831648897354,29.60437326594058,137300,2023-12-28,-0.0003165556072277642,0.3800233066399237,28.950220380510604,27.310932413736978,0.016134920178192114,2023,12,3,29.63252067565918,27.361759185791016,187828.57142857142
2023-12-29,28.384536743164062,29.576218550014577,28.22502026673741,29.576218550014577,180400,2023-12-29,-0.04181202863398159,1.3511982832771672,28.96496500287737,27.447928682963052,0.022751084885114032,2023,12,4,29.623140335083008,28.28132438659668,180714.2857142857
2024-01-02,27.6151065826416,29.031987888383608,27.516582168101426,28.234405459359834,315900,2024-01-02,-0.027107370730923286,1.5154057202821818,28.903303146362305,27.55239626566569,0.024997102171518557,2024,1,1,28.384536743164062,28.04673957824707,193271.42857142858
2024-01-03,26.76122665405273,28.03735684185473,26.735891291440836,27.333607905375462,316300,2024-01-03,-0.030920754407864792,1.3014655504138943,28.59365381513323,27.614638900756837,0.022053443586124953,2024,1,2,27.6151065826416,28.92877197265625,206585.7142857143
2024-01-04,27.464975357055664,27.72770714568311,26.71430875735677,26.83629290755616,262100,2024-01-04,0.026297326056851533,1.0133983883263404,28.377837317330496,27.687203280131023,0.02599892922171341,2024,1,3,26.76122665405273,28.975690841674805,217257.14285714287
2024-01-05,27.352378845214844,27.98106138905492,27.05961898847586,27.258545282455987,174600,2024-01-05,-0.004099640009758598,0.9214424005790569,28.11912645612444,27.72176520029704,0.025362517722560735,2024,1,4,27.464975357055664,29.163354873657227,218028.57142857142
2024-01-08,27.511892318725582,27.57757526846612,26.507877424746248,27.1928593145063,203500,2024-01-08,0.005831795267732032,1.0696978437198723,27.816179547991073,27.76836903889974,0.023938893684333978,2024,1,0,27.352378845214844,29.63252067565918,227157.14285714287
2024-01-09,26.92074584960937,27.464978343448063,26.69554638213057,27.324228899989592,219200,2024-01-09,-0.021486943255948132,0.769431961317494,27.43012319292341,27.79558073679606,0.02380375024802003,2024,1,1,27.511892318725582,29.623140335083008,238857.14285714287
2024-01-10,26.733078002929688,26.91605245340925,26.16069492011568,26.72369446832481,327500,2024-01-10,-0.006971123598434992,0.7553575332935694,27.19420051574707,27.807779184977214,0.020229452797992344,2024,1,2,26.92074584960937,28.384536743164062,259871.42857142858
2024-01-11,25.888580322265625,26.855062937732733,25.86981325251451,26.648628749923017,195700,2024-01-11,-0.03158999051929279,0.9852496852182213,26.947553907121932,27.775563176472982,0.020979210410292062,2024,1,3,26.733078002929688,27.6151065826416,242700.0
2024-01-12,27.060606002807617,27.81202704602837,26.31391188720917,26.31391188720917,336900,2024-01-12,0.04527191780902662,1.4981151588191999,26.990322385515487,27.78366584777832,0.026692797312416163,2024,1,4,25.888580322265625,26.76122665405273,245642.85714285713
2024-01-16,27.02279663085937,27.08895918795492,26.512396671331835,26.644723588317383,237800,2024-01-16,-0.0013972108364580516,0.5765625166230848,26.92715399605887,27.788006019592284,0.024429271486050976,2024,1,1,27.060606002807617,27.464975357055664,242171.42857142858
2024-01-17,26.81485748291016,26.871567989808373,26.200486747467203,26.46513878431639,188200,2024-01-17,-0.007694952923997134,0.6710812423411703,26.850365230015345,27.749445533752443,0.024516864984737957,2024,1,2,27.02279663085937,27.352378845214844,244114.2857142857
2024-01-18,26.69198226928711,27.004837421693644,26.370619729698408,26.8621155905746,176100,2024-01-18,-0.0045823556474750005,0.6342176919952358,26.733235222952707,27.683643595377603,0.0242359496567602,2024,1,3,26.81485748291016,27.511892318725582,240200.0
2024-01-19,25.879125595092773,26.824309173921204,25.78460867944561,26.824309173921204,253600,2024-01-19,-0.030453214976455367,1.0397004944755928,26.584432329450333,27.62233689626058,0.02551348524801965,2024,1,4,26.69198226928711,26.92074584960937,245114.2857142857
2024-01-22,26.29500770568848,26.370622322272983,25.89803051792116,25.98309718692806,235300,2024-01-22,0.01607017629199059,0.472591804351822,26.521850858415878,27.58114859263102,0.026726275190465346,2024,1,0,25.879125595092773,26.733078002929688,231942.85714285713
2024-01-23,26.61636734008789,26.83375911343255,26.04925687688032,26.58801118594945,169800,2024-01-23,0.012221317369299989,0.7845022365522283,26.625820432390487,27.5484827041626,0.023604161431663082,2024,1,1,26.29500770568848,25.888580322265625,228242.85714285713
2024-01-24,26.27610206604004,27.051154094253278,26.191035402001933,27.051154094253278,120900,2024-01-24,-0.012784061389751189,0.8601186922513442,26.51374844142369,27.500095812479653,0.015618294771950727,2024,1,2,26.61636734008789,27.060606002807617,197385.7142857143
2024-01-25,25.74679946899414,26.59746429627652,25.67118485774225,26.59746429627652,145700,2024-01-25,-0.020143878103213164,0.9262794385342694,26.331463132585803,27.45940055847168,0.01665287392595709,2024,1,3,26.27610206604004,27.02279663085937,184228.57142857142
2024-01-26,25.51050567626953,26.077616208579595,25.491601571207102,25.98309748606214,189200,2024-01-26,-0.009177598676261445,0.586014637372493,26.145127160208567,27.43710199991862,0.01667606056321534,2024,1,4,25.74679946899414,26.81485748291016,184371.42857142858
2024-01-29,26.66362762451172,26.68253172856835,25.30256458273692,25.472697913657417,201400,2024-01-29,0.045201845971828414,1.3799671458314293,26.141076496669225,27.385681025187175,0.025921445224733743,2024,1,0,25.51050567626953,26.69198226928711,187985.7142857143
2024-01-30,25.661733627319336,26.588013095500223,25.661733627319336,26.57856284623649,141300,2024-01-30,-0.03757530713005264,0.926279468180887,26.11002050127302,27.295233535766602,0.027418633565330915,2024,1,1,26.66362762451172,25.879125595092773,171942.85714285713
2024-01-31,25.491601943969727,26.57856456462308,25.40653527273956,25.42543937807842,180400,2024-01-31,-0.006629781363192366,1.1720292918835185,25.995248249598912,27.212564531962077,0.026402807088352066,2024,1,2,25.661733627319336,26.29500770568848,164100.0
2024-02-01,26.31390953063965,26.31390953063965,25.49159906908456,25.52940727549836,190900,2024-02-01,0.03225798003896907,0.8223104615550874,25.952039991106307,27.177636210123698,0.029387886612359873,2024,2,3,25.491601943969727,26.61636734008789,167114.2857142857
2024-02-02,25.70899200439453,26.030354539659047,25.501050479932516,26.030354539659047,160000,2024-02-02,-0.02298850824658938,0.529304059726531,25.87102426801409,27.091891797383628,0.030293689487365175,2024,2,4,26.31390953063965,26.27610206604004,172700.0
2024-02-05,25.19859313964844,25.538859792393925,24.659838807997776,25.482147481739982,287700,2024-02-05,-0.019852931793624795,0.8790209843961492,25.79270907810756,26.996953582763673,0.030265989534173324,2024,2,0,25.70899200439453,25.74679946899414,192985.7142857143
2024-02-06,25.623926162719727,26.51239738594249,25.38290335218152,26.011451267119863,286300,2024-02-06,0.016879236896842897,1.1294940337609702,25.808912004743302,26.88679205576579,0.030928852815183833,2024,2,1,25.19859313964844,25.51050567626953,206857.14285714287
2024-02-07,24.74490737915039,25.113528412850982,23.336584006289883,24.574774039659445,682300,2024-02-07,-0.03430460960538595,1.7769444065610998,25.534809112548828,26.745765940348306,0.026254465153097505,2024,2,2,25.623926162719727,26.66362762451172,275557.14285714284
2024-02-08,24.89613342285156,25.226948006930566,24.49915628251565,24.574770890065608,282500,2024-02-08,0.006111400676673817,0.7277917244149172,25.425437654767716,26.60352522532145,0.023769547643546007,2024,2,3,24.74490737915039,25.661733627319336,295728.5714285714
2024-02-09,25.019004821777344,25.491596538263614,24.67874001180737,25.04736097377248,243300,2024-02-09,0.0049353607180222525,0.812856526456244,25.357923780168807,26.44974136352539,0.023963541320406446,2024,2,4,24.89613342285156,25.491601943969727,304714.28571428574
2024-02-12,25.926382064819336,26.101240496552737,24.84887351939984,24.84887351939984,215400,2024-02-12,0.03626751941197037,1.2523669771528958,25.302562713623047,26.326516087849935,0.024957959283053787,2024,2,0,25.019004821777344,26.31390953063965,308214.28571428574
2024-02-13,24.565319061279297,25.407478270335428,24.38573369067358,25.25530258677172,319400,2024-02-13,-0.052497220789896715,1.0217445796618492,25.139180864606583,26.19920883178711,0.030906543567207696,2024,2,1,25.926382064819336,25.70899200439453,330985.71428571426
2024-02-14,24.622032165527344,24.792165502711384,24.28176729395392,24.773261397958787,213800,2024-02-14,0.002308665485132755,0.510398208757465,25.056815011160715,26.099439684549967,0.03038962273406353,2024,2,2,24.565319061279297,25.19859313964844,320428.5714285714
2024-02-15,25.094623565673828,25.10785607822979,24.253410748396934,24.6503879278704,236800,2024-02-15,0.0191938422047937,0.8544453298328563,24.98120035443987,26.04388624827067,0.030652158963712622,2024,2,3,24.622032165527344,25.623926162719727,313357.14285714284
2024-02-16,24.47080421447754,24.97175219988485,24.281768565436955,24.97175219988485,303600,2024-02-16,-0.024858685350020227,0.6899836344478949,24.942042759486608,25.944080543518066,0.029195516960895947,2024,2,4,25.094623565673828,24.74490737915039,259257.14285714287
2024-02-20,24.045469284057617,24.36494069406121,23.861158785871144,24.31011951620456,230100,2024-02-20,-0.01738132211316057,0.5037819081900672,24.820519311087473,25.833850224812824,0.029560305815308597,2024,2,1,24.47080421447754,24.89613342285156,251771.42857142858
2024-02-21,23.601232528686523,23.9273220063158,23.23261152210861,23.84698046733665,305700,2024-02-21,-0.018474863190365176,0.6947104842071923,24.6179804120745,25.70349489847819,0.029629074503833085,2024,2,2,24.045469284057617,25.019004821777344,260685.7142857143
2024-02-22,23.14754676818848,23.639042686034884,23.11919061042225,23.629590633446146,241000,2024-02-22,-0.019222968967684384,0.5198520756126328,24.221003941127233,25.57772159576416,0.02237034846393431,2024,2,3,23.601232528686523,25.926382064819336,264342.85714285716
2024-02-23,23.941499710083008,23.98875816737456,22.89234537250038,23.21370792990777,232900,2024-02-23,0.034299658181732307,1.0964127948741798,24.131886890956334,25.484668986002603,0.022722562537648892,2024,2,4,23.14754676818848,24.565319061279297,251985.7142857143
2024-02-26,23.818628311157227,23.84698266640437,23.506717783875644,23.82807856104313,161300,2024-02-26,-0.005132151302703614,0.3402648825287251,24.017114911760604,25.415670585632324,0.022581989718440325,2024,2,0,23.941499710083008,24.622032165527344,244485.7142857143
2024-02-27,24.31011962890625,24.59367576825689,23.90369222725432,23.969854785597786,216800,2024-02-27,0.02063474484459693,0.6899835410025688,23.905042920793807,25.32398770650228,0.022839183026469333,2024,2,1,23.818628311157227,25.094623565673828,241628.57142857142
2024-02-28,24.09272766113281,24.432994304558573,23.79026922377413,24.102179712649583,204200,2024-02-28,-0.008942447470104087,0.6427250807844445,23.8510319846017,25.226318740844725,0.021184250362830906,2024,2,2,24.31011962890625,24.47080421447754,227428.57142857142
2024-02-29,24.28176498413086,24.76380879269927,23.610683751608157,24.603127523176468,625900,2024-02-29,0.00784623997983469,1.153125041091112,23.884788513183594,25.14188232421875,0.02026351665881251,2024,2,3,24.09272766113281,24.045469284057617,283971.4285714286
2024-03-01,25.529409408569336,25.529409408569336,24.045471435935127,24.622032209563184,550500,2024-03-01,0.051381949592785636,1.4839379726342088,24.160242353166854,25.10312989552816,0.025316634008638487,2024,3,4,24.28176498413086,23.601232528686523,318942.85714285716
2024-03-04,25.879125595092773,26.49160523202437,25.642829700385665,25.78460867944561,285700,2024-03-04,0.01369856156586402,0.8487755316387045,24.550467899867467,25.10312989552816,0.02140194174814302,2024,3,0,25.529409408569336,23.14754676818848,325328.5714285714
2024-03-05,26.22884559631348,26.833762539478297,25.482149667149045,25.90748301955849,347900,2024-03-05,0.013513594187549494,1.3516128723292518,24.87723159790039,25.100924491882324,0.01986810926845321,2024,3,1,25.879125595092773,23.941499710083008,341757.14285714284
2024-03-06,26.540754318237305,26.68253149181487,26.01145202891026,26.29500637606539,238700,2024-03-06,0.011891820430238953,0.6710794629046113,25.266106741768972,25.098404057820638,0.01821067059904847,2024,3,2,26.22884559631348,23.818628311157227,352814.28571428574
2024-03-07,26.59746742248535,26.94245923954634,26.47459434080675,26.805408979964948,167800,2024-03-07,0.002136830911737775,0.4678648987395917,25.592870712280273,25.109116236368816,0.018713430836318646,2024,3,3,26.540754318237305,24.31011962890625,345814.28571428574
2024-03-08,26.94718360900879,27.221285904943027,26.545479512884967,26.928279505069995,253300,2024-03-08,0.013148476919565333,0.6758063920580604,26.00065013340541,25.14912904103597,0.01605546130749618,2024,3,4,26.59746742248535,24.09272766113281,352828.5714285714
2024-03-11,26.94718360900879,27.479321695603325,26.81485848702637,27.1267689908382,174500,2024-03-11,0.0,0.6644632085769544,26.38142422267369,25.197018305460613,0.0169853587232577,2024,3,0,26.94718360900879,24.28176498413086,288342.85714285716
2024-03-12,26.43678474426269,26.947184755559263,26.329035313375098,26.947184755559263,119900,2024-03-12,-0.01894071277175935,0.6181494421841656,26.511049270629883,25.189456876118978,0.01203029401371693,2024,3,1,26.94718360900879,25.529409408569336,226828.57142857142
2024-03-13,27.02279663085937,27.174025847876173,26.37061950572789,26.37061950572789,158200,2024-03-13,0.022166533951291312,0.803406342148282,26.67443084716797,25.234825642903647,0.013391935898278242,2024,3,2,26.43678474426269,25.879125595092773,208614.2857142857
2024-03-14,26.23829841613769,26.9944446172043,25.94529198857373,26.833763324128302,138500,2024-03-14,-0.029030978008612207,1.0491526286305728,26.675781249999996,25.259715525309243,0.018309826577758953,2024,3,3,27.02279663085937,26.22884559631348,178700.0
2024-03-15,26.247745513916016,26.650392433644257,25.58611636078991,26.068160149017032,348200,2024-03-15,0.0003600499403006996,1.0642760728543479,26.633922849382667,25.257510058085124,0.017586622323410635,2024,3,4,26.23829841613769,26.540754318237305,194342.85714285713
2024-03-18,26.0587100982666,26.498220591776416,25.898028823189957,26.276101881371904,171900,2024-03-18,-0.007201967709919765,0.6001917685864591,26.556957517351417,25.269167327880858,0.017623234266583538,2024,3,0,26.247745513916016,26.59746742248535,194928.57142857142
2024-03-19,25.945289611816406,26.62204067019543,25.519956285933024,25.75625217746944,138400,2024-03-19,-0.00435249810994065,1.1020843842624082,26.413829803466793,25.294057210286457,0.016167244740453876,2024,3,1,26.0587100982666,26.94718360900879,178514.2857142857
2024-03-20,27.20238494873047,27.37251648420749,25.82241594047816,25.89803055717728,273400,2024-03-20,0.048451775089900506,1.5501005437293323,26.450287137712746,25.34667250315348,0.0261173125904025,2024,3,2,25.945289611816406,26.94718360900879,192642.85714285713
2024-03-21,27.174028396606445,27.50484301590667,26.899924288307943,27.344161732406253,175600,2024-03-21,-0.0010424288964908657,0.6049187275987258,26.55560765947614,25.42764320373535,0.024599091645773934,2024,3,3,27.20238494873047,26.43678474426269,200600.0
2024-03-22,26.55965805053711,27.041701876192345,26.22884344828808,27.041701876192345,201900,2024-03-22,-0.022608732761391415,0.8128584279042634,26.489445005144393,25.483094024658204,0.02496519824842451,2024,3,4,27.174028396606445,27.02279663085937,206842.85714285713
2024-03-25,26.852663040161133,27.400869397016027,26.616367165606533,26.616367165606533,250600,2024-03-25,0.011031956400436416,0.784502231409494,26.577211380004883,25.544215965270997,0.02223264280586736,2024,3,0,26.55965805053711,26.23829841613769,222857.14285714287
2024-03-26,26.777050018310547,27.211835390694684,26.34226644872097,27.211835390694684,192900,2024-03-26,-0.002815848161409451,0.8695689419737143,26.6528263092041,25.572571563720704,0.022340014716254186,2024,3,1,26.852663040161133,26.247745513916016,200671.42857142858
2024-03-27,28.40276336669922,28.40276336669922,26.975537872539245,27.117315036545165,350000,2024-03-27,0.06071293690966639,1.4272254941599734,26.98769106183733,25.700486373901366,0.03042277538662973,2024,3,2,26.777050018310547,26.0587100982666,226114.2857142857
2024-03-28,29.007680892944336,29.347945712653097,28.166466387622062,28.51618506106077,410900,2024-03-28,0.021297840581045335,1.1814793250310345,27.425175530569895,25.846674664815268,0.029549163504075077,2024,3,3,28.40276336669922,25.945289611816406,265042.85714285716
2024-04-01,29.39520835876465,29.69766680213186,29.064393760283814,29.33849785133193,332300,2024-04-01,0.013359477693184685,0.6332730418480459,27.738436017717635,25.990027491251627,0.02597179133924076,2024,4,0,29.007680892944336,27.20238494873047,273457.14285714284
2024-04-02,28.979328155517575,29.43774276455061,28.828098928313924,29.36685327557626,196600,2024-04-02,-0.014147890981799138,0.6096438362366854,27.996335983276367,26.140311622619627,0.02745011978881748,2024,4,1,29.39520835876465,27.174028396606445,276457.14285714284
2024-04-03,29.9339656829834,30.10409902510775,28.74303409090764,28.969877946141875,264900,2024-04-03,0.03294201723182688,1.3610649342001118,28.478379930768693,26.336594835917154,0.024472901913238303,2024,4,2,28.979328155517575,26.55965805053711,285457.14285714284
2024-04-04,29.036039352416992,30.6617544847406,28.96987678929839,30.075741666151877,378800,2024-04-04,-0.02999690519044229,1.6918776954422121,28.79029083251953,26.51775506337484,0.03045700781514649,2024,4,3,29.9339656829834,26.852663040161133,303771.4285714286
2024-04-05,30.93586158752441,32.06062887503101,28.960427541003003,28.960427541003003,614900,2024-04-05,0.06542979956904049,3.1002013340280037,29.384406770978654,26.777365557352702,0.03556050571734923,2024,4,4,29.036039352416992,26.777050018310547,364057.14285714284
2024-04-08,36.89996719360352,37.39146307941705,33.09087497994592,33.194845748851165,1758300,2024-04-08,0.19278938099736886,4.300588099471128,30.59829303196498,27.20931447347005,0.07408523650833841,2024,4,0,30.93586158752441,28.40276336669922,565242.8571428572
2024-04-09,35.671226501464844,38.17596058678044,35.175003726945825,37.27803555010211,1178000,2024-04-09,-0.03329923535410828,3.0009568598346164,31.550228118896484,27.604401079813638,0.07911491114603789,2024,4,1,36.89996719360352,29.007680892944336,674828.5714285715
2024-04-10,37.60885620117188,38.55403979845337,34.66933463673216,34.8489182222035,1262700,2024-04-10,0.054319121873408704,3.8847051617212074,32.72360638209752,28.04769229888916,0.07898313486749747,2024,4,2,35.671226501464844,29.39520835876465,807742.8571428572
2024-04-11,37.8546028137207,38.73362385840755,37.4198192189866,38.28938640845482,948400,2024-04-11,0.006534275098245779,1.313804639420944,33.99150276184083,28.50642147064209,0.07705794640925859,2024,4,3,37.60885620117188,28.979328155517575,915142.8571428572
2024-04-12,38.44062042236328,40.15140426517555,37.93022395035075,38.27994091955688,1160000,2024-04-12,0.015480749105368341,2.2211803148247995,35.206739153180806,28.97838331858317,0.07765187313489477,2024,4,4,37.8546028137207,29.9339656829834,1043014.2857142857
2024-04-15,36.92084884643555,38.72557411200351,36.37943199144674,38.63058647394799,668900,2024-04-15,-0.039535563142045205,2.3461421205567703,36.333140509469175,29.358097966512045,0.07912900270706426,2024,4,0,38.44062042236328,29.036039352416992,1084457.142857143
2024-04-16,35.61954879760742,37.30079193566344,35.60055127010642,36.72138002881043,926000,2024-04-16,-0.03524566984471589,1.7002406655570184,37.00223868233817,29.682778739929198,0.08226971787429084,2024,4,1,36.92084884643555,30.93586158752441,1128900.0
2024-04-17,34.916648864746094,35.98998543476044,34.72668086870017,35.448568674533576,744800,2024-04-17,-0.01973354398325622,1.2633045660602704,36.718907492501394,29.972372182210286,0.03453956792055059,2024,4,2,35.61954879760742,36.89996719360352,984114.2857142857
2024-04-18,35.030635833740234,35.885502730662886,34.92615125643239,35.021135259399095,400800,2024-04-18,0.0032645449291448525,0.9593514742304947,36.62739453996931,30.25536823272705,0.032676497978972416,2024,4,3,34.916648864746094,35.671226501464844,873085.7142857143
2024-04-19,36.07547378540039,36.1704614102616,34.77417412376472,34.89765622438058,358400,2024-04-19,0.029826405567374925,1.3962872864968787,36.40833990914481,30.57130177815755,0.0263169400663131,2024,4,4,35.030635833740234,37.60885620117188,743900.0
2024-04-22,35.344085693359375,35.71452837509124,35.06862701392532,35.61954437279343,345600,2024-04-22,-0.020273831922257513,0.6459013611659188,36.04969460623605,30.85119851430257,0.026202104257422275,2024,4,0,36.07547378540039,37.8546028137207,657785.7142857143
2024-04-23,35.847511291503906,36.52190713320078,35.14461735020062,35.2775964036724,420400,2024-04-23,0.014243559799854033,1.3772897830001583,35.67925044468471,31.147876103719074,0.026009299030599963,2024,4,1,35.344085693359375,38.44062042236328,552128.5714285715
2024-04-24,36.30344772338867,36.39843174384201,35.03064228291014,35.600553652446386,298800,2024-04-24,0.012718775040676977,1.3677894609318741,35.59105028424944,31.47676486968994,0.023361690666996154,2024,4,2,35.847511291503906,36.92084884643555,499257.14285714284
2024-04-25,36.60739517211914,37.23334969647164,35.714529577467545,36.04698084351715,423100,2024-04-25,0.008372412753917313,1.518820119004097,35.73217119489397,31.796251487731933,0.01834886324678935,2024,4,3,36.30344772338867,35.61954879760742,427414.28571428574
2024-04-26,38.10816955566406,38.20315719972444,36.56940595596725,36.56940595596725,547600,2024-04-26,0.04099648107953713,1.6337512437571888,36.18810272216797,32.19191385904948,0.019542296619540316,2024,4,4,36.60739517211914,34.916648864746094,399242.85714285716
2024-04-29,38.99153137207031,39.53294821484442,38.17465582026156,38.17465582026156,645100,2024-04-29,0.023180379081601865,1.358292394582854,36.75394494192941,32.616706720987956,0.019382735444370327,2024,4,0,38.10816955566406,35.030635833740234,434142.85714285716
2024-04-30,38.060672760009766,38.90604275711493,37.82320911482707,38.70657416477931,594700,2024-04-30,-0.02387335350278963,1.0828336422878593,37.03754479544504,33.01677214304606,0.023079073376360285,2024,4,1,38.99153137207031,36.07547378540039,467900.0
2024-05-01,38.73506927490234,39.33347868508347,37.433769492616925,37.99418384933087,505800,2024-05-01,0.017718985661261177,1.8997091924665455,37.52197102137974,33.443098131815596,0.01954312492209593,2024,5,2,38.060672760009766,35.344085693359375,490785.71428571426
2024-05-02,39.28598403930664,39.68492120367394,38.3741245578321,39.010525355296366,474600,2024-05-02,0.014222635320320975,1.3107966458418403,38.01318141392299,33.84588476816813,0.019542964703884023,2024,5,3,38.73506927490234,35.847511291503906,498528.5714285714
2024-05-03,39.247989654541016,39.84639903465613,39.02952354319273,39.63742987449362,333400,2024-05-03,-0.0009671231533263658,0.8168754914633993,38.43383026123047,34.24835014343262,0.020285233397977224,2024,5,4,39.28598403930664,36.30344772338867,503471.4285714286
2024-05-06,39.09601211547852,40.264332746760736,39.08651516452503,39.703918431910814,397800,2024-05-06,-0.003872237543889323,1.1778175822357042,38.78934696742466,34.666228612264,0.021099277349287907,2024,5,0,39.247989654541016,36.60739517211914,499857.14285714284
2024-05-07,38.31713485717773,40.00787489222839,38.3076379054404,39.21949745535034,501200,2024-05-07,-0.019922166383625317,1.700236986787992,38.81919915335519,35.048377672831215,0.018395303917672863,2024,5,1,39.09601211547852,38.10816955566406,493228.5714285714
2024-05-08,36.23695755004883,36.65489230549878,33.24491385384,33.41588798638954,1496200,2024-05-08,-0.054288435575428506,3.4099784516587732,38.42568860735212,35.36370792388916,0.02492143568166615,2024,5,2,38.31713485717773,38.99153137207031,614814.2857142857
2024-05-09,38.8110580444336,39.36197180709275,36.21795552088227,36.2844450504548,669200,2024-05-09,0.07103522669720674,3.14401628621048,38.53288650512695,35.71065107981364,0.03838515473363548,2024,5,3,36.23695755004883,38.060672760009766,625457.1428571428
2024-05-10,35.296600341796875,39.03902653784705,35.02114161046868,38.77306838258293,840200,2024-05-10,-0.09055299906055458,4.017884927378368,38.04167665754046,35.920281728108726,0.05130284189901186,2024,5,4,38.8110580444336,38.73506927490234,673228.5714285715
2024-05-13,35.258602142333984,36.36043334605043,35.09712859771544,35.458074364414486,389500,2024-05-13,-0.0010765399243817253,1.2633047483349884,37.46633638654436,36.11572818756103,0.0503134153377551,2024,5,0,35.296600341796875,39.28598403930664,661071.4285714285
2024-05-14,37.8042106628418,37.88020076667547,35.4865668470284,35.524561898945244,573400,2024-05-14,0.07219822584660474,2.3936339196470726,37.26008224487305,36.40989093780517,0.06016442895283411,2024,5,1,35.258602142333984,39.247989654541016,695357.1428571428
2024-05-15,35.4295768737793,36.96834035545852,35.19211321695315,36.22745490565146,663300,2024-05-15,-0.06281400265808368,1.7762271385053694,36.73630578177316,36.593077977498375,0.0641702589236672,2024,5,2,37.8042106628418,39.09601211547852,733285.7142857143
2024-05-16,35.23011016845703,35.52456642320184,34.74568587674968,35.42957878131253,463500,2024-05-16,-0.00562994884282364,0.7788805464521573,36.29530225481306,36.799547004699704,0.06411106238836435,2024,5,3,35.4295768737793,38.31713485717773,727900.0
2024-05-17,36.82586288452149,37.00633395217223,35.724031705195046,35.914003347852926,494600,2024-05-17,0.045295138403887325,1.2823022469771814,36.37943158830915,36.995880381266275,0.06373495410626209,2024,5,4,35.23011016845703,36.23695755004883,584814.2857142857
2024-05-20,37.31028366088867,37.6332343363476,36.502908783945045,37.04432555994863,346600,2024-05-20,0.013154363222559917,1.130325552402553,36.165035247802734,37.00955759684245,0.05699689169457899,2024,5,0,36.82586288452149,38.8110580444336,538728.5714285715
2024-05-21,36.721378326416016,37.64273843875728,36.56940173686147,37.40527479111532,236400,2024-05-21,-0.015783995099720727,1.0733367018958049,36.368574959891184,37.044562657674156,0.04353378707170005,2024,5,1,37.31028366088867,35.296600341796875,452471.4285714286
2024-05-22,37.26279067993164,38.15565258345445,36.77836649119445,37.12981163296094,342200,2024-05-22,0.01474379171454343,1.3772860922600003,36.65488760811942,37.03302714029948,0.04348688252829135,2024,5,2,36.721378326416016,35.258602142333984,445714.28571428574
2024-05-23,36.45542144775391,37.85170527974079,36.44592087241488,37.25329947606406,295000,2024-05-23,-0.02166690195354981,1.4057844073259105,36.46220343453543,36.98638776143392,0.034120327225007706,2024,5,3,37.26279067993164,37.8042106628418,405942.85714285716
2024-05-24,36.09447479248047,37.22670275088412,36.02798526036694,36.70238115660859,266700,2024-05-24,-0.009901041901016927,1.1987174905171827,36.55718885149275,36.90818290710449,0.023209283529708552,2024,5,4,36.45542144775391,35.4295768737793,349285.71428571426
2024-05-28,37.48126602172852,38.16991286116181,36.13247407151405,36.46492177095898,294700,2024-05-28,0.03842114997437118,2.0374387896477586,36.87878254481724,36.926863479614255,0.026283448485141213,2024,5,1,36.09447479248047,35.23011016845703,325171.4285714286
2024-05-29,36.52190780639648,37.46226177237014,36.227451594418895,37.12981413256279,207300,2024-05-29,-0.025595672642858114,1.2348101779512461,36.83536039079939,36.95694211324056,0.023565806131177505,2024,5,2,37.48126602172852,36.82586288452149,284128.5714285714
2024-05-30,36.09447479248047,37.04432939228258,35.94249820144844,36.77837126382848,168800,2024-05-30,-0.01170346894751062,1.1018311908341403,36.661673409598215,36.99620297749837,0.022951645903471703,2024,5,3,36.52190780639648,37.31028366088867,258728.57142857142
2024-05-31,36.03748321533203,36.61689511708712,35.68603801817535,36.569403110456406,279900,2024-05-31,-0.0015789557120889919,0.9308570989117655,36.56397410801479,37.029764556884764,0.022409037731691728,2024,5,4,36.09447479248047,36.721378326416016,264942.85714285716
2024-06-03,35.19211196899414,36.57889880606364,35.02113785226965,36.57889880606364,309800,2024-06-03,-0.023458110026347012,1.5577609537939878,36.268162863595144,37.000319163004555,0.022169008035355434,2024,6,0,36.03748321533203,37.26279067993164,260314.2857142857
2024-06-04,33.4681282043457,35.6005508173558,33.44438038941949,35.11612655416848,619100,2024-06-04,-0.04898778925707403,2.15617042793631,35.8414066859654,36.937787246704104,0.026893019092405362,2024,6,1,35.19211196899414,36.45542144775391,306614.28571428574
2024-06-05,33.70083999633789,34.18526786027947,32.95995458490685,33.60585598789051,526000,2024-06-05,0.006953235943501834,1.2253132753726135,35.49945885794504,36.866231536865236,0.02783249163642214,2024,6,2,33.4681282043457,36.09447479248047,343657.14285714284
2024-06-06,34.30875015258789,34.31825072853116,33.34939851657698,33.46338006403981,453700,2024-06-06,0.01803842741949624,0.9688522119541787,35.04624230521066,36.79974161783854,0.022559803531262867,2024,6,3,33.70083999633789,37.48126602172852,366371.4285714286
2024-06-07,33.28290557861328,34.280252169697874,33.19741852089702,33.75783287183525,313000,2024-06-07,-0.029900377291862124,1.0828336488008574,34.58352770124163,36.68892529805501,0.02303524046620643,2024,6,4,34.30875015258789,36.52190780639648,381471.4285714286
2024-06-10,33.52986526489258,33.85281596043668,33.06443855930136,33.282904673433016,165600,2024-06-10,0.007420015830528426,0.7883774011353211,34.21715491158621,36.5363151550293,0.024306387189590852,2024,6,0,33.28290557861328,36.09447479248047,381014.28571428574
2024-06-11,32.61800765991211,33.20691650730566,32.314054472650426,33.19741955544464,503100,2024-06-11,-0.027195385301331032,0.8928620346552307,33.72865840366909,36.32386436462402,0.024714197360237354,2024,6,1,33.52986526489258,36.03748321533203,412900.0
2024-06-12,32.323543548583984,33.64384056343844,32.152569469482714,33.49186400683808,294600,2024-06-12,-0.009027654735945911,1.4912710939557243,33.31886291503906,36.13262672424317,0.024381284890336696,2024,6,2,32.61800765991211,35.19211196899414,410728.5714285714
2024-06-13,31.782127380371094,32.266555153875125,31.5874091123835,32.19056506257764,350500,2024-06-13,-0.016749901427085656,0.6791460414916237,33.07800565447126,35.900861994425455,0.018532404629155383,2024,6,3,32.323543548583984,33.4681282043457,372357.14285714284
2024-06-14,30.917768478393555,31.9863549715874,30.77054216548851,31.67765148220536,309900,2024-06-14,-0.02719638278560843,1.2158128060988886,32.68042400905064,35.62192147572835,0.018677260913440644,2024,6,4,31.782127380371094,33.70083999633789,341485.71428571426
2024-06-17,30.974760055541992,31.26446600748509,30.604317329688943,30.94626557614033,216700,2024-06-17,0.001843327638224146,0.6601486777961476,32.204139709472656,35.34614715576172,0.014955901297820168,2024,6,0,30.917768478393555,34.30875015258789,307628.5714285714
2024-06-18,31.734634399414062,31.76312887106216,30.50932139084963,30.974751627074177,248700,2024-06-18,0.02453204940117404,1.2538074802125294,31.982958112444198,35.10076789855957,0.019123919096852574,2024,6,1,30.974760055541992,33.28290557861328,298442.85714285716
2024-06-20,32.36154556274414,33.17842108916535,32.20007202182296,32.26656155319141,492500,2024-06-20,0.01975479394026536,0.9783490673423856,31.816055297851562,34.902248255411784,0.021099912054276977,2024,6,3,31.734634399414062,33.52986526489258,345142.85714285716
2024-06-21,31.76313591003418,32.13358224058777,31.582664843924235,32.13358224058777,581400,2024-06-21,-0.018491380504362387,0.5509173966635359,31.693930762154714,34.7531208674113,0.01977965135917619,2024,6,4,32.36154556274414,32.61800765991211,356328.5714285714
2024-06-24,32.2950553894043,32.6465005658525,31.63965704034019,32.19057080692865,331500,2024-06-24,0.016746440933185003,1.0068435255123092,31.689861025129044,34.53592077891032,0.020968311546241004,2024,6,0,31.76313591003418,32.323543548583984,361600.0
2024-06-25,31.93411064147949,32.448931660820946,31.74413899677395,32.19057181832081,246700,2024-06-25,-0.011176470935647664,0.7047926640469981,31.711572919573104,34.42383778889974,0.02031927765442757,2024,6,1,32.2950553894043,31.782127380371094,346771.4285714286
2024-06-26,31.54467010498047,31.93411034244661,31.32620398380753,31.715644221273678,243900,2024-06-26,-0.012195127049919208,0.6079063586390774,31.801130294799805,34.300040054321286,0.017456605360914385,2024,6,2,31.93411064147949,30.917768478393555,337342.85714285716
2024-06-27,30.73729515075684,31.886618336482744,30.566321034469443,31.886618336482744,364900,2024-06-27,-0.025594655183797776,1.3202973020133015,31.767206736973353,34.06447620391846,0.0205640168366994,2024,6,3,31.54467010498047,30.974760055541992,358514.28571428574
2024-06-28,30.74679183959961,31.345201241491324,30.42384113641764,30.82278194548134,668000,2024-06-28,0.0003089630625008333,0.9213601050736848,31.626086371285574,33.9083833694458,0.01735541231328242,2024,6,4,30.73729515075684,31.734634399414062,418414.28571428574
2024-07-01,30.851274490356445,31.17422517330248,30.61381085946693,31.01275164353319,228600,2024-07-01,0.0033981643126184125,0.5604143138355511,31.410333360944474,33.76242218017578,0.014417075484123241,2024,7,0,30.74679183959961,32.36154556274414,380714.28571428574
2024-07-02,30.6803035736084,30.960512571340704,30.31935961430765,30.7182986281158,250600,2024-07-02,-0.005541778081209925,0.6411529570330536,31.255643027169363,33.557570203145346,0.013452671469183069,2024,7,1,30.851274490356445,31.76313591003418,333457.14285714284
2024-07-03,31.459184646606445,31.52567418150076,30.71354889951344,31.01275542994575,195600,2024-07-03,0.025387006720104743,0.8121252819873206,31.136232921055385,33.36253356933594,0.015933762885649357,2024,7,2,30.6803035736084,32.2950553894043,314042.85714285716
2024-07-05,31.88661766052246,32.67499869373572,31.10773720212805,31.630156491528066,537100,2024-07-05,0.013586906930918241,1.567261491607674,31.129448209490096,33.20137488047282,0.01670930617673598,2024,7,4,31.459184646606445,31.93411064147949,355528.5714285714
2024-07-08,31.68714714050293,32.048092870077625,31.47817798810588,31.85812124275371,221300,2024-07-08,-0.006255618646768157,0.5699148819717443,31.14980207170759,33.015520095825195,0.016133202674000736,2024,7,0,31.88661766052246,31.54467010498047,352300.0
2024-07-09,32.02909851074219,32.04809603769303,31.23122049584587,31.630157691590146,295500,2024-07-09,0.01079148491099624,0.8168755418471569,31.334345408848353,32.8679759979248,0.011393936375436774,2024,7,1,31.68714714050293,30.73729515075684,342385.71428571426
2024-07-10,32.61800765991211,33.24491156156532,31.858124691757894,32.05759329150941,391100,2024-07-10,0.018386691369799424,1.3867868698074233,31.601661954607284,32.75209376017253,0.011937089220110478,2024,7,2,32.02909851074219,30.74679183959961,302828.5714285714
2024-07-11,33.919307708740234,34.03803953658383,32.589513410936675,33.27340627539846,389900,2024-07-11,0.03989514204533817,1.448526125647156,32.039952414376394,32.63336181640625,0.016440114429271065,2024,7,3,32.61800765991211,30.851274490356445,325871.4285714286
2024-07-12,34.09028625488281,34.63170317024108,33.95255688190104,34.147278844070954,316400,2024-07-12,0.005040743980117224,0.6791462883400428,32.5270927974156,32.552307764689125,0.014772409940391069,2024,7,4,33.919307708740234,30.6803035736084,335271.4285714286
2024-07-15,34.37523651123047,34.77037637085748,33.96679874523924,34.40373461301646,251800,2024-07-15,0.008358693564998854,0.8035776256182388,32.943671635219026,32.49499982198079,0.014218843772877996,2024,7,0,34.09028625488281,31.459184646606445,343300.0
2024-07-16,35.486572265625,35.84751806713416,34.574712620830624,34.58420957355617,362500,2024-07-16,0.032329544962736545,1.2728054463035363,33.45795086451939,32.47663612365723,0.016034133205687518,2024,7,1,34.37523651123047,31.88661766052246,318357.14285714284
2024-07-17,34.85016250610352,35.60054847821027,34.63169639208653,35.4295743675174,385100,2024-07-17,-0.01793381887542722,0.9688520861237393,33.90981020246233,32.46523780822754,0.019007659510076352,2024,7,2,35.486572265625,31.68714714050293,341757.14285714284
2024-07-18,35.03162384033203,35.203535043429085,34.49678858144486,34.706903083733955,323000,2024-07-18,0.005206900662134029,0.7067464619842241,34.33874239240374,32.517354329427086,0.01927221632883699,2024,7,3,34.85016250610352,32.02909851074219,345685.71428571426
2024-07-19,34.945674896240234,35.06028117238272,34.39651420635292,34.802414318611255,327800,2024-07-19,-0.0024534673152331044,0.6637669660298045,34.67126628330776,32.5588488260905,0.019907908648108784,2024,7,4,35.03162384033203,32.61800765991211,336642.85714285716
2024-07-22,35.480506896972656,35.49960490513127,34.30577901550591,35.10803015906485,266500,2024-07-22,0.015304669385279634,1.1938258896253586,34.89429473876953,32.597907384236656,0.015433200820554174,2024,7,0,34.945674896240234,33.919307708740234,319014.28571428574
2024-07-23,35.94847869873047,36.20634548571119,35.33724052659849,35.56645666278143,342800,2024-07-23,0.013189546674648556,0.8691049591126969,35.15975080217634,32.686759821573894,0.015606697846895617,2024,7,1,35.480506896972656,34.09028625488281,322785.71428571426
2024-07-24,35.51870346069336,36.7411835425384,35.51870346069336,35.78612291408265,279000,2024-07-24,-0.011955310866946012,1.2224800818450419,35.32310322352818,32.75305442810058,0.017267274584190393,2024,7,2,35.94847869873047,34.37523651123047,326671.4285714286
2024-07-25,34.97431945800781,35.26083692005445,33.95431394131597,35.16533231379464,334600,2024-07-25,-0.015326685651349536,1.306522978738485,35.24992425101144,32.83159815470378,0.013619313275426748,2024,7,3,35.51870346069336,35.486572265625,322685.71428571426
2024-07-26,36.67433166503906,36.731632974297526,35.52825811739396,35.59511207370708,295800,2024-07-26,0.04860744207109979,1.2033748569035652,35.51051984514509,32.976624425252275,0.021552267285452495,2024,7,4,34.97431945800781,34.85016250610352,309928.5714285714
2024-07-29,36.06309509277344,36.84624831985972,35.34775765460032,36.84624831985972,162700,2024-07-29,-0.01666660425739419,1.4984906652593963,35.65787288120815,33.119323348999025,0.023444525262945586,2024,7,0,36.67433166503906,35.03162384033203,287028.5714285714
2024-07-30,35.996238708496094,36.492870740552576,35.61421659071488,36.15860093208556,187100,2024-07-30,-0.0018538726114704085,0.8786541498376934,35.80795342581613,33.28860569000244,0.023416451978690717,2024,7,1,36.06309509277344,34.945674896240234,266928.5714285714
2024-07-31,36.71253204345703,37.15186273490312,36.26365599130382,36.45466521693458,256500,2024-07-31,0.01989911614826223,0.888206743599298,35.98395701817104,33.479864756266274,0.023831426325467704,2024,7,2,35.996238708496094,35.480506896972656,265500.0
2024-08-01,34.907466888427734,36.7984865848012,34.32774654605541,36.483318457039296,286800,2024-08-01,-0.049167547280384305,2.470740038745795,35.83524104527065,33.5856258392334,0.030916851575470448,2024,8,3,36.71253204345703,35.94847869873047,257500.0
2024-08-02,33.70409393310547,34.34398287148194,33.13105531089579,34.34398287148194,401700,2024-08-02,-0.03447322485955573,1.2129275605861523,35.57601111275809,33.630377451578774,0.03300982101443921,2024,8,4,34.907466888427734,35.51870346069336,275028.5714285714
2024-08-05,32.95914459228516,33.06993271672707,30.32317854829041,31.240035985917487,535500,2024-08-05,-0.02210263662031242,2.746754168436656,35.28812898908343,33.67024440765381,0.033391921730797317,2024,8,0,33.70409393310547,34.97431945800781,303728.5714285714
2024-08-06,33.197906494140625,33.781448607881,32.70127816366422,33.14060518699878,208700,2024-08-06,0.007244177748209735,1.0801704442167832,34.791496821812224,33.70033944447835,0.024071268872734003,2024,8,1,32.95914459228516,36.67433166503906,291285.71428571426
2024-08-07,32.60577392578125,34.0097144158154,32.38611038707994,33.65634295297134,209000,2024-08-07,-0.017836443043897532,1.623604028735464,34.297593797956196,33.72272822062175,0.024097931645971238,2024,8,2,33.197906494140625,36.06309509277344,297900.0
2024-08-08,33.236106872558594,33.43666871645771,32.772901916458075,33.2456595184206,170500,2024-08-08,0.019331942502335275,0.6637667999996353,33.90328924996512,33.779109446207684,0.02703513151764,2024,8,3,32.60577392578125,35.996238708496094,295528.5714285714
2024-08-09,32.2619514465332,33.36982178719561,32.18554847990184,33.36982178719561,246900,2024-08-09,-0.02931015445824381,1.184273307293772,33.26749202183315,33.829931322733565,0.023869399793447408,2024,8,4,33.236106872558594,36.71253204345703,294157.14285714284
2024-08-12,33.06420135498047,33.54173171857226,32.60577264312445,32.60577264312445,245400,2024-08-12,0.02486675084663781,0.9359590754478049,33.004168374197825,33.90717830657959,0.02418077846815053,2024,8,0,32.2619514465332,34.907466888427734,288242.85714285716
2024-08-13,33.312522888183594,33.766175326728835,32.8120690295581,33.01645271826134,290500,2024-08-13,0.00751028372157303,0.9541062971707319,32.9482296534947,33.989219919840494,0.02141482350059511,2024,8,1,33.06420135498047,33.70409393310547,272357.14285714284
2024-08-14,32.60577392578125,33.56083469053532,32.24284981505975,33.56083469053532,163600,2024-08-14,-0.021215714125724094,1.3179848754755739,32.897748129708425,34.053402264912926,0.02127457281358521,2024,8,2,33.312522888183594,32.95914459228516,219228.57142857142
2024-08-15,32.89228820800781,33.422347172040894,32.86363755371435,33.24566327954142,127600,2024-08-15,0.008787225320237457,0.5587096183265459,32.8540883745466,34.1011723836263,0.021386093564130976,2024,8,3,32.60577392578125,33.197906494140625,207642.85714285713
2024-08-16,34.09566879272461,34.31533232345229,32.9686968397617,33.016449147612484,318800,2024-08-16,0.03658549314376458,1.3466354836905907,33.06693049839565,34.174807421366374,0.024026908437899713,2024,8,4,32.89228820800781,32.60577392578125,223328.57142857142
2024-08-19,34.52544403076172,34.73555489680223,34.18162161308256,34.28667886773644,266500,2024-08-19,0.012604980434606228,0.5539332837196653,33.251121520996094,34.26941731770833,0.023565266552296793,2024,8,0,34.09566879272461,33.236106872558594,237042.85714285713
2024-08-20,34.601844787597656,35.09847673229427,34.43948623583549,34.75465433648377,210900,2024-08-20,0.0022128826719176597,0.6589904964587845,33.585391998291016,34.35517552693685,0.018152424413081184,2024,8,1,34.52544403076172,32.2619514465332,231900.0
2024-08-21,35.461402893066406,35.71449338195437,34.50634224472405,35.02207222594582,284700,2024-08-21,0.024841395328634164,1.2081511372303169,33.927849360874724,34.44995536804199,0.018149010574141915,2024,8,2,34.601844787597656,33.06420135498047,237514.2857142857
2024-08-22,34.58274841308594,35.44230453371037,34.15297035277372,35.10803108979306,497400,2024-08-22,-0.024777769865169885,1.289334180936649,34.109310150146484,34.47207005818685,0.022520066974335187,2024,8,3,35.461402893066406,33.312522888183594,267071.4285714286
2024-08-23,35.8720817565918,35.94848471927058,34.64960156432379,34.81196378032589,329400,2024-08-23,0.03728255857819507,1.2988831549467932,34.57592555454799,34.53146324157715,0.02176180867973687,2024,8,4,34.58274841308594,32.60577392578125,290757.14285714284
2024-08-26,35.11758041381836,36.57882203731846,34.964770856088066,36.29230457198257,595400,2024-08-26,-0.02103310724738716,1.6140511812303941,34.893824441092356,34.55620803833008,0.025529788650167827,2024,8,0,35.8720817565918,32.89228820800781,357585.71428571426
2024-08-27,34.98387908935547,35.117587022121754,34.25803082109861,35.08893636317696,264000,2024-08-27,-0.003807247620348009,0.8595562010231461,35.02071162632534,34.539451599121094,0.022858390917136963,2024,8,1,35.11758041381836,34.09566879272461,349757.14285714284
2024-08-28,34.36308670043945,34.99342667452077,34.200728115317006,34.50634727588566,237800,2024-08-28,-0.01774509874477881,0.7926985592037639,34.99751772199358,34.523215738932294,0.02379210533808476,2024,8,2,34.98387908935547,34.52544403076172,345657.14285714284
2024-08-29,34.10521697998047,34.840614161722016,34.07656632460985,34.840614161722016,370700,2024-08-29,-0.007504265338762139,0.764047837112166,34.926570892333984,34.49233551025391,0.023895297896254584,2024,8,3,34.36308670043945,34.601844787597656,368485.71428571426
2024-08-30,37.218711853027344,37.48612764875264,33.42712019633993,35.86252393913416,1012900,2024-08-30,0.09129086834059663,4.059007452412715,35.17761502947126,34.56810340881348,0.04233594243643777,2024,8,4,34.10521697998047,35.461402893066406,472514.28571428574
2024-09-03,38.13557434082031,39.34850187650191,36.76983723767388,37.056354721262,821500,2024-09-03,0.024634449773908385,2.5786646388280303,35.68516159057617,34.65660565694173,0.04008305244171116,2024,9,1,37.218711853027344,34.58274841308594,518814.28571428574
2024-09-04,38.5080451965332,38.703834378958206,37.73444475684996,38.07826717448696,372700,2024-09-04,0.009767018385093529,0.9693896221082454,36.061727796282085,34.74192454020182,0.038832602558534865,2024,9,2,38.13557434082031,35.8720817565918,525000.0
2024-09-05,41.57379531860352,41.69795424230174,38.71816557641899,39.014232091733774,720900,2024-09-05,0.07961323682943844,2.979788665882751,36.984044211251394,34.9437609354655,0.04344070215433235,2024,9,3,38.5080451965332,35.11758041381836,542928.5714285715
2024-09-06,41.88896560668945,41.96536857315473,41.00075880651616,41.60244810672626,697400,2024-09-06,0.007580984263539037,0.9646097666385671,37.970485142299104,35.17424914042155,0.042374404548563935,2024,9,4,41.57379531860352,34.98387908935547,604842.8571428572
2024-09-09,41.67885208129883,42.30919205377128,41.24907399932493,42.15638247387698,314300,2024-09-09,-0.005015963568149595,1.0601180544463489,39.015594482421875,35.34106648763021,0.040369642354203816,2024,9,0,41.88896560668945,34.36308670043945,615771.4285714285
2024-09-10,41.78390502929688,41.965365248133566,41.17266677293394,41.76480337837711,262900,2024-09-10,0.0025205336220186503,0.7926984751996287,40.1125499180385,35.531760152180986,0.039029979234146125,2024,9,1,41.67885208129883,34.10521697998047,600371.4285714285
2024-09-11,42.14682769775391,42.19458000181928,40.026591879192345,41.54513846538182,420600,2024-09-11,0.008685704895283752,2.1679881226269373,40.816566467285156,35.73677978515625,0.02849617996717794,2024,9,2,41.78390502929688,37.218711853027344,515757.14285714284
2024-09-12,43.82773208618164,44.692060797554255,42.40469377607426,42.40469377607426,525600,2024-09-12,0.0398821092890298,2.2873670214799944,41.629731859479634,35.97395311991374,0.029625470166041175,2024,9,3,42.14682769775391,38.13557434082031,473485.71428571426
2024-09-13,44.81144714355469,45.250777842754886,44.08560260085144,44.3625710834789,339800,2024-09-13,0.022445036750674108,1.165175241903448,42.530217851911274,36.30408579508464,0.029249856933834043,2024,9,4,43.82773208618164,38.5080451965332,468785.71428571426
2024-09-16,42.7962760925293,45.260331081200256,41.93671990853486,44.81145133586229,549900,2024-09-16,-0.04497000609174118,3.3236111726653945,42.7048579624721,36.6071585337321,0.026276301797674182,2024,9,0,44.81144714355469,41.57379531860352,444357.14285714284
2024-09-17,42.43334579467773,43.45526041855376,41.87940885815642,43.01593338540969,320800,2024-09-17,-0.008480417713608635,1.5758515603973464,42.782626560756135,36.92296524047852,0.026655534350903926,2024,9,1,42.7962760925293,41.88896560668945,390557.14285714284
2024-09-18,41.31592559814453,43.11144079158869,41.21087197813491,42.1945833646984,594500,2024-09-18,-0.026333539710492238,1.9005688134537806,42.73077992030552,37.193565877278644,0.02874673816416886,2024,9,2,42.43334579467773,41.67885208129883,430585.71428571426
2024-09-19,41.47828674316406,42.64250379070946,41.05806134420042,42.3855951423015,526100,2024-09-19,0.003929747250460247,1.584442446509044,42.687120165143696,37.48931630452474,0.02877954291571639,2024,9,3,41.31592559814453,41.78390502929688,468185.71428571426
2024-09-20,41.1153564453125,42.901318675263184,41.01029920062124,41.35412158569558,720200,2024-09-20,-0.00874988641885932,1.8910194746419435,42.53976712908064,37.75195795694987,0.0285865507500602,2024,9,4,41.47828674316406,42.14682769775391,510985.71428571426
2024-09-23,40.943450927734375,41.459184576829045,40.590079491103175,41.11536214409927,291700,2024-09-23,-0.004181053806666557,0.8691050857258702,42.12772696358817,38.04134127298991,0.021495048386802506,2024,9,0,41.1153564453125,43.82773208618164,477571.4285714286
2024-09-24,41.01985549926758,41.65019538027974,40.48502022560653,40.9434488987729,265500,2024-09-24,0.0018660999452160265,1.1651751546732072,41.5860710144043,38.30652974446615,0.017423004833895396,2024,9,1,40.943450927734375,44.81144714355469,466957.14285714284
2024-09-25,41.58334732055664,41.669302936662994,40.88328613520217,40.94345470214984,223200,2024-09-25,0.013737050373059612,0.7860168014608249,41.41279547555106,38.582223892211914,0.012605183429480452,2024,9,2,41.01985549926758,42.7962760925293,420285.71428571426
2024-09-26,42.7198600769043,43.03980450259224,41.87940573122715,42.07041857932656,206900,2024-09-26,0.027330958895313007,1.160398771365088,41.45372608729771,38.919360097249346,0.016999314063153796,2024,9,3,41.58334732055664,42.43334579467773,404014.28571428574
2024-09-27,42.96818161010742,44.22886141665297,42.76284341811044,43.24514643851363,262200,2024-09-27,0.005812789010921193,1.466017998542526,41.68976266043527,39.255223210652666,0.011949678573674781,2024,9,4,42.7198600769043,41.31592559814453,356542.85714285716
2024-09-30,42.17548370361328,43.00638555824762,41.92716950500186,43.00638555824762,155200,2024-09-30,-0.018448486223761273,1.0792160532457657,41.789362226213726,39.524550374348955,0.015078998703634772,2024,9,0,42.96818161010742,41.47828674316406,303557.14285714284
2024-10-01,42.43334579467773,42.52885040422477,41.25862160956605,42.34739018877848,294300,2024-10-01,0.00611402806608119,1.2702287946587205,41.97764641898019,39.788147099812825,0.014258091339855429,2024,10,1,42.17548370361328,41.1153564453125,242714.2857142857
2024-10-02,42.67211151123047,42.958628986827904,41.9462633535651,42.3282890832066,253200,2024-10-02,0.005626841628469714,1.012365633262803,42.2245979309082,40.057155990600585,0.013722708923858998,2024,10,2,42.43334579467773,40.943450927734375,237214.2857142857
2024-10-03,42.595703125,42.60525577163823,41.9558142443928,42.28053500801551,232500,2024-10-03,-0.0017905930483510524,0.649441527245429,42.44971902029855,40.294965998331705,0.013973853509494044,2024,10,3,42.67211151123047,41.01985549926758,232500.0
2024-10-04,42.04177474975586,43.3454306363013,42.022673097519416,43.07323846765034,237900,2024-10-04,-0.01300432519258099,1.322757538781886,42.51520865304129,40.543600209554036,0.014961718736817705,2024,10,4,42.595703125,41.58334732055664,234600.0
2024-10-07,40.37996673583984,42.15638028700142,39.51086161216341,41.96536741122546,260000,2024-10-07,-0.03952754192247021,2.6455186748380086,42.18093817574637,40.69386304219564,0.017040926182023797,2024,10,0,42.04177474975586,42.7198600769043,242185.7142857143
2024-10-08,39.93854904174805,40.36077536408295,39.36279053385194,40.303198049060015,270700,2024-10-08,-0.010931601231360166,0.9979848302310046,41.748133523123606,40.854561996459964,0.015936599409468604,2024,10,1,40.37996673583984,42.96818161010742,243400.0
2024-10-09,39.13248825073242,39.82340144722772,38.9597599516086,39.7754221776008,176600,2024-10-09,-0.02018252566394052,0.8636414956191132,41.31341988699777,40.99284896850586,0.01609739453215254,2024,10,2,39.93854904174805,42.17548370361328,246457.14285714287
2024-10-10,39.66986083984375,39.66986083984375,38.63349116914761,39.28601940760447,213200,2024-10-10,0.013732134426725828,1.0363696706961392,40.918636322021484,41.16974143981933,0.017597643219727527,2024,10,3,39.13248825073242,42.43334579467773,234871.42857142858
2024-10-11,40.23603057861328,40.65825328478925,39.756230551356346,39.76582494124466,197900,2024-10-11,0.014272037430514084,0.9020227334329007,40.570624760219026,41.374101893107095,0.019072800546808946,2024,10,4,39.66986083984375,42.67211151123047,226971.42857142858
2024-10-14,40.21683120727539,40.45673117955944,39.72647414112423,40.10168024554231,71700,2024-10-14,-0.0004771686237879935,0.7302570384352123,40.2307859148298,41.474039204915364,0.0191527094467706,2024,10,0,40.23603057861328,42.595703125,204000.0
2024-10-15,39.78500747680664,40.64864877509214,39.75622065372472,40.2360205615316,135800,2024-10-15,-0.010737388240340318,0.8924281213674234,39.90839059012277,41.52902030944824,0.01907332616175386,2024,10,1,40.21683120727539,42.04177474975586,189414.2857142857
2024-10-16,41.05168914794922,41.43553063386887,39.871381520534285,40.22643251563056,159400,2024-10-16,0.0318381659694551,1.5641491133345866,40.00435093470982,41.61380844116211,0.01827779402917169,2024,10,2,39.78500747680664,40.37996673583984,175042.85714285713
2024-10-17,40.89814758300781,41.13804756311088,40.317590070428366,41.13804756311088,135700,2024-10-17,-0.0037402009059370744,0.8204574926825146,40.141436440604075,41.59128684997559,0.01758589697378463,2024,10,3,41.05168914794922,39.93854904174805,155757.14285714287
2024-10-18,41.79058074951172,42.83750400592828,40.97012315969352,41.15724487348099,225600,2024-10-18,0.021820870118691937,1.8673808462347594,40.52116394042969,41.58800735473633,0.015143058319564386,2024,10,4,40.89814758300781,39.13248825073242,162757.14285714287
2024-10-21,40.01531982421875,42.22239904202616,39.81380470733092,42.19361221406602,211200,2024-10-21,-0.04247992953085988,2.4085943346952448,40.57051522391183,41.53255627950033,0.024535089799500965,2024,10,0,41.79058074951172,39.66986083984375,162471.42857142858
2024-10-22,39.46834564208984,40.41834751073742,39.46834564208984,40.08248900375761,143700,2024-10-22,-0.01366911934058479,0.9500018686475826,40.460845947265625,41.45537096659343,0.02438319924299883,2024,10,1,40.01531982421875,40.23603057861328,154728.57142857142
2024-10-23,37.9329833984375,39.353190830742015,37.510760754428,39.24763791517701,311700,2024-10-23,-0.03890110463649621,1.8424300763140167,40.134581974574495,41.31490948994954,0.027922163254560223,2024,10,2,39.46834564208984,40.21683120727539,189014.2857142857
2024-10-24,37.94258117675781,38.48859375776467,37.587526575777794,38.24965285395238,242500,2024-10-24,0.00025301933727428505,0.9010671819868747,39.87137821742466,41.11873779296875,0.02805005758223368,2024,10,3,37.9329833984375,39.78500747680664,204257.14285714287
2024-10-25,37.47237777709961,38.54712870937884,37.27086266365663,38.086521166973455,151200,2024-10-25,-0.012392499009693969,1.2762660457222097,39.36004802158901,40.874102147420246,0.022413235604990638,2024,10,4,37.94258117675781,41.05168914794922,203085.7142857143
2024-10-28,37.97137451171875,38.20168013938586,37.70268766326026,37.74107254463541,100400,2024-10-28,0.013316388343098229,0.4989924761256006,38.941937582833425,40.71327209472656,0.02439313618260424,2024,10,0,37.47237777709961,40.89814758300781,198042.85714285713
2024-10-29,37.70267868041992,38.25924468542001,37.29964484317313,37.750657940415685,122800,2024-10-29,-0.007076273502185204,0.959599842246881,38.35795157296317,40.55558319091797,0.020124171834941373,2024,10,1,37.97137451171875,41.79058074951172,183357.14285714287
2024-10-30,37.52035140991211,38.163285191309726,37.42919191642187,37.50116263486992,107500,2024-10-30,-0.004835923517617302,0.7340932748878544,38.00152751377651,40.42906405131022,0.01597942563416462,2024,10,2,37.70267868041992,40.01531982421875,168542.85714285713
2024-10-31,37.28045272827149,37.54914317561205,36.88701693598369,37.28045272827149,333500,2024-10-31,-0.0063938282192431695,0.662126239628364,37.68897138323103,40.289136250813804,0.015864621875024416,2024,10,3,37.52035140991211,39.46834564208984,195657.14285714287
2024-11-01,35.77388381958008,37.760255359654586,35.39004604821576,37.60671951899222,420500,2024-11-01,-0.04041176537400015,2.3702093114388276,37.380528586251394,40.11108716328939,0.016357580162508087,2024,11,4,37.28045272827149,37.9329833984375,211200.0
2024-11-04,36.32085418701172,36.57994659526018,35.716308895015025,35.88903716718067,187100,2024-11-04,0.015289655721760553,0.8636377002451567,37.14885330200195,39.9570006052653,0.018502423963372615,2024,11,0,35.77388381958008,37.94258117675781,203285.7142857143
2024-11-05,36.11933898925781,37.00696814839598,36.07135972725254,36.493582357715184,198300,2024-11-05,-0.005548195444862847,0.935608421143435,36.95556204659598,39.79365005493164,0.018292403836069074,2024,11,1,36.32085418701172,37.47237777709961,210014.2857142857
2024-11-06,36.109745025634766,36.81025250878016,35.121354645907,35.31327535676755,340700,2024-11-06,-0.000265618471752771,1.6888978628731621,36.689614977155415,39.61119664510091,0.016661745480722023,2024,11,2,36.11933898925781,37.97137451171875,244342.85714285713
2024-11-07,30.313764572143555,34.53600609567324,30.05467212923489,32.09862118290307,1378600,2024-11-07,-0.16051014620503612,4.481333966438346,35.63405581883022,39.19766012827555,0.06035630172595219,2024,11,3,36.109745025634766,37.70267868041992,423742.85714285716
2024-11-08,30.30416488647461,31.566039272356736,29.824364934611307,30.572853518423024,793800,2024-11-08,-0.0003166774501430769,1.7416743377454296,34.60317202976772,38.775526237487796,0.06068057502188947,2024,11,4,30.313764572143555,37.52035140991211,521785.71428571426
2024-11-11,30.045074462890625,30.141034825676435,28.33698769252825,30.141034825676435,622900,2024-11-11,-0.008549663868137825,1.8040471331481847,33.56954656328474,38.371179262797035,0.06055615813795827,2024,11,0,30.30416488647461,37.28045272827149,563128.5714285715
2024-11-12,29.21022224426269,30.36174105667043,29.075877010096423,29.57486941061891,380200,2024-11-12,-0.027786658330938074,1.2858640465740052,32.631880623953684,37.9304084777832,0.06033388830071073,2024,11,1,30.045074462890625,35.77388381958008,557371.4285714285
2024-11-13,29.02789878845215,30.20820629991921,28.768806359995963,29.39254596790437,414700,2024-11-13,-0.006241768867279118,1.4393999399232449,31.590029852730886,37.47560138702393,0.05834581424739588,2024,11,2,29.21022224426269,36.32085418701172,589885.7142857143
2024-11-14,28.356178283691406,29.18623386553841,28.010723540279905,28.922342410464207,339600,2024-11-14,-0.02314051422240615,1.1755103252585037,30.48100689479283,37.00095055898031,0.05749533342382151,2024,11,3,29.02789878845215,36.11933898925781,610071.4285714285
2024-11-15,27.732437133789062,29.02789738305824,27.348597534451567,28.71122948481836,300100,2024-11-15,-0.02199665778872173,1.6792998486066715,29.28424862452916,36.52397263844808,0.05603921256987696,2024,11,4,28.356178283691406,36.109745025634766,604271.4285714285
2024-11-18,27.72283935546875,28.151780975865407,27.588495960831025,27.828395925707813,330100,2024-11-18,-0.00034608492120657974,0.5632850150343813,28.91411645071847,36.10206839243571,0.0114593517478954,2024,11,0,27.732437133789062,30.313764572143555,454485.71428571426
2024-11-19,28.87436294555664,29.21981951688268,27.415770566948567,27.655670556971277,427400,2024-11-19,0.04153700042491271,1.8040489499341135,28.70985903058733,35.73326218922933,0.023522035508349838,2024,11,1,27.72283935546875,30.30416488647461,402142.85714285716
2024-11-20,29.5844669342041,29.74759900194255,28.4905235566002,28.74961415688576,302900,2024-11-20,0.024592888507579458,1.2570754453423518,28.644057955060685,35.41499481201172,0.02625219031760532,2024,11,2,28.87436294555664,30.045074462890625,356428.5714285714
2024-11-21,28.70163345336914,29.74759751232252,28.634461751833133,29.603657890417985,208500,2024-11-21,-0.02984111502831477,1.1131357604893886,28.571402413504465,35.049387232462564,0.026598874741902492,2024,11,3,29.5844669342041,29.21022224426269,331900.0
2024-11-22,28.53849983215332,28.749611144041705,27.972335764057,28.749611144041705,231800,2024-11-22,-0.005683774809571718,0.7772753799847045,28.501488276890345,34.659469540913896,0.02658559420833678,2024,11,4,28.70163345336914,29.02789878845215,305771.4285714286
2024-11-25,29.00870704650879,29.12385984979591,28.068299502448887,28.615271199906346,223600,2024-11-25,0.016476241467524577,1.055560347347022,28.594706671578543,34.28586540222168,0.0255634558903678,2024,11,0,28.53849983215332,28.356178283691406,289200.0
2024-11-26,28.663249969482425,28.94153299019832,28.394561337160543,28.7688047144408,192700,2024-11-26,-0.01190873748604182,0.546971653037776,28.72767993382045,33.91514015197754,0.024128357665882113,2024,11,1,29.00870704650879,27.732437133789062,273857.14285714284
2024-11-27,29.248607635498047,29.680428368718605,28.81678873256924,28.99911141522525,246700,2024-11-27,0.020421887491434143,0.8636396361493652,28.945646830967494,33.5217041015625,0.024636471304377714,2024,11,2,28.663249969482425,27.72283935546875,261942.85714285713
2024-11-29,29.075876235961918,29.814768598183058,28.93769471426866,29.26779694806585,85300,2024-11-29,-0.005905628113609396,0.8770738839143988,28.974434443882533,33.12762838999431,0.019930416741238303,2024,11,4,29.248607635498047,28.87436294555664,213071.42857142858
2024-12-02,28.77840232849121,29.123858896756246,28.16905613959779,29.123858896756246,179200,2024-12-02,-0.010230952458890386,0.9548027571584576,28.85928235735212,32.69388910929362,0.017277421595109067,2024,12,0,29.075876235961918,29.5844669342041,195400.0
2024-12-03,28.509714126586918,28.711231071306504,28.23143108804957,28.711231071306504,194600,2024-12-03,-0.009336453039934245,0.4797999832569353,28.831865310668945,32.31036891937256,0.01344078167069932,2024,12,1,28.77840232849121,28.70163345336914,193414.2857142857
2024-12-04,28.557695388793945,29.267799148499588,28.068299183397144,28.28900673770599,256400,2024-12-04,0.0016829794221711047,1.1994999651024436,28.834607533046178,31.94668057759603,0.013289614803321791,2024,12,2,28.509714126586918,28.53849983215332,196928.57142857142
2024-12-05,28.8935546875,29.104666014725783,28.336986797276,28.586483000520087,164700,2024-12-05,0.011760728382789853,0.767679217449782,28.818157196044922,31.645366287231447,0.01241618998774779,2024,12,3,28.557695388793945,29.00870704650879,188514.2857142857
2024-12-06,27.588499069213867,29.03173714231728,26.782434949985674,28.893555610876973,529500,2024-12-06,-0.04516770720671237,2.249302192331605,28.664621353149414,31.30023021697998,0.02094373010209121,2024,12,4,28.8935546875,28.663249969482425,236628.57142857142
2024-12-09,27.636478424072266,28.72082741592775,27.55971049962785,27.626884035021945,231400,2024-12-09,0.0017391071090178123,1.1611169162998998,28.434317180088588,30.972366905212404,0.018127524258399048,2024,12,0,27.588499069213867,29.248607635498047,234442.85714285713
2024-12-10,27.44455909729004,27.775620423079967,27.243042154854503,27.48294214376387,165300,2024-12-10,-0.006944420480688218,0.5325782682254641,28.201271874564036,30.62147305806478,0.018112506727446544,2024,12,1,27.636478424072266,29.075876235961918,245871.42857142858
2024-12-11,27.185466766357425,27.818802592899694,27.108698842845985,27.406174317666345,259000,2024-12-11,-0.009440571809302578,0.7101037500537082,27.973709651402064,30.27089932759603,0.018099256086575876,2024,12,2,27.44455909729004,28.77840232849121,257271.42857142858
2024-12-12,27.05112075805664,27.665264087126328,26.705664220309192,26.97435284192293,246800,2024-12-12,-0.004941831952175346,0.9595998668171362,27.765339170183456,29.92192497253418,0.01811968096572218,2024,12,3,27.185466766357425,28.509714126586918,264728.5714285714
2024-12-13,27.27183151245117,27.377388095974087,26.168291901200387,26.78243530287908,319700,2024-12-13,0.008159024403038506,1.2090961947737,27.581644330705917,29.58830426534017,0.018808796596372267,2024,12,4,27.05112075805664,28.557695388793945,273771.4285714286
2024-12-16,26.868799209594727,27.271831270950315,26.48495958694457,27.214255785125715,328600,2024-12-16,-0.014778336492451305,0.7868716840057459,27.29239354814802,29.29146811167399,0.017137296252854997,2024,12,0,27.27183151245117,28.8935546875,297185.71428571426
2024-12-17,26.149097442626957,27.022333210801445,26.091521960739502,26.667282270488688,335500,2024-12-17,-0.02678578083648664,0.930811250061943,27.08676474434989,28.952409553527833,0.01129945195404866,2024,12,1,26.868799209594727,27.588499069213867,269471.4285714286
2024-12-18,25.957176208496094,26.99834303753289,25.669296974543062,26.398593108221142,315800,2024-12-18,-0.00733949745500595,1.3290460629898284,26.846864427839005,28.613670794169106,0.010548914768749973,2024,12,2,26.149097442626957,27.636478424072266,281528.5714285714
2024-12-19,24.99757957458496,26.36980788426786,24.776872011147063,26.03394751408875,558100,2024-12-19,-0.03696845243116409,1.5929358731207977,26.497295924595424,28.243265279134114,0.014859759536810912,2024,12,3,25.957176208496094,27.44455909729004,337642.85714285716
2024-12-20,24.748083114624023,25.371822704108727,24.546566177235405,24.911213345916863,555500,2024-12-20,-0.00998082471210937,0.8252565268733214,26.149098260062082,28.057742563883462,0.014838631025369057,2024,12,4,24.99757957458496,27.185466766357425,380000.0
2024-12-23,24.32585906982422,24.8248514825048,24.162727005305246,24.6425269797385,317200,2024-12-23,-0.017060878729242113,0.6621244771995549,25.759775161743164,27.858465703328452,0.014410766382203916,2024,12,0,24.748083114624023,27.05112075805664,390057.14285714284
2024-12-24,24.90161895751953,24.978386878837046,23.99959450932001,24.306666194590072,151800,2024-12-24,0.023668635341620226,0.9787923695170377,25.421173368181503,27.68701718648275,0.01901531519821551,2024,12,1,24.32585906982422,27.27183151245117,366071.4285714286
2024-12-26,25.295055389404297,25.35742806864442,24.33545543478704,24.863234677709865,148400,2024-12-26,0.01579963264862183,1.0219726338573807,25.196352822440012,27.556511624654135,0.021782427842845845,2024,12,3,24.90161895751953,26.868799209594727,340328.5714285714
2024-12-27,25.06475067138672,25.299851626407516,24.680909239832488,25.151112980165667,162400,2024-12-27,-0.009104732702583829,0.6189423865750285,25.041446140834264,27.42440668741862,0.020264804152031492,2024,12,4,25.295055389404297,26.149097442626957,315600.0
2024-12-30,25.045560836791992,25.1942976682008,24.25101104082197,24.949600468930058,206700,2024-12-30,-0.0007656104322087964,0.9432866273788285,24.911215373447963,27.314052772521972,0.020336749430611974,2024,12,0,25.06475067138672,25.957176208496094,300014.28571428574
2024-12-31,26.29303932189941,26.331424199983907,25.199095920575544,25.275863846452804,262100,2024-12-31,0.049808366969162465,1.1323282794083624,25.096281051635742,27.266072845458986,0.023710607427713002,2024,12,1,25.045560836791992,24.99757957458496,257728.57142857142
2025-01-02,26.657686233520508,27.050161148221072,26.09919838150113,26.39859381782338,276800,2025-01-02,0.013868572102175403,0.9509627667199432,25.369081497192383,27.230567741394044,0.022464057843384753,2025,1,3,26.29303932189941,24.748083114624023,217914.2857142857
2025-01-03,27.07990837097168,27.20465738225259,26.38899710565583,26.753644260332976,151400,2025-01-03,0.015838664081815557,0.8156602765967627,25.76251711164202,27.170752588907877,0.018781932176965523,2025,1,4,26.657686233520508,24.32585906982422,194228.57142857142
2025-01-06,26.504150390625,27.10869753021839,26.28824004423751,27.06071826670632,310200,2025-01-06,-0.02126144492290316,0.820457485980878,25.99145017351423,27.068075370788574,0.022806181922837832,2025,1,0,27.07990837097168,24.90161895751953,216857.14285714287
2025-01-07,26.388999938964844,27.026173912863435,26.13950371990689,26.53293957257357,183200,2025-01-07,-0.004344619614778833,0.8866701929565437,26.147727966308594,26.9909875869751,0.023099122197189854,2025,1,1,26.504150390625,25.295055389404297,221828.57142857142
2025-01-08,26.71526336669922,26.782435071892035,25.419803038450777,26.19707850328317,178000,2025-01-08,0.012363614706468296,1.3626320334412583,26.38351549421038,26.930213038126627,0.022118656736154384,2025,1,2,26.388999938964844,25.06475067138672,224057.14285714287
2025-01-10,26.945566177368164,27.060718975220325,26.312230364910345,26.571322787358987,198900,2025-01-10,0.008620645340746247,0.7484886103099804,26.654944828578405,26.86144167582194,0.021682850173262845,2025,1,4,26.71526336669922,25.045560836791992,222942.85714285713
2025-01-13,26.60970687866211,26.945567236111582,26.00995689403508,26.945567236111582,160200,2025-01-13,-0.012464362281173647,0.935610342076501,26.700183050973074,26.792990239461265,0.014571114349585856,2025,1,0,26.945566177368164,26.29303932189941,208385.7142857143
2025-01-14,26.851348876953125,27.01566605639336,26.50821469628292,26.909342633347244,182400,2025-01-14,0.009080971819527495,0.5074513601104407,26.72784914289202,26.71308161417643,0.014012023014325737,2025,1,1,26.60970687866211,26.657686233520508,194900.0
2025-01-15,26.986669540405277,27.51828299375302,26.957671739034385,27.440957367019013,187600,2025-01-15,0.005039622555733203,0.5606112547186335,26.714529309953964,26.64344139099121,0.012649539201365632,2025,1,2,26.851348876953125,27.07990837097168,200071.42857142858
2025-01-16,26.725696563720703,27.020501110571665,26.503385603127292,26.870681892647337,151000,2025-01-16,-0.009670440299935357,0.5171155074443732,26.746178763253347,26.57501786549886,0.009934464457642374,2025,1,3,26.986669540405277,26.504150390625,177328.57142857142
2025-01-17,26.368064880371094,26.745027085309356,25.662466452917823,26.68219943662352,180700,2025-01-17,-0.013381566407331125,1.0825606323915338,26.743188040597097,26.503629557291667,0.011276496275757235,2025,1,4,26.725696563720703,26.388999938964844,176971.42857142858
2025-01-21,26.55171012878418,26.943172127421445,26.310067329435107,26.48405043994056,184700,2025-01-21,0.00696468433486741,0.6331047979863378,26.71982329232352,26.43676338195801,0.01043875169921121,2025,1,1,26.368064880371094,26.71526336669922,177928.57142857142
2025-01-22,26.0974235534668,26.58554121986203,26.058759818835554,26.51304948281096,171500,2025-01-22,-0.017109503422338745,0.5267814010264757,26.59866006033761,26.34355901082357,0.01106746179427676,2025,1,2,26.55171012878418,26.945566177368164,174014.2857142857
2025-01-23,26.53238296508789,26.61937452971481,26.039431380064823,26.039431380064823,165900,2025-01-23,0.016666756805704397,0.5799431496499885,26.587613786969865,26.308355140686036,0.012901155830768769,2025,1,3,26.0974235534668,26.60970687866211,174828.57142857142
2025-01-24,26.358400344848636,26.61937504376915,26.000768145188463,26.48405380529824,120100,2025-01-24,-0.006557368799786523,0.618606898580687,26.517192568097794,26.26575253804525,0.012338769428380572,2025,1,4,26.53238296508789,26.851348876953125,165928.57142857142
2025-01-27,26.252073287963867,26.60487154994166,25.536810830908976,26.387392664177757,155200,2025-01-27,-0.004033896423670802,1.0680607190326832,26.41225024632045,26.226003011067707,0.011872916600672072,2025,1,0,26.358400344848636,26.986669540405277,161300.0
2025-01-28,25.981433868408203,26.561376975509507,25.89541019402911,26.25207447667903,126900,2025-01-28,-0.010309258875936034,0.665966781480396,26.30592700413295,26.185868581136067,0.011927222513199838,2025,1,1,26.252073287963867,26.725696563720703,157857.14285714287
2025-01-29,26.174747467041016,26.319732775247957,25.74945563185754,25.894442783652696,158700,2025-01-29,0.007440451501326439,0.5702771433904168,26.278310230800084,26.156656138102214,0.011783169099723044,2025,1,2,25.981433868408203,26.368064880371094,154714.2857142857
2025-01-30,27.286306381225582,27.57627886701397,26.406726677152083,26.406726677152083,331100,2025-01-30,0.04246684387630606,1.1695521898618857,26.383252552577428,26.157138633728028,0.020323646400557456,2025,1,3,26.174747467041016,26.55171012878418,175628.57142857142
2025-01-31,27.22831344604492,27.745428941233783,26.783689691807098,27.286307207523443,223800,2025-01-31,-0.00212534941044884,0.9617392494266852,26.54480825151716,26.1691224416097,0.018419748062633832,2025,1,4,27.286306381225582,26.0974235534668,183100.0
2025-02-03,26.986669540405277,27.692266114801622,26.58070953915465,26.84168422072756,298000,2025-02-03,-0.008874729098387935,1.111556575646972,26.609706333705358,26.197041511535645,0.018535116031950113,2025,2,0,27.22831344604492,26.53238296508789,201971.42857142858
2025-02-04,26.745025634765625,27.440956246966,26.38739347347553,27.112321885863192,455600,2025-02-04,-0.008954195154680211,1.0535627734904693,26.664938517979213,26.22330315907796,0.018752742553331658,2025,2,1,26.986669540405277,26.358400344848636,249900.0
2025-02-05,26.78368759155273,27.769590677319755,26.72086178970603,26.76435756830129,483400,2025-02-05,0.0014455756115203666,1.0487288876137235,26.740883418491908,26.282840092976887,0.01856107944705761,2025,2,2,26.745025634765625,26.252073287963867,296785.71428571426
2025-02-06,27.353965759277344,27.6439382417206,26.648369186098964,26.948005758727472,414600,2025-02-06,0.021291995949970444,0.9955690556216368,26.936959402901785,26.369702847798667,0.018623790237046512,2025,2,3,26.78368759155273,25.981433868408203,337885.71428571426
2025-02-07,27.62460327148437,29.16145154069684,25.27583509236388,27.54727765356876,786700,2025-02-07,0.009893904035294776,3.8856164483329607,27.144081660679408,26.479660987854004,0.01864495948636655,2025,2,4,27.353965759277344,26.174747467041016,427600.0
2025-02-10,28.098224639892575,28.596008220617065,27.44675585407656,27.65360277042765,337700,2025-02-10,0.017144911141478758,1.1492523665405052,27.26006998334612,26.58621451059977,0.012135900110901302,2025,2,0,27.62460327148437,27.286306381225582,428542.85714285716
2025-02-11,27.769590377807617,28.417193161247635,27.576277242260137,28.08855880286982,240600,2025-02-11,-0.011695908417586498,0.8409159189874984,27.33739525931222,26.668699010213217,0.01344383035548521,2025,2,1,28.098224639892575,27.22831344604492,430942.85714285716
2025-02-12,27.730932235717773,28.12722633727218,27.20511682253642,27.450625662448864,206700,2025-02-12,-0.001392103432708125,0.9221095147357588,27.44371850149972,26.757571729024253,0.0126247270586194,2025,2,2,27.769590377807617,26.986669540405277,417900.0
2025-02-13,28.030567169189453,28.388199354595944,27.53278354906421,27.779258414717837,328100,2025-02-13,0.010805079718371191,0.8554158055317345,27.627367292131698,26.857071940104166,0.011405594128482549,2025,2,3,27.730932235717773,26.745025634765625,399685.71428571426
2025-02-14,26.658035278320312,28.270275432138813,26.42605839713992,28.049898408991044,308600,2025-02-14,-0.048965541174557314,1.8442170349988949,27.609416961669922,26.869238471984865,0.02414220541930096,2025,2,4,28.030567169189453,26.78368759155273,374714.28571428574
2025-02-18,26.76435852050781,27.3249697736872,26.483085931824068,26.783688544446967,338700,2025-02-18,0.003988412539687847,0.8418838418631331,27.52518735613142,26.87279421488444,0.022369759479985003,2025,2,1,26.658035278320312,27.353965759277344,363871.4285714286
2025-02-19,26.29073905944824,27.179984694083387,26.271407191750257,26.72569502112264,229900,2025-02-19,-0.017695901835146355,0.9085775023331308,27.33463532584054,26.846488571166994,0.022171866134077824,2025,2,2,26.76435852050781,27.62460327148437,284328.5714285714
2025-02-20,26.53238296508789,27.063996443507115,26.290740139699437,26.290740139699437,351600,2025-02-20,0.009191217679094255,0.7732563038076776,27.1109436580113,26.84742965698242,0.02090611246143412,2025,2,3,26.29073905944824,28.098224639892575,286314.28571428574
2025-02-21,25.875110626220703,27.01566490015769,25.61413596823413,26.84168179483331,319800,2025-02-21,-0.02477245785770721,1.4015289319235613,26.840303693498885,26.830300013224285,0.02185749208778698,2025,2,4,26.53238296508789,27.769590377807617,297628.5714285714
2025-02-24,25.63347053527832,26.00076680687735,25.2990362267532,25.923441178983428,233500,2025-02-24,-0.009338707549235159,0.7017305801241527,26.540666307721818,26.79424025217692,0.0215501382932107,2025,2,0,25.875110626220703,27.730932235717773,301457.14285714284
2025-02-25,26.416391372680664,26.51884879218917,25.3145007716694,25.54647764327239,335600,2025-02-25,0.030542912100990804,1.2043480205197703,26.31006976536342,26.77660109202067,0.025755103411812242,2025,2,1,25.63347053527832,28.030567169189453,302528.5714285714
2025-02-26,26.49371910095215,26.9190109877995,26.271408145122933,26.271408145122933,260900,2025-02-26,0.0029272631216183953,0.6476028426765659,26.286596025739396,26.77273483276367,0.01849349306034682,2025,2,2,26.416391372680664,26.658035278320312,295714.28571428574
2025-02-27,26.445388793945312,26.49371661682433,25.87511163474925,26.377729104479386,216400,2025-02-27,-0.001824217537095385,0.6186049820750803,26.241028921944753,26.759202829996745,0.018376091584550256,2025,2,3,26.49371910095215,26.76435852050781,278242.85714285716
2025-02-28,26.271408081054688,26.387395603992097,25.93310775924177,26.377731513404346,260300,2025-02-28,-0.0065788676523620415,0.4542878447503256,26.23826735360282,26.735360781351726,0.017192096704827162,2025,2,4,26.445388793945312,26.29073905944824,282585.71428571426
2025-03-03,25.31450080871582,26.474385168428185,25.246841118181138,26.474385168428185,285900,2025-03-03,-0.03642390500678683,1.2275440502470474,26.06428418840681,26.688320922851563,0.02129280281274551,2025,3,0,26.271408081054688,26.53238296508789,273200.0
2025-03-04,25.64313507080078,25.96210349891725,24.86021105703356,25.13085166169747,207000,2025-03-04,0.012982055801464165,1.1018924418836917,26.031144823346818,26.664156595865887,0.02066395433669167,2025,3,1,25.31450080871582,25.875110626220703,257085.7142857143
2025-03-05,26.174747467041016,26.26173902068282,25.701127810317967,25.846113118524904,195500,2025-03-05,0.02073117794577195,0.5606112103648542,26.108470099312918,26.65159117380778,0.021762592655418477,2025,3,2,25.64313507080078,25.63347053527832,251657.14285714287
2025-03-06,26.30040168762207,26.571042289583325,25.942771373032556,26.116754485465624,249200,2025-03-06,0.004800589604131877,0.6282709165507683,26.09190014430455,26.658357111612954,0.018264731056983213,2025,3,3,26.174747467041016,26.416391372680664,239314.2857142857
2025-03-07,26.745025634765625,26.98666843889485,25.71272680859287,26.38739347347553,177600,2025-03-07,0.01690559529943636,1.2739416303019802,26.127801077706472,26.665445200602214,0.01942696555557757,2025,3,4,26.30040168762207,26.49371910095215,227414.2857142857
2025-03-10,26.522714614868164,27.5376136516164,25.884777761439853,26.96733648815953,226200,2025-03-10,-0.00831223805627923,1.6528358901765472,26.138847623552596,26.670922342936198,0.019764570097920264,2025,3,0,26.745025634765625,26.445388793945312,228814.2857142857
2025-03-11,26.43572425842285,27.49895301027309,26.02009832276962,26.6870330065757,216200,2025-03-11,-0.003279843624926171,1.4788546875034712,26.16232136317662,26.677044041951497,0.019603918577261695,2025,3,1,26.522714614868164,26.271408081054688,222514.2857142857
2025-03-12,25.952438354492188,26.38256226449644,25.62477002327039,26.36806428573757,171200,2025-03-12,-0.01828154580545227,0.7577922412260492,26.253455298287527,26.676077524820965,0.014306170810431163,2025,3,2,26.43572425842285,25.31450080871582,206128.57142857142
2025-03-13,26.387393951416016,26.94800519340632,25.667299414477704,25.952438002258276,225200,2025-03-13,0.01675971987613023,1.280705778928617,26.359777995518275,26.683165740966796,0.014780293716330122,2025,3,3,25.952438354492188,25.64313507080078,208728.57142857142
2025-03-14,26.82235145568848,26.99633457091572,26.43088944642718,26.70636209767421,195400,2025-03-14,0.016483533958423502,0.5654451244885408,26.452292851039342,26.667700576782227,0.014057485927027123,2025,3,4,26.387393951416016,26.174747467041016,208714.2857142857
2025-03-17,27.02532958984375,27.39262767448532,26.580707727327177,26.98666770090625,141500,2025-03-17,0.007567499609070438,0.8119199471581418,26.555853979928152,26.660934448242188,0.014136133333528946,2025,3,0,26.82235145568848,26.30040168762207,193328.57142857142
2025-03-18,27.84691619873047,27.924241822216885,26.348731552335533,26.95767060684253,279400,2025-03-18,0.03040061384470505,1.5755102698813523,26.713266917637416,26.689609336853028,0.016852346692018755,2025,3,1,27.02532958984375,26.745025634765625,207871.42857142858
2025-03-19,28.378530502319336,28.504183944839703,27.692264004219417,27.8662471120078,231100,2025-03-19,0.019090598750503673,0.8119199406202853,26.978383472987584,26.744059499104818,0.016168099258565733,2025,3,2,27.84691619873047,26.522714614868164,208571.42857142858
2025-03-20,28.39786148071289,28.890813021510017,28.037331199260368,28.18521647714068,193100,2025-03-20,0.0006811832061555112,0.8534818222496483,27.25868879045759,26.797865295410155,0.01569561843389429,2025,3,3,28.378530502319336,26.43572425842285,205271.42857142858
2025-03-21,27.469953536987305,28.34856713995009,26.89001044913009,28.059562558060765,759800,2025-03-21,-0.03267527536732995,1.45855669082,27.475476673671178,26.801731554667153,0.020334540346617767,2025,3,4,28.39786148071289,25.952438354492188,289357.14285714284
2025-03-24,27.36363220214844,27.933909400282925,27.153887150482703,27.421627805869107,137800,2025-03-24,-0.0038704592163109064,0.7800222498002221,27.614939280918666,26.793032519022624,0.0204039990757425,2025,3,0,27.469953536987305,26.387393951416016,276871.4285714286
2025-03-25,27.237977981567383,27.55694641870305,27.00600110397675,27.344301408475385,174700,2025-03-25,-0.004592015403978134,0.5509453147262988,27.674314498901367,26.764357630411784,0.020044717232770567,2025,3,1,27.36363220214844,26.82235145568848,273914.28571428574
2025-03-26,26.667701721191406,27.46028987458397,26.580710158639693,27.26697488144941,131000,2025-03-26,-0.020936805983244988,0.8795797159442778,27.623224803379603,26.727628008524576,0.021644727892458446,2025,3,2,27.237977981567383,27.02532958984375,272414.28571428574
2025-03-27,27.46028709411621,27.51828084874911,26.50821389125073,26.62903528882906,147500,2025-03-27,0.029720797885442796,1.0100669574983812,27.567992074148997,26.718606503804526,0.021477570326640355,2025,3,3,26.667701721191406,27.84691619873047,253571.42857142858
2025-03-28,25.56580924987793,27.721262606386382,25.15018333447468,27.508615760223822,347400,2025-03-28,-0.068989731889737,2.571079271911703,27.166174752371653,26.63644790649414,0.030924387154841585,2025,3,4,27.46028709411621,28.378530502319336,270185.71428571426
2025-03-31,24.521913528442383,25.31450166185437,24.106287594192597,25.17918043263617,365100,2025-03-31,-0.04083171047834255,1.2082140676617712,26.612467902047293,26.565243848164876,0.03152920363883297,2025,3,0,25.56580924987793,28.39786148071289,294757.14285714284
2025-04-01,24.39625740051269,24.628234272357314,23.934235737358893,24.39625740051269,243000,2025-04-01,-0.005124238277080084,0.6939985349984212,26.173368453979492,26.48630714416504,0.03144798684924497,2025,4,1,24.521913528442383,27.469953536987305,220928.57142857142
2025-04-02,24.425254821777344,24.50548040887196,23.86947564080793,24.164280153656662,230900,2025-04-02,0.0011886012181541172,0.63600476806403,25.75360025678362,26.424124336242677,0.031838954915120225,2025,4,2,24.39625740051269,27.36363220214844,234228.57142857142
2025-04-03,22.434118270874023,23.78248563372886,21.361225415813824,23.632668266915022,507000,2025-04-03,-0.08151958149185978,2.4212602179150373,25.067334583827428,26.287515513102214,0.03969277408584435,2025,4,3,24.425254821777344,27.237977981567383,281700.0
2025-04-04,21.53520774841309,22.36065967040407,20.568636514808,21.834844314625933,541200,2025-04-04,-0.040068903605094186,1.7920231555960697,24.33412115914481,26.14285208384196,0.03989266148518651,2025,4,4,22.434118270874023,26.667701721191406,340300.0
2025-04-07,20.375324249267575,22.08615600348072,20.18200923931781,20.829612125984383,481400,2025-04-07,-0.05385987043616913,1.9041467641629097,23.32198360988072,25.967580540974936,0.030707725976594973,2025,4,0,21.53520774841309,27.46028709411621,388000.0
2025-04-08,20.186840057373047,21.48687767855613,20.0756845888188,20.95526424745525,479300,2025-04-08,-0.009250610669486847,1.4111930897373313,22.55355943952288,25.75992883046468,0.030028334066244167,2025,4,1,20.375324249267575,25.56580924987793,406842.85714285716
2025-04-09,22.11515045166016,22.395457012553905,19.911369075644476,20.08535220398012,455000,2025-04-09,0.09552314224547565,2.484087936909429,22.209736142839706,25.613976542154948,0.05649664452766926,2025,4,2,20.186840057373047,24.521913528442383,419685.71428571426
2025-04-10,21.37572479248047,21.68019527835828,20.72328988061653,21.68019527835828,284800,2025-04-10,-0.03343525339318609,0.9569053977417497,21.778231484549387,25.444987742106118,0.056826073476653145,2025,4,3,22.11515045166016,24.39625740051269,425657.14285714284
2025-04-11,23.023727416992188,23.37652571023965,21.30323173176281,21.45788298788257,454700,2025-04-11,0.07709692375397026,2.0732939784768405,21.578013283865793,25.336731719970704,0.06724086944801846,2025,4,4,21.37572479248047,24.425254821777344,457628.5714285714
2025-04-14,21.9894962310791,23.371693432006783,21.76718528307226,22.95606749398368,261300,2025-04-14,-0.04492023238382303,1.6045081489345243,21.514495849609375,25.225898234049478,0.061623822354720366,2025,4,0,23.023727416992188,22.434118270874023,422528.5714285714
2025-04-15,22.126014709472656,22.46731543254211,21.92123353165526,21.98949330428129,322800,2025-04-15,0.006208349521013901,0.5460819008868505,21.598896844046457,25.108660888671874,0.05920294341378318,2025,4,1,21.9894962310791,21.53520774841309,391328.5714285714
2025-04-16,23.2474308013916,23.530221566154868,22.165020473644635,22.17477213586949,242300,2025-04-16,0.050683148621375684,1.3652010925102331,22.009197780064174,25.01108366648356,0.054803453913082965,2025,4,2,22.126014709472656,20.375324249267575,357171.4285714286
2025-04-17,22.9841423034668,23.51559582366735,22.701351528831896,23.266934938041157,213900,2025-04-17,-0.01132548797216082,0.8142442948354542,22.408812386648997,24.900541687011717,0.054995020871235145,2025,4,3,23.2474308013916,20.186840057373047,319257.14285714284
2025-04-21,23.4912166595459,23.65699119665944,22.93538493508855,22.93538493508855,366300,2025-04-21,0.0220619220584366,0.7216062615708907,22.605393273489817,24.79208138783773,0.04410731018066183,2025,4,0,22.9841423034668,22.11515045166016,306585.71428571426
2025-04-22,24.017793655395508,24.349342733183,23.296187386075488,23.68624643754741,252600,2025-04-22,0.022415909890117547,1.0531553471075128,22.982831682477677,24.708584022521972,0.03990107842557127,2025,4,1,23.4912166595459,21.37572479248047,301985.71428571426
2025-04-23,24.19331932067871,24.80766101118151,24.03729644752167,24.349342193835756,203500,2025-04-23,0.007308151106701244,0.7703645636598395,23.14991624014718,24.633837191263833,0.03000917228958922,2025,4,2,24.017793655395508,23.023727416992188,266100.0
2025-04-24,24.437108993530277,24.56387875963201,23.94466207428487,24.261582769659945,169300,2025-04-24,0.010076735218519373,0.6192166853471406,23.499575206211635,24.583326212565105,0.01928314632982741,2025,4,3,24.19331932067871,21.9894962310791,252957.14285714287
2025-04-25,24.33959197998047,24.573628163580583,23.83251854201881,24.18356909754004,142400,2025-04-25,-0.003990529877148097,0.7411096215617725,23.815800530569895,24.515066146850586,0.020439353954910134,2025,4,4,24.437108993530277,22.126014709472656,227185.7142857143
2025-04-28,23.74475479125977,24.48098763147165,23.647240027406287,24.19332010107057,271700,2025-04-28,-0.024439078075341514,0.833747604065362,23.886846814836776,24.412479591369628,0.017396310120848697,2025,4,0,24.33959197998047,23.2474308013916,231385.7142857143
2025-04-29,23.4912166595459,24.09580483494396,22.92563327291253,23.725250971952185,331000,2025-04-29,-0.010677647924466904,1.1701715620314275,23.959286008562362,24.294675827026367,0.01730791296684353,2025,4,1,23.74475479125977,22.9841423034668,248114.2857142857
2025-04-30,23.754507064819336,23.87640005778752,22.89637935275725,23.188923651844565,171700,2025-04-30,0.011208036139177535,0.9800207050302703,23.996898923601425,24.15826218922933,0.015758661249477376,2025,4,2,23.4912166595459,23.4912166595459,220314.2857142857
2025-05-01,23.61798667907715,24.183570116744807,23.55947856068106,23.813016220316847,176600,2025-05-01,-0.005747136127458363,0.6240915560637461,23.93978364127023,23.999577395121257,0.012929474464601406,2025,5,3,23.754507064819336,24.017793655395508,209457.14285714287
2025-05-02,23.627735137939453,24.087028547909117,23.25718129176287,23.8422679761979,261100,2025-05-02,0.00041275571007681755,0.8298472561462482,23.858985900878906,23.840573183695476,0.012321795514786146,2025,5,4,23.61798667907715,24.19331932067871,217685.7142857143
2025-05-05,23.47171401977539,23.915404432058384,23.21817637562233,23.627736899263518,324000,2025-05-05,-0.0066033040091741935,0.6972280564360531,23.721072333199636,23.707298533121744,0.010823719275666251,2025,5,0,23.627735137939453,24.437108993530277,239785.7142857143
2025-05-06,23.549724578857425,23.98854007347004,23.237678831550397,23.491216466222195,215100,2025-05-06,0.0033235987374551357,0.7508612419196439,23.6082341330392,23.580168279012046,0.011355220762007193,2025,5,1,23.47171401977539,24.33959197998047,250171.42857142858
2025-05-07,23.286434173583984,23.608231567668238,22.8281172365365,23.608231567668238,320500,2025-05-07,-0.011180190426083314,0.7801143311317382,23.54275975908552,23.448450152079264,0.008159502227489027,2025,5,2,23.549724578857425,23.74475479125977,257142.85714285713
2025-05-08,20.19522857666016,22.506320357976552,19.263966258816943,21.170372442880872,1030100,2025-05-08,-0.13274705667175413,3.242354099159609,23.07190431867327,23.232701047261557,0.05017745483155144,2025,5,3,23.286434173583984,23.4912166595459,357014.28571428574
2025-05-09,21.05335807800293,21.23863594971463,19.67352849278969,20.458519671946117,788000,2025-05-09,0.042491695406434715,1.5651074569249417,22.686025891985214,23.019136746724445,0.05463521445662446,2025,5,4,20.19522857666016,23.754507064819336,445057.14285714284
2025-05-12,21.3068962097168,22.184525414568984,20.677927899929244,21.726208416241832,351200,2025-05-12,0.012042645680300001,1.50659751463974,22.355870110648024,22.877172978719077,0.05558204823090023,2025,5,0,21.05335807800293,23.61798667907715,470000.0
2025-05-13,22.03825187683105,22.14941859069697,21.1801242279968,21.57018326470655,388900,2025-05-13,0.03432483360860061,0.9692943627001718,22.128801073346818,22.794384256998697,0.0583721387038995,2025,5,1,21.3068962097168,23.627735137939453,488257.14285714284
2025-05-14,21.33614921569824,22.126017169461548,21.267889435483035,22.038254063487848,357200,2025-05-14,-0.03185836449536805,0.8581277339785132,21.823720387050084,22.692380650838217,0.0590240804754508,2025,5,2,22.03825187683105,23.47171401977539,493000.0
2025-05-15,20.653549194335938,21.21425585059268,20.453644758637537,21.209380949207613,270700,2025-05-15,-0.031992653147554506,0.7606110919551412,21.40998104640416,22.566657129923502,0.05901098295476026,2025,5,3,21.33614921569824,23.549724578857425,500942.85714285716
2025-05-16,20.8973331451416,20.955841255756315,20.42731346401777,20.653547180984447,209100,2025-05-16,0.01180348948802079,0.5285277917385436,21.068680899483816,22.515430959065757,0.06001881919014547,2025,5,4,20.653549194335938,23.286434173583984,485028.5714285714
2025-05-19,20.546281814575195,20.83394934142122,20.44389215076713,20.712056353095605,153000,2025-05-19,-0.016798857927382116,0.3900571906540904,21.118831362043107,22.48246676127116,0.030363237017140783,2025,5,0,20.8973331451416,20.19522857666016,359728.5714285714
2025-05-20,20.487775802612305,20.673053684656203,20.40001269321991,20.56578724874559,219500,2025-05-20,-0.002847523094002713,0.273040991436293,21.038033894130162,22.48621514638265,0.024831782597497763,2025,5,1,20.546281814575195,21.05335807800293,278514.28571428574
2025-05-21,19.814924240112305,20.44389251754197,19.79542091524485,20.33175118946325,271200,2025-05-21,-0.032841610967560886,0.6484716022971178,20.82489504132952,22.473817952473958,0.0258864931463845,2025,5,2,20.487775802612305,21.3068962097168,267085.71428571426
2025-05-22,19.32735252380371,19.79542116693737,19.25909274583915,19.775919701761392,221100,2025-05-22,-0.024606287180325315,0.5363284210982187,20.437623705182755,22.380891354878745,0.0171738328238207,2025,5,3,19.814924240112305,22.03825187683105,243114.2857142857
2025-05-23,19.6393985748291,19.77591999270619,19.11282180854156,19.181081587510363,263900,2025-05-23,0.016145307570763823,0.6630981841646282,20.195230756487167,22.323013814290366,0.02023770691272686,2025,5,4,19.32735252380371,21.33614921569824,229785.7142857143
2025-05-27,20.536531448364254,20.877832209203135,19.697908900517877,19.72716202920095,306500,2025-05-27,0.0456802620567498,1.1799233086852574,20.17851393563407,22.240107282002768,0.027262046464337233,2025,5,1,19.6393985748291,20.653549194335938,234900.0
2025-05-28,19.47362327575684,20.484848153498497,19.40536349942759,20.47802217586557,366500,2025-05-28,-0.05175694713977985,1.0794846540709067,19.975126811436244,22.156244850158693,0.032554346151283,2025,5,2,20.536531448364254,20.8973331451416,257385.7142857143
2025-05-29,19.26884651184082,19.756418533314708,19.23959152097411,19.64915209340976,201800,2025-05-29,-0.010515596456615817,0.5168270123405989,19.79263605390276,22.06100591023763,0.03240826691493466,2025,5,3,19.47362327575684,20.546281814575195,264357.14285714284
2025-05-30,19.23958969116211,19.4833756787134,18.9080405992972,19.26884467924648,240000,2025-05-30,-0.0015183483173594192,0.5753350794162024,19.61432375226702,21.927411206563313,0.03245198243138333,2025,5,4,19.26884651184082,20.487775802612305,267285.71428571426
2025-06-02,20.3024959564209,20.33175094336798,19.16157750463653,19.16157750463653,326500,2025-06-02,0.05524578654330892,1.1701734387314495,19.683976854596818,21.838022994995118,0.03803316530369426,2025,6,0,19.23958969116211,19.814924240112305,275185.71428571426
2025-06-03,19.78567123413086,20.19522989922336,19.62964649417348,20.19522989922336,191500,2025-06-03,-0.02545621599429937,0.5655834050498818,19.749450956072128,21.71450481414795,0.03814127137056089,2025,6,1,20.3024959564209,19.32735252380371,270957.14285714284
2025-06-04,19.892934799194336,20.14549782321313,19.74666358904116,19.83442668712093,157900,2025-06-04,0.005421275012315263,0.3988342341719715,19.78567041669573,21.577009518941242,0.03778466012491435,2025,6,2,19.78567123413086,19.6393985748291,255814.2857142857
2025-06-05,20.12697029113769,20.39513636211918,19.756416412960625,19.79542120332373,221900,2025-06-05,0.011764754386709875,0.6387199491585562,19.72716167994908,21.441464551289876,0.033214421629054046,2025,6,3,19.892934799194336,20.536531448364254,243728.57142857142
2025-06-06,20.400012969970703,20.58529085452812,20.058712191030075,20.263493402370298,195700,2025-06-06,0.01356600993013024,0.5265786634980465,19.859503064836776,21.30689468383789,0.0252609493382861,2025,6,4,20.12697029113769,19.47362327575684,219328.57142857142
2025-06-09,20.760814666748047,21.08261208156665,20.64867148072907,20.653548241828712,172500,2025-06-09,0.01768634644048772,0.43394060083758035,20.072641372680664,21.187602106730143,0.02424335292649024,2025,6,0,20.400012969970703,19.26884651184082,215142.85714285713
2025-06-10,20.975345611572266,21.326398012416128,20.848575862405585,20.926587300377623,145000,2025-06-10,0.010333455033815442,0.4778221500105424,20.32060650416783,21.095288467407226,0.023632932795250965,2025,6,1,20.760814666748047,19.23958969116211,201571.42857142858
2025-06-11,21.063108444213867,21.26301286772399,20.799819146925596,21.043605119983763,202900,2025-06-11,0.0041840947113254146,0.4631937207983938,20.429265430995397,21.01435152689616,0.014353043617977044,2025,6,2,20.975345611572266,20.3024959564209,183914.2857142857
2025-06-12,20.73155975341797,21.23863503309209,20.692553104240236,20.9168376171334,160800,2025-06-12,-0.015740729421491295,0.546081928851855,20.564392362322128,20.913586616516113,0.010940998532898562,2025,6,3,21.063108444213867,19.78567123413086,179528.57142857142
2025-06-13,21.667695999145508,21.940736950777787,20.478021154059267,20.487772815896776,357700,2025-06-13,0.04515512855096193,1.4627157967185198,20.817929676600865,20.848576927185057,0.0181028368278658,2025,6,4,20.73155975341797,19.892934799194336,208071.42857142858
2025-06-16,21.04360580444336,22.10651283034401,20.986072298050797,21.755460422541397,291300,2025-06-16,-0.028802794479245053,1.1204405322932125,20.948877607073104,20.76243928273519,0.023910133610422945,2025,6,0,21.667695999145508,20.12697029113769,217985.7142857143
2025-06-17,20.877832412719727,21.31177118518424,20.770565979997432,20.985098845442025,166400,2025-06-17,-0.007877613431089392,0.5412052051868095,21.01713752746582,20.6759765625,0.0242441235086965,2025,6,1,21.04360580444336,20.400012969970703,213800.0
2025-06-18,20.770566940307617,21.16062603735384,20.721810483146648,20.877833377989287,147800,2025-06-18,-0.005137768629024819,0.4388155542071921,21.018530709402903,20.58333797454834,0.023552987347095048,2025,6,2,20.877832412719727,20.760814666748047,210271.42857142858
2025-06-20,20.45851707458496,21.05335540512262,20.370753981228937,20.926585665857587,646500,2025-06-20,-0.015023656630050342,0.6826014238936828,20.944698061261857,20.48907407124837,0.023702491286779596,2025,6,4,20.770566940307617,20.975345611572266,281914.28571428574
2025-06-23,20.224485397338867,20.69255404921063,20.029457722362043,20.37075661855636,189100,2025-06-23,-0.011439327512981157,0.6630963268485885,20.824894768851145,20.49004929860433,0.023613468988259702,2025,6,0,20.45851707458496,21.063108444213867,279942.85714285716
2025-06-24,20.877832412719727,20.892458977203848,20.08796631160522,20.312248980079534,184400,2025-06-24,0.03230475349779849,0.8044926655986266,20.84579086303711,20.48419844309489,0.026910871639287,2025,6,1,20.224485397338867,20.73155975341797,283314.28571428574
2025-06-25,21.004602432250977,21.10211534327556,20.57553855597249,20.770566237961216,139200,2025-06-25,0.006071991432119006,0.5265767873030711,20.751063210623606,20.47412198384603,0.019267138000781798,2025,6,2,20.877832412719727,21.667695999145508,252100.0
2025-06-26,21.36540031433105,21.38197795221353,20.819320312094824,21.121614366554628,111400,2025-06-26,0.01717708693815112,0.5626576401187044,20.797033854893275,20.45169359842936,0.0172415351137829,2025,6,3,21.004602432250977,21.04360580444336,226400.0
2025-06-27,20.6340446472168,21.36540256768036,20.62429298508456,21.36540256768036,911900,2025-06-27,-0.03423084315549596,0.7411095825958007,20.76220703125,20.428290112813315,0.02204217135618032,2025,6,4,21.36540031433105,20.877832412719727,332900.0
2025-06-30,21.628692626953125,21.84907499107088,20.68280182615537,20.74131180100887,314600,2025-06-30,0.048204217677239924,1.1662731649155091,20.884796415056503,20.46079489390055,0.0287592064365262,2025,6,0,20.6340446472168,20.770566940307617,356728.5714285714
2025-07-01,21.91148376464844,22.53070039263574,21.37515533911712,21.62869298789504,245000,2025-07-01,0.013074814209662833,1.155545053518619,21.092363085065568,20.494599914550783,0.027231347487347943,2025,7,1,21.628692626953125,20.45851707458496,299371.4285714286
2025-07-02,22.165021896362305,22.545329307785124,21.492173899113297,22.087010453495484,198900,2025-07-02,0.011571016113610666,1.0531554086718273,21.36958258492606,20.54855791727702,0.02552390264151319,2025,7,2,21.91148376464844,20.224485397338867,300771.4285714286
2025-07-03,22.27228736877441,22.330795483420392,21.843223521511916,22.194275929266635,100400,2025-07-03,0.004839402952708571,0.4875719619084755,21.568790435791016,20.60804163614909,0.0242207742202635,2025,7,3,22.165021896362305,20.877832412719727,288771.4285714286
2025-07-07,21.96999168395996,22.34834611523748,21.901730051881405,21.94073669878344,130000,2025-07-07,-0.013572727390284367,0.44661606335607473,21.706703186035156,20.679877217610677,0.02577631313977432,2025,7,0,22.27228736877441,21.004602432250977,287457.14285714284
2025-07-08,21.75545883178711,22.35029717708278,21.726205706568827,22.018748118387418,230000,2025-07-08,-0.00976481262528106,0.6240914705139531,21.76242583138602,20.760814094543456,0.025965971173601086,2025,7,1,21.96999168395996,21.36540031433105,304400.0
2025-07-09,22.41855812072754,22.511196121992004,21.365402779229772,21.813969942057383,458300,2025-07-09,0.03047967381738559,1.1457933427622322,22.017356327601842,20.853452746073405,0.02172720947408736,2025,7,2,21.75545883178711,20.6340446472168,239600.0
2025-07-10,23.325443267822266,23.46196282511151,22.457565750872963,22.457565750872963,242500,2025-07-10,0.04045242973303664,1.0043970742385468,22.259749276297434,20.946416473388673,0.01968282941936053,2025,7,3,22.41855812072754,21.628692626953125,229300.0
2025-07-11,23.544849395751957,23.60823240870616,22.949036426394883,23.14016379335228,182400,2025-07-11,0.009406300468140172,0.6591959823112781,22.493087223597936,21.08212401072184,0.0196675652460037,2025,7,4,23.325443267822266,21.91148376464844,220357.14285714287
2025-07-14,22.993894577026367,23.54972633843993,22.30154325595038,23.471714895784334,217100,2025-07-14,-0.023400226922878242,1.2481830824895468,22.611497606549943,21.20629227956136,0.023428465795748483,2025,7,0,23.544849395751957,22.165021896362305,222957.14285714287
2025-07-15,21.92123794555664,23.17917467131725,21.87248148670346,23.17917467131725,177800,2025-07-15,-0.04664962813830753,1.3066931846137884,22.561347688947404,21.295680554707847,0.030640093094164933,2025,7,1,22.993894577026367,22.27228736877441,234014.2857142857
2025-07-16,21.930986404418945,22.043127731345173,21.51167422377515,21.979744716086486,202700,2025-07-16,0.0004447038477715104,0.5314535075700242,22.555775506155832,21.349963569641112,0.030202267702058302,2025,7,2,21.92123794555664,21.96999168395996,244400.0
2025-07-17,22.096763610839844,22.2040300495139,21.9017340605124,21.9017340605124,127700,2025-07-17,0.007559040134532902,0.30229598900150023,22.604533331734793,21.42699998219808,0.02996437387528755,2025,7,3,21.930986404418945,21.75545883178711,229785.7142857143
2025-07-18,21.486787796020508,22.30336435768651,21.34905257825807,22.30336435768651,135800,2025-07-18,-0.02760475812485519,0.9543117794284406,22.471423285348074,21.480128415425618,0.028987909718417634,2025,7,4,22.096763610839844,22.41855812072754,183714.2857142857
2025-07-21,21.703229904174805,22.13611444541676,21.56549468143941,21.56549468143941,129500,2025-07-21,0.010073265031936618,0.5706197639773478,22.239678519112722,21.532670402526854,0.022470858300527884,2025,7,0,21.486787796020508,23.325443267822266,167571.42857142858
2025-07-22,22.44110107421875,22.568999679112903,21.752423062910346,21.89015828987168,206500,2025-07-22,0.03399821931121916,0.816576616202557,22.082000187465123,21.60070667266846,0.027397337544472038,2025,7,1,21.703229904174805,23.544849395751957,171014.2857142857
2025-07-23,22.27385139465332,22.71657446847888,22.224660776006843,22.539485238948657,143200,2025-07-23,-0.007452828585027493,0.49191369247203554,21.979136875697545,21.6511412302653,0.026403930229723233,2025,7,2,22.44110107421875,22.993894577026367,160457.14285714287
2025-07-24,21.52614021301269,22.137097243442778,21.43759748356784,22.11643696048871,121500,2025-07-24,-0.03356901186025296,0.6994997598749393,21.92269434247698,21.669501050313315,0.023166056016612514,2025,7,3,22.27385139465332,21.92123794555664,152414.2857142857
2025-07-25,21.732746124267575,21.752423121458367,21.42776017381728,21.486789288887916,116400,2025-07-25,0.009597907902225256,0.3246629476410874,21.894374302455358,21.691822306315103,0.023605209207892983,2025,7,4,21.52614021301269,21.930986404418945,140085.7142857143
2025-07-28,21.496627807617188,21.772098262539316,21.39824469807283,21.69339215020417,104800,2025-07-28,-0.010864633272770319,0.37385356446648643,21.80864061628069,21.71732457478841,0.023511355673267165,2025,7,0,21.732746124267575,22.096763610839844,136814.2857142857
2025-07-29,21.31953811645508,21.69339167269235,21.235911818407534,21.644201057253817,153700,2025-07-29,-0.008238021923576144,0.4574798542848164,21.7847478049142,21.705719312032063,0.021259685128418884,2025,7,1,21.496627807617188,21.486787796020508,139371.42857142858
2025-07-30,21.063743591308597,21.526141774173915,20.827625250494275,21.3490544259395,173700,2025-07-30,-0.011998126964535616,0.6985165236796398,21.693392617361887,21.706390571594238,0.0209921839140074,2025,7,2,21.31953811645508,21.703229904174805,145685.7142857143
2025-07-31,20.93584442138672,21.585170252105808,20.75875521728123,20.955519540119457,192400,2025-07-31,-0.00607200564170618,0.8264150348245778,21.478355952671595,21.708324305216472,0.012708638082784053,2025,7,3,21.063743591308597,22.44110107421875,143671.42857142858
2025-08-01,20.237327575683597,21.004713557165893,20.221587479551665,20.876814955334662,241800,2025-08-01,-0.03336463682303459,0.7831260776142273,21.187423978533065,21.690549659729005,0.015399927846649182,2025,8,4,20.93584442138672,22.27385139465332,157757.14285714287
2025-08-04,20.611183166503903,20.675130591414742,20.316033843716443,20.316033843716443,169700,2025-08-04,0.018473565218636745,0.3590967476982989,21.05671582903181,21.695638529459636,0.01661173565569716,2025,8,0,20.237327575683597,21.52614021301269,164642.85714285713
2025-08-05,21.4080810546875,21.496625656767904,20.69480592748495,20.71940123328472,120200,2025-08-05,0.03866337423455968,0.8018197292829541,21.01033510480608,21.735091718037925,0.023417957453752643,2025,8,1,20.611183166503903,21.732746124267575,165185.7142857143
2025-08-06,21.91967391967773,21.9393490404342,21.309700140185505,21.417921748603906,121800,2025-08-06,0.02389718460441892,0.6296489002486965,21.070770263671875,21.76981976826986,0.02484587894056953,2025,8,2,21.4080810546875,21.496627807617188,167614.2857142857
2025-08-07,21.821290969848636,22.372233761604907,21.526141638317167,22.15579241968324,143000,2025-08-07,-0.004488340026845616,0.8460921232877396,21.142449242728098,21.797042719523112,0.024601126683125682,2025,8,3,21.91967391967773,21.31953811645508,166085.7142857143
2025-08-08,21.693389892578125,22.549320417085312,21.644199281176068,21.95902369775293,204000,2025-08-08,-0.005861297457022019,0.9051211359092441,21.23239871433803,21.80797570546468,0.02405647216384812,2025,8,4,21.821290969848636,21.063743591308597,170414.2857142857
2025-08-11,21.55565643310547,21.94918698584211,21.255588800237,21.722907152581254,151600,2025-08-11,-0.006349098050359547,0.6935981856051114,21.32094328744071,21.838696098327638,0.02407691775484848,2025,8,0,21.693389892578125,20.93584442138672,164585.7142857143
2025-08-12,22.559160232543945,22.657543337597016,21.644200545603184,21.644200545603184,172400,2025-08-12,0.04655408210613721,1.013342791993832,21.652633666992188,21.869711685180665,0.022032774525027422,2025,8,1,21.55565643310547,20.237327575683597,154671.42857142858
2025-08-13,23.25767707824707,23.43476629482283,22.40174836679981,22.62802819842365,179100,2025-08-13,0.030963778726809332,1.0330179280230176,22.030704225812638,21.914584795633953,0.02277473618269481,2025,8,2,22.559160232543945,20.611183166503903,156014.2857142857
2025-08-14,22.864145278930664,23.021557490284625,22.667380952989006,23.001880494739986,152200,2025-08-14,-0.016920511794553894,0.3541765372956185,22.23871340070452,21.93788890838623,0.023880320771401384,2025,8,3,23.25767707824707,21.4080810546875,160585.7142857143
2025-08-15,23.0609130859375,23.1789713144166,22.60835153942974,23.02155909211,296500,2025-08-15,0.008605955070980054,0.5706197749868593,22.40174756731306,21.964176432291666,0.0230484882164449,2025,8,4,22.864145278930664,21.91967391967773,185542.85714285713
2025-08-18,23.20848846435547,23.257679083645016,22.91334099561451,23.110105349274537,152800,2025-08-18,0.006399372733769226,0.34433808803050425,22.599918637956893,22.00545965830485,0.022464561400922862,2025,8,0,23.0609130859375,21.821290969848636,186942.85714285713
2025-08-19,22.795278549194336,23.523310523878592,22.657543328078887,23.16913209643698,148100,2025-08-19,-0.017804257946214652,0.8657671957997053,22.75733130318778,22.040120315551757,0.024174750732271665,2025,8,1,23.20848846435547,21.693389892578125,178957.14285714287
2025-08-20,22.44110107421875,23.01172085570365,22.382071959307,22.92317624508516,228500,2025-08-20,-0.015537317265557293,0.6296488963966489,22.88382339477539,22.040871747334798,0.025267281799937185,2025,8,2,22.795278549194336,21.55565643310547,189942.85714285713
2025-08-21,22.254173278808597,22.34271600515851,21.75242115481738,22.293525393130608,179500,2025-08-21,-0.008329706942272197,0.5902948503411309,22.840253829956055,22.00516274770101,0.01809740241415569,2025,8,3,22.44110107421875,22.559160232543945,190957.14285714287
2025-08-22,23.690561294555664,23.89716600321108,22.441100173953902,22.441100173953902,329200,2025-08-22,0.0645446585569125,1.4560658292571773,22.902094432285853,22.010019810994468,0.029247123915816717,2025,8,4,22.254173278808597,23.25767707824707,212400.0
2025-08-25,23.415088653564453,24.477622047264823,23.38557503594882,23.592177865264787,286600,2025-08-25,-0.011627949104545565,1.092047011316005,22.98080062866211,22.024059613545734,0.028709978712088108,2025,8,0,23.690561294555664,22.864145278930664,231600.0
2025-08-26,23.051074981689453,23.66104688443356,22.893662756690865,23.33638393581125,169000,2025-08-26,-0.015546115466856691,0.7673841277426945,22.979395185198104,22.061720848083496,0.029470353639108205,2025,8,1,23.415088653564453,23.0609130859375,213385.7142857143
2025-08-27,22.53948402404785,23.06091318550331,22.327960997566034,22.824794851023967,168300,2025-08-27,-0.02219380042136787,0.7329521879372756,22.883823122297013,22.082004102071128,0.030449337088475914,2025,8,2,23.051074981689453,23.20848846435547,215600.0
2025-08-28,22.59851455688477,22.65754555158583,22.16563185475463,22.549323937802377,120100,2025-08-28,0.002618983326057256,0.491913696831201,22.855713980538503,22.098729133605957,0.029854799252675396,2025,8,3,22.53948402404785,22.795278549194336,211600.0
2025-08-29,23.031396865844727,23.031396865844727,22.5099677230482,22.726410929285304,127500,2025-08-29,0.01915534350146375,0.5214291427965279,22.940041950770787,22.150216102600098,0.02989317769261997,2025,8,4,22.59851455688477,22.44110107421875,197171.42857142858
2025-09-02,23.178970336914062,23.454442652584262,22.6575430762012,23.016639810475677,213800,2025-09-02,0.006407491127391696,0.796899576383062,23.072155816214426,22.199407450358073,0.029387479775056173,2025,9,1,23.031396865844727,22.254173278808597,202071.42857142858
2025-09-03,23.464282989501957,23.54594084079827,22.83463220098225,23.08058904180197,279200,2025-09-03,0.012309116774420037,0.7113086398160213,23.039830344063894,22.233513514200848,0.015408629146215895,2025,9,2,23.178970336914062,23.690561294555664,194928.57142857142
2025-09-04,23.48395729064941,23.63153100289616,23.177002918335305,23.41508780686614,211600,2025-09-04,0.0008384786850830217,0.4545280845608559,23.04966872079032,22.273850377400716,0.014716574808745757,2025,9,3,23.464282989501957,23.415088653564453,184214.2857142857
2025-09-05,23.454442977905277,24.079173538473206,23.2675152655184,23.592178199399992,209400,2025-09-05,-0.0012567861701863192,0.811658272954805,23.10729272024972,22.33812713623047,0.013009863285553213,2025,9,4,23.48395729064941,23.051074981689453,189985.7142857143
2025-09-08,24.18247413635254,24.19231263419807,23.33638208665255,23.55282528625111,318800,2025-09-08,0.03104022377052762,0.8559305475455226,23.342005593436106,22.4197847366333,0.011616802962529888,2025,9,0,23.454442977905277,22.53948402404785,211485.7142857143
2025-09-09,24.05458068847656,24.241506543456435,23.55282848913206,24.2218314215914,569700,2025-09-09,-0.005288683331360344,0.6886780543243738,23.55001504080636,22.505049832661946,0.012796785867639063,2025,9,1,24.18247413635254,22.59851455688477,275714.28571428574
2025-09-10,23.65121078491211,23.791897753006804,21.644202057080182,21.654040555922705,825300,2025-09-10,-0.01676894346188651,2.147695695926622,23.638559886387416,22.582772254943848,0.015062065664141916,2025,9,2,24.05458068847656,23.031396865844727,375400.0
2025-09-11,24.60552215576172,24.841640493689848,22.70771836410566,22.903501297049527,611300,2025-09-11,0.040349366445898704,2.133922129584189,23.842353003365652,22.700831540425618,0.020490120732904904,2025,9,3,23.65121078491211,23.178970336914062,432185.71428571426
2025-09-12,26.54366111755371,27.665225558416328,24.821963276788345,25.018729494905077,913700,2025-09-12,0.07876845488272433,2.8432622816279824,24.282264164515905,22.887758763631187,0.03361181920032631,2025,9,4,24.60552215576172,23.464282989501957,522828.5714285714
2025-09-15,26.66172218322754,27.24218048340957,26.05174838631528,27.24218048340957,675600,2025-09-15,0.00444780639531861,1.1904320970942912,24.73623057774135,23.101905250549315,0.03332685300703597,2025,9,0,26.54366111755371,23.48395729064941,589114.2857142857
2025-09-16,27.24217987060547,27.547165823950134,26.72075069911149,26.91751691988327,441200,2025-09-16,0.02177120005185129,0.8264151248386433,25.27733584812709,23.32293847401937,0.03213747255514703,2025,9,1,26.66172218322754,23.454442977905277,622228.5714285715
2025-09-17,26.11077880859375,27.13887658943267,25.835306474643005,27.05525216527901,550500,2025-09-17,-0.04153122354325656,1.3035701147896646,25.55280794416155,23.479695065816244,0.03959301954933005,2025,9,2,27.24217987060547,24.18247413635254,655328.5714285715
2025-09-18,26.71091079711914,26.784698595157423,25.68773138176497,26.189483529521,363600,2025-09-18,0.02298407079025422,1.0969672133924533,25.932283673967635,23.63940296173096,0.03901152274484779,2025,9,3,26.11077880859375,24.05458068847656,625885.7142857143
2025-09-19,26.39608764648437,26.82897220461003,26.13045381241852,26.7109120973024,941100,2025-09-19,-0.011786312830213364,0.6985183921915095,26.32440893990653,23.79189618428548,0.038360005239627966,2025,9,4,26.71091079711914,23.65121078491211,642428.5714285715
2025-09-22,26.66172218322754,26.73550811030043,25.81759849236153,26.464955958029574,321300,2025-09-22,0.010063405619072707,0.9179096179388999,26.618151800973074,23.95750726064046,0.03689228872363285,2025,9,0,26.39608764648437,24.60552215576172,601000.0
2025-09-23,26.602693557739254,27.41336674258811,26.455117947863503,26.710913294745826,395800,2025-09-23,-0.00221398396857575,0.9582487947246072,26.626585006713867,24.12574183146159,0.02232329258508023,2025,9,1,26.66172218322754,26.54366111755371,527014.2857142857
2025-09-24,26.27802848815918,26.90767928903564,25.77627817436176,26.760105556948066,376600,2025-09-24,-0.012204217925354532,1.1314011146738814,26.5717716217041,24.249704106648764,0.02272037767469666,2025,9,2,26.602693557739254,26.66172218322754,484300.0
2025-09-25,25.36306953430176,26.15996915533575,25.136787819661016,26.032070550125542,293800,2025-09-25,-0.03481840177887385,1.0231813356747352,26.303327287946427,24.31988385518392,0.022982954056846795,2025,9,3,26.27802848815918,27.24217987060547,463242.85714285716
2025-09-26,26.218997955322266,26.563337895940357,25.33355373409126,25.549995071036086,392300,2025-09-26,0.03374703601482154,1.2297841618490963,26.3187871660505,24.431712277730306,0.023340687848173294,2025,9,4,25.36306953430176,26.11077880859375,440642.85714285716
2025-09-29,26.34689712524414,26.632206081144112,25.923851064235656,26.632206081144112,331300,2025-09-29,0.004878110526566282,0.708355016908456,26.2667852129255,24.54124507904053,0.021398129495886216,2025,9,0,26.218997955322266,26.71091079711914,436028.5714285714
2025-09-30,25.45161437988281,26.386249236838776,25.235171161839016,26.20916001353085,252200,2025-09-30,-0.03398057619861128,1.1510780749997593,26.13186046055385,24.61601594289144,0.024544034704167123,2025,9,1,26.34689712524414,26.39608764648437,337614.28571428574
2025-10-01,26.10093879699707,26.150129411118343,25.37290682429269,25.38274344591563,267100,2025-10-01,0.02551211123281405,0.7772225868256513,26.051748548235214,24.726204617818198,0.026715679975023027,2025,10,2,25.45161437988281,26.66172218322754,329871.4285714286
2025-10-02,26.01239585876465,26.15996958709522,25.254848343098818,26.15996958709522,248500,2025-10-02,-0.0033923277212775105,0.9051212439964011,25.967420305524552,24.84524777730306,0.02671563061413028,2025,10,3,26.10093879699707,26.602693557739254,308828.5714285714
2025-10-03,26.25835227966309,26.76010444919188,25.82349927350376,25.94352783050817,300600,2025-10-03,0.009455354371580071,0.9366051756881184,25.96460941859654,24.978720410664877,0.026711913614569403,2025,10,4,26.01239585876465,26.27802848815918,297971.4285714286
2025-10-06,25.34339141845703,26.691233765705757,25.33355292029808,26.691233765705757,271800,2025-10-06,-0.034844564939236045,1.3576808454076783,25.96179825919015,25.033814748128254,0.02671763136434336,2025,10,0,26.25835227966309,25.36306953430176,294828.5714285714
2025-10-07,25.166303634643555,25.58147964863572,24.99905290944081,25.343392858564314,178700,2025-10-07,-0.00698753299783339,0.5824267391949114,25.81141335623605,25.092188580830893,0.022255767336606752,2025,10,1,25.34339141845703,26.218997955322266,264314.28571428574
2025-10-08,26.78961563110352,26.81913112421455,25.25484564285948,25.36306724109837,447900,2025-10-08,0.06450339390427362,1.5642854813550713,25.874658857073104,25.216806602478027,0.03481245945411798,2025,10,2,25.166303634643555,26.34689712524414,280971.4285714286
2025-10-09,26.82897186279297,28.521154202631298,26.691234759938627,27.311047031528854,765600,2025-10-09,0.0014690853437910878,1.8299194426926704,26.071424211774552,25.3597895304362,0.03091422252215353,2025,10,3,26.78961563110352,25.45161437988281,354314.28571428574
2025-10-10,26.03206825256348,26.691232588118645,25.44177340108255,26.68139596689532,485600,2025-10-10,-0.029703099108864928,1.249459187036095,26.061585562569753,25.474241320292155,0.03268273068973967,2025,10,4,26.82897186279297,26.10093879699707,385528.5714285714
2025-10-13,27.055252075195312,27.65046717048919,26.12061534381514,26.37641067952447,382700,2025-10-13,0.03930474569691844,1.5298518266740508,26.21056502205985,25.608369827270508,0.03576726345970414,2025,10,0,26.03206825256348,26.01239585876465,404700.0
2025-10-14,27.261852264404297,27.409427853471616,26.32820078730679,26.415762103326568,386500,2025-10-14,0.007636232278848354,1.081227066164825,26.353922162737167,25.744465891520182,0.035746025861753045,2025,10,1,27.055252075195312,26.25835227966309,416971.4285714286
2025-10-15,27.49797248840332,28.442445751127668,27.320883282517112,27.74392930180048,346000,2025-10-15,0.008661195200860394,1.1215624686105556,26.661719458443777,25.87892220815023,0.030937595795602135,2025,10,2,27.261852264404297,25.34339141845703,427571.4285714286
2025-10-16,29.21967315673828,29.308217768695204,27.655387514168357,27.655387514168357,799200,2025-10-16,0.06261191326237059,1.6528302545268474,27.240772247314453,26.07011273701986,0.03472332855378991,2025,10,3,27.49797248840332,25.166303634643555,516214.28571428574
2025-10-17,27.025733947753903,29.00322695024832,26.96670483803064,28.708079525130408,446600,2025-10-17,-0.07508431724118858,2.0365221122176784,27.274503435407365,26.189155769348144,0.04488658377745246,2025,10,4,29.21967315673828,26.78961563110352,516028.5714285714
2025-10-20,28.098108291625977,28.10794679020151,27.084767332868672,27.153634946395663,272300,2025-10-20,0.03967974915853123,1.0231794573328372,27.455808639526367,26.31967690785726,0.04706370775221562,2025,10,0,27.025733947753903,26.82897186279297,445557.14285714284
2025-10-21,26.681398391723636,27.842313081242192,26.15996922392588,27.842313081242192,362300,2025-10-21,-0.050420116728091546,1.6823438573163116,27.54857008797782,26.407237497965493,0.050337032097719225,2025,10,1,28.098108291625977,26.03206825256348,427942.85714285716
2025-10-22,26.54366111755371,26.715832027531285,26.012395331041294,26.29770428315866,230400,2025-10-22,-0.005162295924214022,0.703436696489991,27.47548566545759,26.50365250905355,0.04798214286424757,2025,10,2,26.681398391723636,27.055252075195312,406185.71428571426
2025-10-23,26.88800048828125,27.10936200982205,26.57317604720176,26.93719110351179,160600,2025-10-23,0.012972565058096741,0.5361859626202907,27.42207826886858,26.57973512013753,0.048197575860729355,2025,10,3,26.54366111755371,27.261852264404297,373914.28571428574
2025-10-24,27.57668113708496,27.59635625783022,26.779779637097143,26.907678242700904,181200,2025-10-24,0.02561293648829932,0.8165766207330769,27.43332236153739,26.614169120788574,0.049177642312487606,2025,10,4,26.88800048828125,27.49797248840332,350371.4285714286
2025-10-27,27.320884704589844,28.221085712698784,27.084766376618617,27.891504466312387,328300,2025-10-27,-0.009275823701319963,1.1363193360801667,27.162066868373326,26.636141204833983,0.041125588424326176,2025,10,0,27.57668113708496,29.21967315673828,283100.0
2025-10-28,27.07493019104004,27.861991351505576,27.055253192902946,27.114282310812406,205300,2025-10-28,-0.009002435909715834,0.8067381586026308,27.16909490312849,26.630566215515138,0.029245920535232384,2025,10,1,27.320884704589844,27.025733947753903,248628.57142857142
2025-10-29,26.681398391723636,27.3897534037776,26.445278177870573,27.271693296851065,230600,2025-10-29,-0.014534914643903107,0.944475225907027,26.96670777457101,26.649586868286132,0.02386441209484852,2025,10,2,27.07493019104004,28.098108291625977,242671.42857142858
2025-10-30,26.37641143798828,26.656802090164724,26.12061609492346,26.45511755304655,177900,2025-10-30,-0.011430695994928075,0.5361859952412651,26.923138209751674,26.63843688964844,0.014962407827320303,2025,10,3,26.681398391723636,26.681398391723636,216328.57142857142
2025-10-31,26.150129318237305,26.405924639063,25.86482037964433,26.346895527026803,112800,2025-10-31,-0.008578957766221196,0.5411042594186704,26.866919381277903,26.63023827870687,0.015154539673157457,2025,10,4,26.37641143798828,26.54366111755371,199528.57142857142
2025-11-03,25.923851013183597,26.45511680569327,25.69265098576176,26.041909244184968,173100,2025-11-03,-0.008653047267949798,0.76246581993151,26.729183741978236,26.605642573038736,0.013722061329431214,2025,11,0,26.150129318237305,26.88800048828125,201314.2857142857
2025-11-04,24.330047607421875,25.579508673770263,24.172635396472646,25.579508673770263,315800,2025-11-04,-0.06148019462660825,1.406873277297617,26.265378952026367,26.52988770802816,0.019483134697551502,2025,11,1,25.923851013183597,27.57668113708496,220542.85714285713
2025-11-05,24.43827247619629,24.743258441157565,23.72991743214053,24.56616921101817,507700,2025-11-05,0.004448197986320457,1.013341009017033,25.853577205113,26.468562507629393,0.021081282755424514,2025,11,2,24.330047607421875,27.320884704589844,246171.42857142858
2025-11-06,24.585845947265625,24.8809952865214,23.720078680419324,24.694067559309588,412600,2025-11-06,0.00603862123286647,1.1609166061020773,25.49799374171666,26.44265505472819,0.022579650281294533,2025,11,3,24.43827247619629,27.07493019104004,275785.71428571426
2025-11-07,24.88099479675293,26.43544194809581,22.628029245106283,23.90700406053332,565200,2025-11-07,0.012004827904655846,3.8074127029895273,25.240793228149414,26.398054949442546,0.024513612304318352,2025,11,4,24.585845947265625,26.681398391723636,323585.71428571426
2025-11-10,26.671558380126957,27.03557342587288,25.48112638577834,25.62870010368889,353700,2025-11-10,0.0719651122473488,1.5544470400945407,25.28295707702637,26.408876991271978,0.03931119377753638,2025,11,0,24.88099479675293,26.37641143798828,348700.0
2025-11-11,25.5893497467041,26.474793991525683,24.99118290960013,26.474793991525683,288400,2025-11-11,-0.040575380635771596,1.4836110819255524,25.202845709664484,26.41346817016602,0.04251012407343859,2025,11,1,26.671558380126957,26.150129318237305,373785.71428571426
2025-11-12,25.86482048034668,26.07142331152857,25.50572186643248,25.66805427079109,260100,2025-11-12,0.010765054070123847,0.5657014450960887,25.194412776402064,26.405597559611007,0.042661408727482884,2025,11,2,25.5893497467041,25.923851013183597,386214.28571428574
2025-11-13,25.018728256225582,26.159967761195624,24.871154538195288,25.746760224809808,492400,2025-11-13,-0.032712085698178295,1.2888132230003357,25.292795726231166,26.372475306193035,0.03666512208280967,2025,11,3,25.86482048034668,24.330047607421875,411442.85714285716
2025-11-14,24.83180046081543,24.989212676375143,24.103768494726346,24.44810841995133,486500,2025-11-14,-0.007471514678754176,0.885444181648797,25.349014009748185,26.32492357889811,0.0369469973797049,2025,11,4,25.018728256225582,24.43827247619629,408414.28571428574
2025-11-17,24.96953773498535,25.53032091012661,24.497301049447035,24.82196400531735,384400,2025-11-17,0.005546809800895058,1.0330198606795733,25.403827122279576,26.312461789449056,0.036940410794944284,2025,11,0,24.83180046081543,24.585845947265625,404385.71428571426
2025-11-18,25.20565795898437,25.304039194446972,24.37924282088641,24.684228779124396,320100,2025-11-18,0.009456331410901075,0.9247963735605609,25.450207574026923,26.313773600260415,0.03684688489776241,2025,11,1,24.96953773498535,24.88099479675293,369371.4285714286
2025-11-19,25.50312614440918,26.078235460619112,24.82886154951172,25.493210238287283,616500,2025-11-19,0.011801643341699641,1.2493739111073907,25.283288683210095,26.270890617370604,0.021913269786017212,2025,11,2,25.20565795898437,26.671558380126957,406914.28571428574
2025-11-20,25.64194679260254,27.079719129294254,25.59236726227584,25.74110207072454,541200,2025-11-20,0.005443279675099388,1.4873518670184147,25.290802546909873,26.231323115030925,0.015967384019455924,2025,11,3,25.50312614440918,25.5893497467041,443028.5714285714
2025-11-21,26.217056274414062,26.871490948816565,25.26812505089758,25.58245152100428,307100,2025-11-21,0.02242846405006338,1.6033658979189838,25.341121946062355,26.237489382425945,0.017738992084919906,2025,11,4,25.64194679260254,25.86482048034668,449742.85714285716
2025-11-24,25.8204288482666,26.2567173595892,25.61219860722411,26.217055627316988,242900,2025-11-24,-0.015128602616402032,0.6445187523650908,25.45565060206822,26.196328608194985,0.012448871215145929,2025,11,0,26.217056274414062,25.018728256225582,414100.0
2025-11-25,26.34596061706543,26.375708336972306,25.81051489760228,26.04849098305988,181700,2025-11-25,0.020353332312453398,0.5651934393700273,25.67195919581822,26.165798886617026,0.012400750973158415,2025,11,1,25.8204288482666,24.83180046081543,370557.14285714284
2025-11-26,27.040058135986328,27.1392153080865,26.276550369460487,26.34595982255088,195600,2025-11-26,0.026345500511805175,0.8626649386260112,25.967747824532644,26.15053507486979,0.013953672766362682,2025,11,2,26.34596061706543,24.96953773498535,343585.71428571426
2025-11-28,28.467914581298828,28.50757820661124,26.99047858119504,27.2086247378818,258800,2025-11-28,0.05280522838123014,1.5170996254162006,26.43378448486328,26.125476455688478,0.02081366567331738,2025,11,4,27.040058135986328,25.20565795898437,334828.5714285714
2025-12-01,29.00336265563965,29.22150692467254,28.259686690110428,28.38858969197855,383200,2025-12-01,0.01880882678679141,0.9618202345621114,26.93381827218192,26.191397412618002,0.020649368784024402,2025,12,0,28.467914581298828,25.50312614440918,301500.0
2025-12-02,29.52889442443848,29.945353041805184,28.586904109288653,29.875941696189244,223900,2025-12-02,0.01811968408761877,1.3584489325165308,27.48909650530134,26.23909028371175,0.01983033752936698,2025,12,1,29.00336265563965,25.64194679260254,256171.42857142858
2025-12-03,31.11540031433105,32.22595721035242,29.52889316468012,29.895772233812256,361400,2025-12-03,0.053727236349883745,2.697064045672299,28.188859939575195,26.386890347798666,0.023515104037974965,2025,12,2,29.52889442443848,26.217056274414062,263928.5714285714
2025-12-04,30.500629425048828,30.7881831381917,30.04649113644153,30.73860549873229,277700,2025-12-04,-0.019757768920590557,0.7416920017501702,28.857460021972656,26.518789291381836,0.02485857933785969,2025,12,3,31.11540031433105,25.8204288482666,268900.0
2025-12-05,30.629533767700195,31.318673199288963,30.48575785044675,30.609703845804894,303300,2025-12-05,0.0042262846728502446,0.8329153488422136,29.469399043491908,26.643507067362467,0.026010603137948576,2025,12,4,30.500629425048828,26.34596061706543,286271.4285714286
2025-12-08,30.074254989624023,31.16696212822564,29.67762819919567,30.837762743239683,403900,2025-12-08,-0.018128868114268504,1.4893339290299714,29.902855736868723,26.72675952911377,0.02992122652347431,2025,12,0,30.629533767700195,27.040058135986328,316028.5714285714
2025-12-09,30.817930221557617,31.204641096916024,29.895771772996177,30.14366374771632,398500,2025-12-09,0.024727968562817892,1.308869323919847,30.23857225690569,26.843327713012695,0.02570009365797388,2025,12,1,30.074254989624023,28.467914581298828,335985.71428571426
2025-12-10,31.10548591613769,31.343461985652358,30.302314553851826,30.758436772204185,498200,2025-12-10,0.009330791929009097,1.0411474318005318,30.538875579833984,26.97767957051595,0.025510569615918566,2025,12,2,30.817930221557617,29.00336265563965,352414.28571428574
2025-12-11,31.11540031433105,31.750005065457135,30.510545172751275,30.510545172751275,523800,2025-12-11,0.0003187347151589748,1.2394598927058595,30.765519278390066,27.125479634602865,0.025490797763475674,2025,12,3,31.10548591613769,29.52889442443848,395257.14285714284
2025-12-12,31.452533721923828,32.16646194302281,30.768353219261947,31.73017342020629,963200,2025-12-12,0.010834937175386417,1.3981087237608634,30.813681193760463,27.29468371073405,0.015988829287735443,2025,12,4,31.11540031433105,31.11540031433105,481228.5714285714
2025-12-15,31.482282638549805,32.22595860638957,30.391557507465,32.126803323690226,887300,2025-12-15,0.0009458352986437824,1.8344010989245696,30.953917367117747,27.472422154744468,0.013005209022834368,2025,12,0,31.452533721923828,30.500629425048828,568314.2857142857
2025-12-16,31.888824462890625,32.354862600187204,31.174896234473337,31.48228176307812,818900,2025-12-16,0.012913352853360482,1.1799663657138666,31.133816037859237,27.671254603068032,0.013372023016309674,2025,12,1,31.482282638549805,30.629533767700195,641971.4285714285
2025-12-17,32.42427062988281,32.48376228222494,31.03607407641992,32.285451731042784,786700,2025-12-17,0.016791028707103806,1.4476882058050187,31.469532557896205,27.941062037150065,0.008597077172770633,2025,12,2,31.888824462890625,30.074254989624023,696657.1428571428
2025-12-18,32.354862213134766,33.37617595793914,32.26760299570827,32.72174128356902,864900,2025-12-18,-0.002140631551603156,1.1085729622308662,31.689094270978654,28.20494836171468,0.007255051980148163,2025,12,3,32.42427062988281,30.817930221557617,763285.7142857143
2025-12-19,32.88039016723633,34.12976400959803,32.30528277393688,32.374692221705246,1277500,2025-12-19,0.016242626862067677,1.8244812356611462,31.942652021135604,28.481433169047037,0.008051865283277435,2025,12,4,32.354862213134766,31.10548591613769,874614.2857142857
2025-12-22,33.445587158203125,33.85212987440746,32.920057344764544,33.04896223991176,1109800,2025-12-22,0.017189485528976034,0.932072529642916,32.27553585597447,28.766919581095376,0.007897608869864039,2025,12,0,32.88039016723633,31.11540031433105,958328.5714285715
2025-12-23,33.455501556396484,34.417319816975905,33.415837933838446,33.415837933838446,1242000,2025-12-23,0.00029643367139775556,1.0014818831374583,32.56167411804199,28.993051020304357,0.008757760012883614,2025,12,1,33.445587158203125,31.452533721923828,998157.1428571428
2025-12-24,34.49665069580078,34.86352978677981,33.118371818243254,33.56457438016267,632900,2025-12-24,0.03112041640294083,1.745157968536553,32.9922981262207,29.289961051940914,0.01126298900630102,2025,12,2,33.455501556396484,31.482282638549805,961814.2857142857
2025-12-26,34.298336029052734,35.40889108972075,33.475332803245784,35.20066272507017,519400,2025-12-26,-0.00574880931186128,1.9335582864749625,33.336514064243865,29.571078236897783,0.013356763347457504,2025,12,4,34.49665069580078,31.888824462890625,919028.5714285715
2025-12-29,33.13819885253906,33.765864568292805,32.483764161201734,33.46541808947349,543700,2025-12-29,-0.03382488221967872,1.2821004070910718,33.438503810337615,29.841727256774902,0.020949003587796326,2025,12,0,34.298336029052734,32.42427062988281,884314.2857142857
2025-12-30,33.167945861816406,33.60423436098219,32.860558461759986,33.48524727621538,478900,2025-12-30,0.0008976652415453312,0.7436758992222039,33.554658617292134,30.1195987701416,0.02084860678394853,2025,12,1,33.13819885253906,32.354862213134766,829171.4285714285
2025-12-31,33.76288604736328,34.07027345633446,33.26710210016989,33.85212730915934,401800,2025-12-31,0.0179372032270404,0.8031713561645688,33.68072945731027,30.4127103805542,0.02102706400116394,2025,12,2,33.167945861816406,32.88039016723633,704071.4285714285
